Date,Category,Assets,Nonfinancial assets,Real estate,Consumer durables,Financial assets,Deposits,Money market fund shares,Debt securities,U.S. government and municipal securities,Corporate and foreign bonds,Loans (Assets),Other loans and advances (Assets),Mortgages,Corporate equities and mutual fund shares,Life insurance reserves,Annuities,DC pension entitlements,DB pension entitlements,Miscellaneous other equity,Miscellaneous assets,Liabilities,Loans (Liabilities),Home mortgages,Consumer credit,Depository institutions loans n.e.c.,Other loans and advances (Liabilities),Deferred and unpaid life insurance premiums,Net worth,Household count
1989:Q3,age70plus,16.8,13.3,14.6,8.5,18.9,32.3,16.6,34.8,35.6,30.8,16,15.8,16.2,22.6,9.8,2.7,2.1,13.6,11.5,12,3.3,3.3,1.9,4.7,8.1,17.5,9.7,18.9,13621435
1989:Q3,age55to69,34,26.9,27.6,24.4,38.2,33.2,46.9,34.1,35.7,25.9,64.6,65.8,62.9,36.1,27.8,40.3,27.8,48.8,34.2,25.5,13.6,13.5,13.2,11.6,24.4,28.8,27.5,37.1,19197157
1989:Q3,age40to54,33,35.8,35.9,35.5,31.3,22.2,26.4,23,19.9,38.3,15.7,16.3,14.9,30.8,36.3,47.8,52.9,31.4,38,35.7,39.4,39.4,39.5,38.3,35.8,45,36.5,32,24579466
1989:Q3,ageunder40,16.2,24,22,31.6,11.6,12.3,10.1,8.2,8.8,5,3.8,2.1,6.1,10.6,26.1,9.2,17.1,6.2,16.3,26.7,43.7,43.8,45.4,45.4,31.8,8.7,26.3,12,35622043
1989:Q4,age70plus,17,13.7,15,8.9,18.9,32.4,17.4,34.6,35.3,30.9,17.7,17.3,18.2,22.2,9.9,2.7,2,13.6,11.8,12.2,3.2,3.1,1.8,4.6,8.1,16.8,10.6,19.1,13724617
1989:Q4,age55to69,34,27,27.8,24.3,38.2,33,45.7,33.9,35.4,26.6,63,64,61.4,36.7,28.7,40.1,28.1,48.5,34.4,25.7,14,13.9,13.6,12.3,24.9,29.1,28.2,37.1,19250073
1989:Q4,age40to54,32.8,35.2,35.3,35,31.4,22.3,26.6,23.5,20.6,37.4,15.6,16.4,14.4,30.6,35.8,48.3,52.8,31.8,37.7,35.4,39.3,39.3,39.6,37.6,35,45.3,35.8,31.8,24596086
1989:Q4,ageunder40,16.2,24.1,21.9,31.8,11.5,12.4,10.3,8,8.7,5,3.8,2.3,6,10.5,25.6,9,17.1,6.1,16.1,26.7,43.5,43.6,45.1,45.5,32,8.8,25.3,11.9,35691463
1990:Q1,age70plus,16.9,13.7,15,9.3,18.9,32.6,18.2,34.3,35,30.5,20.4,20.5,20.2,21.2,9.8,2.6,1.7,13.6,12,12.7,3.1,3,1.7,4.4,8.1,16.5,10.1,19.1,13824828
1990:Q1,age55to69,34,27.1,27.8,24.4,38.2,32.7,44.6,33.7,35,27.1,60.3,60.6,60,37.3,29.5,39.9,27.9,48.1,34.6,25.8,14.4,14.3,13.9,12.5,25.3,30.1,28.9,37.1,19289216
1990:Q1,age40to54,32.9,35.2,35.3,34.7,31.5,22.4,26.8,23.9,21.3,36.5,15.3,16.1,13.9,31.2,35.4,48.7,53.1,32.2,37.5,35,39.3,39.3,39.7,37.2,34.3,44.5,35.6,31.9,24635411
1990:Q1,ageunder40,16.1,24,21.9,31.5,11.4,12.3,10.5,8.2,8.7,5.8,4,2.9,5.9,10.4,25.3,8.7,17.3,6,15.9,26.6,43.3,43.4,44.6,46,32.3,8.8,25.4,11.8,35754314
1990:Q2,age70plus,17.1,14.1,15.3,9.7,18.9,32.8,18.5,34,34.7,30.6,21.4,20.9,22.2,20.8,9.8,2.7,1.4,13.7,12.3,12.6,3,3,1.8,4.2,8.1,16,10,19.3,13922138
1990:Q2,age55to69,34.1,27.2,28.1,24.2,38.1,32.5,43.3,33.8,35,27.8,59.3,59.8,58.5,37.9,30.2,40.1,27.8,47.8,34.7,25.9,14.7,14.6,14.2,12.8,25.9,30.6,29.5,37.2,19315451
1990:Q2,age40to54,32.8,34.7,34.8,34.3,31.7,22.4,27.3,24.3,22,35.7,15.4,16.5,13.6,31,35,48.8,53.4,32.6,37.2,34.9,39.4,39.4,40,36.7,33.4,44.5,35.3,31.8,24696454
1990:Q2,ageunder40,16,24,21.8,31.8,11.3,12.2,10.9,7.9,8.2,5.9,4,2.9,5.7,10.2,25,8.4,17.4,6,15.7,26.6,42.9,43,44,46.2,32.5,8.9,25.1,11.7,35810795
1990:Q3,age70plus,17,14,15.2,9.9,18.7,33,19.3,33.6,34.3,30.4,22.6,21.7,24.2,18.6,9.6,2.6,1,13.7,12.6,12.7,2.9,2.8,1.7,4.1,8.2,14.8,9.9,19.2,14016614
1990:Q3,age55to69,34,27.2,28,24.4,38.1,32.2,42.2,34.1,35.3,28.4,57.9,58.5,57,38.5,30.9,39.6,27.3,47.4,34.9,26,14.9,14.8,14.5,13.3,26.6,30,30.2,37.1,19329642
1990:Q3,age40to54,33.1,34.9,35,34.4,32,22.6,27.5,24.7,22.8,34.8,15.5,16.8,13.2,32.8,34.8,49.5,54.2,33.1,36.9,34.7,39.5,39.5,40.2,36.2,32.4,46.2,35.1,32,24778227
1990:Q3,ageunder40,16,23.9,21.8,31.3,11.2,12.2,11,7.5,7.7,6.4,3.9,3,5.6,10.1,24.7,8.3,17.6,5.9,15.6,26.6,42.8,42.9,43.6,46.3,32.8,9,24.9,11.6,35861104
1990:Q4,age70plus,17.1,14.1,15.3,10.2,18.9,33.1,19.8,33.4,33.8,31.5,24.7,23.9,26.2,18.9,9.5,2.6,0.9,13.7,12.9,12.9,2.7,2.6,1.5,4,8.2,14.5,10.5,19.5,14108324
1990:Q4,age55to69,34,27.1,27.9,24.4,38,31.9,41,34.4,35.5,29.6,55.7,55.9,55.4,39.1,31.5,39.4,27.5,46.9,34.9,26,15.2,15.2,14.7,13.8,27.2,30.9,30.8,37,19332656
1990:Q4,age40to54,33.1,34.9,35,34.3,32.1,22.7,27.9,25.4,23.5,34.1,15.5,16.8,12.9,32,34.5,50,54.1,33.6,36.8,34.6,39.4,39.5,40.4,35.7,31.5,45.5,34.7,32.1,24879743
1990:Q4,ageunder40,15.8,23.8,21.8,31.1,11,12.3,11.3,6.8,7.2,4.8,4.1,3.4,5.5,10,24.4,8.1,17.5,5.8,15.4,26.5,42.6,42.7,43.4,46.5,33.1,9.1,24,11.4,35905440
1991:Q1,age70plus,17.3,14.4,15.6,10.6,19,33.2,20.6,33.3,33.7,31.8,25.8,24.7,28,19.6,9.4,2.6,0.9,13.7,13,12.8,2.5,2.4,1.3,3.7,8.2,13.9,10.3,19.7,14197338
1991:Q1,age55to69,34,27.1,28,24.2,37.9,31.6,40.3,33.4,34.1,30.5,54.4,54.6,53.8,39.5,32.1,38.9,27.9,46.5,35,26,15.4,15.4,14.9,13.9,27.7,31.4,31.4,36.9,19325357
1991:Q1,age40to54,33.1,34.6,34.7,34,32.2,22.9,27.8,26.1,24.4,33.3,15.7,17.2,12.9,30.9,34.3,50.6,53.8,34.1,36.9,34.6,39.6,39.6,40.6,35.3,30.7,45.5,34.5,32,25000014
1991:Q1,ageunder40,15.6,23.8,21.7,31.2,10.9,12.3,11.2,7.1,7.8,4.4,4.1,3.4,5.3,9.9,24.1,7.9,17.3,5.7,15.1,26.5,42.5,42.6,43.1,47,33.4,9.1,23.9,11.3,35944001
1991:Q2,age70plus,17.3,14.6,15.7,10.8,18.9,33.6,21,33.1,33.3,32.1,26.5,24.7,30,18.9,9.4,2.5,0.7,13.7,13.2,12.7,2.4,2.3,1.4,3.5,8.3,13.4,9.9,19.8,14283725
1991:Q2,age55to69,33.9,27.2,28,24.2,37.8,31.4,38.9,33.5,34.1,31.4,53.4,54.1,52.2,40.1,32.7,38.6,27.8,46.1,35.1,26.1,15.6,15.6,15.1,14.2,28.6,31.8,32,36.9,19308610
1991:Q2,age40to54,33.3,34.5,34.7,34,32.6,22.9,28.5,26.6,25.2,32.4,16.1,18,12.7,31.2,34.1,51.2,54.1,34.6,36.9,34.7,39.7,39.8,40.9,35,29.4,45.7,34.3,32.2,25138052
1991:Q2,ageunder40,15.5,23.7,21.6,31.1,10.8,12,11.7,6.8,7.4,4.1,4,3.3,5.2,9.8,23.8,7.7,17.4,5.6,14.9,26.5,42.2,42.3,42.6,47.3,33.8,9.2,23.8,11.2,35976986
1991:Q3,age70plus,17.3,14.5,15.6,10.9,18.9,33.9,21.4,32.5,32.8,31.2,27.9,26,31.8,18.9,9.2,2.5,0.7,13.7,13.3,12.7,2.5,2.5,1.5,3.4,8.3,13.8,9.4,19.7,14367551
1991:Q3,age55to69,33.9,27.1,27.9,24.3,37.7,31.1,37.6,33.7,34.2,31.8,51.6,52.2,50.4,40.5,33.2,38.2,28,45.6,35.1,26.1,15.8,15.7,15.1,14.4,29.3,33.4,32.6,36.8,19283281
1991:Q3,age40to54,33.5,34.8,35,34.2,32.8,23.1,29,27,26.1,31.3,16.5,18.4,12.7,30.9,34,51.8,54,35.1,37,34.7,40,40,41.5,34.7,28.2,43.7,34.2,32.5,25292870
1991:Q3,ageunder40,15.3,23.6,21.5,30.6,10.6,11.9,12,6.7,6.9,5.7,4,3.5,5,9.7,23.6,7.5,17.3,5.6,14.6,26.5,41.7,41.7,41.9,47.4,34.2,9.1,23.8,11.1,36004594
1991:Q4,age70plus,17.5,14.7,15.7,11.2,19.1,34,21.9,32.1,32.4,30.8,30.2,28.7,33.4,20,9.1,2.5,0.7,13.7,13.4,12.8,2.6,2.6,1.6,3.4,8.3,14.3,9.1,19.9,14448887
1991:Q4,age55to69,33.8,27.1,27.9,24.2,37.5,30.8,36.4,33.6,33.9,32.5,48.9,49,48.6,40.6,33.7,37.8,28.3,45.2,35.1,26,16.1,16,15.2,14.8,30.1,34.9,33.2,36.6,19250234
1991:Q4,age40to54,33.5,34.8,34.9,34.2,32.9,23.3,29.5,27.6,27,30.2,16.7,18.3,13.2,29.7,33.8,52.4,53.9,35.6,37.2,34.7,40.1,40.2,41.8,34.4,27,41.8,34.1,32.5,25463479
1991:Q4,ageunder40,15.1,23.5,21.5,30.4,10.5,11.9,12.2,6.7,6.7,6.5,4.2,4,4.8,9.7,23.4,7.3,17.1,5.5,14.3,26.5,41.2,41.2,41.4,47.5,34.7,9,23.6,10.9,36027023
1992:Q1,age70plus,17.5,15,16,11.5,19,34.8,22.5,31.8,32,30.9,30,27.5,35.2,19.2,9,2.4,0.4,13.7,13.5,12.8,2.7,2.7,1.9,3.2,8.3,13.4,9,19.9,14527800
1992:Q1,age55to69,33.8,27.1,28,24,37.5,30.6,35.5,33.7,33.7,33.5,48.4,49.3,46.6,41,34.2,37.3,27.9,44.7,35.1,26,16,15.9,15.2,14.7,31,34.6,33.7,36.6,19210336
1992:Q1,age40to54,33.7,34.5,34.7,34,33.3,23.3,29.8,28.2,28,29.2,17.7,19.7,13.6,30.2,33.7,53.1,54.5,36.1,37.4,34.7,40.7,40.7,42.4,34.3,25.5,42.9,33.9,32.6,25648893
1992:Q1,ageunder40,15,23.4,21.4,30.5,10.2,11.3,12.3,6.4,6.3,6.4,3.9,3.5,4.6,9.6,23.1,7.2,17.2,5.4,14,26.4,40.6,40.7,40.5,47.9,35.2,9.1,23.4,10.8,36044472
1992:Q2,age70plus,17.6,15.2,16.2,11.8,18.9,35.1,22.8,31.5,31.7,30.8,31.1,28.5,36.9,18.6,8.8,2.4,0.2,13.9,13.7,12.9,2.9,2.8,2.1,3,8.3,13.4,8.8,19.9,14604359
1992:Q2,age55to69,33.6,27.1,28,23.8,37.3,30.3,33.9,33.1,32.8,34.4,46.6,47.5,44.6,41.4,34.6,37,27.8,44.3,35.1,26,16.1,16,15.1,14.9,32,35.5,34.3,36.5,19164451
1992:Q2,age40to54,33.9,34.4,34.6,33.9,33.7,23.5,30.5,28.8,28.9,28,18.4,20.4,14,30.5,33.7,53.6,54.8,36.5,37.6,34.7,41,41,43,34.1,23.9,42,33.8,32.8,25848123
1992:Q2,ageunder40,14.8,23.3,21.2,30.5,10.1,11.1,12.7,6.6,6.6,6.8,3.9,3.6,4.4,9.5,22.9,7,17.2,5.4,13.7,26.4,40,40.1,39.7,48,35.8,9.1,23.1,10.8,36057140
1992:Q3,age70plus,17.5,15.1,16,11.9,18.9,35.3,23.3,31,31.2,29.8,32,29,38.8,18.6,8.9,2.4,0.1,14,13.9,13.1,2.8,2.8,2.1,2.9,8.3,12.9,8.8,19.9,14678632
1992:Q3,age55to69,33.5,27,27.9,24,37.1,30,32.5,33.1,32.7,35.2,45,46.1,42.5,41.7,35,36.6,27.8,43.8,35.1,25.9,16.3,16.2,15.2,15.2,33.4,35.7,34.8,36.3,19113443
1992:Q3,age40to54,34.2,34.7,34.8,34.3,34,23.7,31.2,29.3,29.9,26.5,19.3,21.4,14.5,30.4,33.6,54.2,55,36.9,37.6,34.7,41.2,41.3,43.4,33.7,21.8,42.3,33.7,33.1,26060183
1992:Q3,ageunder40,14.7,23.2,21.3,29.8,10,11,13,6.6,6.2,8.5,3.7,3.5,4.2,9.4,22.6,6.8,17.1,5.3,13.4,26.3,39.7,39.8,39.3,48.1,36.5,9.1,22.7,10.7,36065224
1992:Q4,age70plus,17.6,15,15.9,12,19,34.9,23.5,30.8,31.3,28.8,31.3,28.3,38.2,19.9,9.2,2.4,0.3,14.1,13.9,13.2,2.8,2.8,2.2,2.8,8.1,12.4,9.1,20,14750693
1992:Q4,age55to69,33.5,26.9,27.7,24,37,30,32.7,33.3,32.9,35.3,44.6,45.5,42.5,40.8,33.4,37,27.8,43.8,35,25.7,16.2,16.1,15.2,14.8,32,36.6,33.5,36.2,19058289
1992:Q4,age40to54,34.4,35,35.2,34.3,34,24,31.5,29,29.6,26.4,20.5,22.8,15,30.1,34.3,53.8,54.4,36.7,38.2,34.9,41.6,41.6,43.7,34.2,23.9,42.2,34.3,33.2,26283958
1992:Q4,ageunder40,14.6,23.1,21.2,29.7,9.9,11.1,12.4,6.8,6.2,9.5,3.6,3.3,4.2,9.2,23,6.8,17.6,5.4,12.9,26.2,39.4,39.5,38.9,48.1,36,8.8,23.2,10.6,36068966
1993:Q1,age70plus,17.9,15.6,16.6,12.3,19.1,34.9,23.7,31.1,31.4,29.7,31.7,29.3,37.7,20.3,9.6,2.4,0.5,14.1,14.1,13.3,2.9,2.8,2.3,2.5,8,12.6,9.4,20.2,14820630
1993:Q1,age55to69,33.4,26.9,27.8,23.5,36.9,30.2,33.2,33.4,32.8,35.9,43.4,43.8,42.6,40.2,31.9,37.2,27.9,43.8,34.8,25.4,16,16,15.1,14,30.5,38.1,32.1,36.2,19000402
1993:Q1,age40to54,34.3,34.4,34.6,33.7,34.2,24.2,31.4,28.8,29.3,27,21.2,23.4,15.5,30.6,35,53.6,53.7,36.6,38.5,35.2,42,42.1,44.2,34.9,26.1,40.8,35,33,26517839
1993:Q1,ageunder40,14.4,23.1,20.9,30.5,9.8,10.8,11.6,6.7,6.5,7.4,3.7,3.5,4.2,8.9,23.5,6.8,17.8,5.5,12.6,26.2,39.1,39.1,38.4,48.6,35.4,8.5,23.5,10.5,36068776
1993:Q2,age70plus,17.8,15.6,16.5,12.4,19.1,34.6,24,31.2,31.7,29.7,31.9,29.9,37.2,20.5,10,2.4,0.6,14.1,14.4,13.3,2.8,2.8,2.4,2.3,7.8,12,9.7,20.2,14888536
1993:Q2,age55to69,33.3,26.8,27.7,23.6,36.8,30.2,33.5,33.2,32.3,36.2,42.5,42.5,42.6,39.7,30.5,37.3,27.7,43.8,34.6,25.1,15.9,15.9,15.1,13.5,29.2,38.9,30.8,36,18941304
1993:Q2,age40to54,34.5,34.7,35,33.8,34.4,24.5,31.6,28.6,29,27.3,21.8,23.9,16,31.2,35.7,53.5,53.4,36.5,38.8,35.5,42.4,42.4,44.5,35.4,28.1,40.8,35.6,33.3,26760088
1993:Q2,ageunder40,14.4,22.9,20.8,30.2,9.7,10.7,10.9,7,7.1,6.9,3.8,3.7,4.2,8.6,23.9,6.8,18.2,5.6,12.2,26.1,38.8,38.9,38,48.8,34.8,8.2,23.9,10.5,36065106
1993:Q3,age70plus,17.8,15.4,16.3,12.4,19.1,34.3,24.2,31.4,31.9,29.9,30.9,28.8,36.6,20.9,10.4,2.4,0.7,14.1,14.6,13.4,2.8,2.8,2.3,2.2,7.7,12.5,10,20.2,14954504
1993:Q3,age55to69,33.2,26.7,27.6,23.8,36.6,30.3,33.9,33.1,31.9,36.5,42.6,42.6,42.7,39.2,29.1,37.5,27.6,43.8,34.5,24.8,16,15.9,15.1,13.3,27.8,40.4,29.4,35.9,18882520
1993:Q3,age40to54,34.8,35.1,35.4,34,34.6,24.8,31.7,28.4,28.7,27.7,22.9,25.2,16.6,31.5,36.4,53.3,53.1,36.4,39.1,35.7,42.5,42.6,44.7,35.8,30.3,39.1,36.3,33.5,27008970
1993:Q3,ageunder40,14.2,22.7,20.7,29.8,9.7,10.7,10.2,7.1,7.5,5.8,3.6,3.4,4.2,8.4,24.2,6.8,18.6,5.7,11.8,26,38.6,38.7,37.8,48.7,34.2,7.9,24.2,10.3,36058406
1993:Q4,age70plus,17.9,15.5,16.3,12.6,19.2,34,24.5,31.7,31.9,31.2,30.4,28.4,35.9,21.4,10.7,2.4,0.7,14.1,14.9,13.4,2.9,2.9,2.4,2.2,7.5,12.7,10.4,20.3,15018628
1993:Q4,age55to69,33.1,26.7,27.6,23.7,36.5,30.4,34.5,33.6,32.2,37.1,42.4,42.2,42.7,38.6,27.7,37.5,27.4,43.7,34.3,24.6,16,16,15.1,13.1,26.5,41.6,28.1,35.8,18825571
1993:Q4,age40to54,34.9,35.2,35.5,34,34.8,25.1,31.6,28.4,28.4,28.5,23.8,26.1,17.2,31.8,37,53.3,53,36.3,39.4,36,42.8,42.8,45.1,36.3,32.4,38,37,33.7,27262748
1993:Q4,ageunder40,14.1,22.6,20.6,29.7,9.5,10.6,9.4,6.3,7.5,3.2,3.5,3.3,4.2,8.2,24.5,6.8,18.9,5.8,11.5,26,38.3,38.4,37.5,48.4,33.6,7.6,24.6,10.2,36049131
1994:Q1,age70plus,17.9,15.8,16.7,12.9,19.1,33.8,24.8,31.5,31.7,30.9,29.9,28.1,35.3,20.9,10.9,2.4,0.7,14.1,15.2,13.5,2.8,2.8,2.3,2,7.3,12.3,10.7,20.4,15081000
1994:Q1,age55to69,33,26.8,27.8,23.4,36.4,30.5,35.1,34.4,33.3,37.3,42.1,41.9,42.8,38.3,26.4,37.4,27.1,43.7,34.2,24.3,15.9,15.9,15,12.6,24.9,42.4,26.8,35.8,18771981
1994:Q1,age40to54,35,34.9,35.2,33.7,35.1,25.3,31.5,28.3,28.1,28.7,24.6,26.9,17.8,33,37.8,53.4,53,36.3,39.5,36.3,43.2,43.2,45.4,36.8,34.7,37.9,37.6,33.7,27519687
1994:Q1,ageunder40,14,22.5,20.3,30.1,9.4,10.4,8.6,5.8,6.9,3.1,3.4,3.2,4.1,7.9,24.9,6.8,19.3,5.9,11.2,25.9,38.1,38.2,37.2,48.7,33,7.4,24.9,10.1,36037730
1994:Q2,age70plus,17.9,15.9,16.7,13,19,33.6,25,31.3,31.5,30.7,29,27.2,34.5,20.6,11.2,2.3,0.7,14.1,15.5,13.5,2.8,2.8,2.5,2,7.1,11.9,11,20.4,15141714
1994:Q2,age55to69,33,26.8,27.8,23.4,36.4,30.6,35.4,35.4,34.5,37.5,42.2,41.9,42.9,37.9,25.1,37.3,26.9,43.7,34,24.1,15.8,15.8,15,12.3,23.4,43.2,25.5,35.8,18723274
1994:Q2,age40to54,35.3,35,35.3,33.6,35.4,25.6,31.7,28.1,27.8,28.9,25.6,27.9,18.4,34,38.4,53.6,52.8,36.2,39.6,36.6,43.5,43.5,45.8,37.3,37.1,37.7,38.3,33.9,27778050
1994:Q2,ageunder40,13.8,22.3,20.1,30,9.2,10.2,7.9,5.2,6.1,2.9,3.2,2.9,4.1,7.5,25.3,6.8,19.6,6,10.9,25.9,37.8,37.9,36.8,48.4,32.4,7.2,25.2,9.9,36024658
1994:Q3,age70plus,17.8,15.7,16.5,13.1,18.9,33.2,25.2,31.1,31.5,29.9,28.4,26.6,33.8,20.7,11.8,2.3,0.9,14.1,15.8,13.6,2.9,2.8,2.5,2,6.9,11.3,11.4,20.3,15200863
1994:Q3,age55to69,32.9,26.7,27.6,23.5,36.2,30.7,36,35.7,34.9,37.6,42.1,41.8,43.1,37.4,24,37.3,26.9,43.6,33.9,23.8,15.8,15.7,15,12.2,22,43.9,24.3,35.7,18680973
1994:Q3,age40to54,35.6,35.4,35.9,33.8,35.6,25.9,31.6,27.9,27.5,29,26.4,28.8,19.1,34.5,38.9,53.6,52.5,36.1,39.8,36.8,43.8,43.8,46.1,37.7,39.3,37.8,38.9,34.2,28036101
1994:Q3,ageunder40,13.7,22.2,20,29.6,9.2,10.2,7.2,5.3,6,3.5,3.1,2.8,4.1,7.3,25.3,6.8,19.7,6.1,10.5,25.8,37.6,37.6,36.4,48.1,31.7,7,25.4,9.8,36010364
1994:Q4,age70plus,17.8,15.7,16.5,13.1,18.9,32.8,25.5,30.9,31.2,30.4,27.8,26.1,32.9,20.5,12,2.3,0.7,14.1,16.1,13.6,3,3,2.6,2.2,6.7,11.8,11.7,20.3,15258539
1994:Q4,age55to69,32.9,26.6,27.5,23.5,36.2,30.8,36.6,37.2,36.9,38,42,41.7,43.2,37.1,22.8,37.1,26.5,43.6,33.7,23.6,15.8,15.8,14.9,12.2,20.5,45,23,35.7,18646600
1994:Q4,age40to54,35.8,35.6,36.1,33.9,35.9,26.2,31.4,27.8,27.2,29.4,27.2,29.5,19.9,35.4,39.6,53.9,52.6,36.1,40,37.1,44,44,46.5,38.1,41.8,36.5,39.6,34.4,28292103
1994:Q4,ageunder40,13.5,22,19.9,29.4,9,10.1,6.5,4,4.7,2.2,3,2.7,4.1,7,25.7,6.8,20.1,6.2,10.2,25.7,37.2,37.2,36,47.5,31.1,6.7,25.7,9.6,35995302
1995:Q1,age70plus,17.9,15.8,16.6,13.3,19,32.4,25.7,31,31.4,29.9,27.3,25.9,32,21.1,12.4,2.3,1,14.1,16.3,13.9,2.9,2.9,2.7,2,6.4,11,12.1,20.3,15314836
1995:Q1,age55to69,32.8,26.5,27.4,23.5,36.1,30.9,37.2,36.9,36.3,38.1,41.9,41.4,43.4,36.6,21.7,37.2,26.7,43.6,33.6,23.4,15.6,15.6,14.9,11.8,19.1,45.6,21.9,35.6,18621679
1995:Q1,age40to54,35.9,35.7,36.2,33.9,36,26.6,31.2,27.7,26.9,29.6,27.9,30.1,20.6,35.4,40.1,53.8,52.2,36,40.3,37.2,44.4,44.5,46.8,38.6,44.1,36.9,40.2,34.5,28544321
1995:Q1,ageunder40,13.5,22,19.8,29.3,8.9,10.2,5.8,4.5,5.4,2.4,2.9,2.6,4,6.9,25.8,6.8,20.1,6.2,9.8,25.6,37,37,35.6,47.6,30.4,6.5,25.9,9.6,35979922
1995:Q2,age70plus,17.8,15.5,16.2,13.2,19,31.8,26,30.5,31.5,28.1,26.8,25.5,31.1,21.6,12.9,2.3,1.1,14.2,16.5,14.1,2.9,2.9,2.6,2,6.2,10.6,12.4,20.3,15369848
1995:Q2,age55to69,32.7,26.4,27.1,23.8,36,30.9,37.9,36.9,36.3,38.2,41.8,41.3,43.6,36.2,20.8,37.4,26.8,43.6,33.5,23.2,15.7,15.6,14.9,11.7,17.6,46.3,20.7,35.5,18607733
1995:Q2,age40to54,36.2,36.3,36.9,34.3,36.1,26.9,31,27.4,26.6,29.3,28.6,30.7,21.3,35.4,40.5,53.5,52,35.9,40.5,37.3,44.7,44.7,47.1,38.9,46.5,36.7,40.7,34.8,28791019
1995:Q2,ageunder40,13.4,21.8,19.7,28.8,9,10.3,5.2,5.3,5.6,4.5,2.8,2.5,4,6.8,25.8,6.7,20.1,6.3,9.4,25.4,36.8,36.8,35.4,47.4,29.8,6.3,26.1,9.5,35964678
1995:Q3,age70plus,17.9,15.5,16.2,13.1,19.1,31.4,26.2,30.5,31.6,28.2,26.2,25.1,30.1,22.2,13.1,2.3,1.4,14.3,16.8,13.9,3,2.9,2.7,2.1,5.9,11.2,12.8,20.4,15423666
1995:Q3,age55to69,32.6,26,26.7,23.9,35.9,31.1,38.4,37.1,36.5,38.5,41.8,41.2,43.8,35.8,19.8,37.6,27,43.5,33.5,23,15.7,15.7,14.9,11.7,16.1,47.4,19.6,35.4,18606286
1995:Q3,age40to54,36.4,36.8,37.5,34.5,36.1,27.2,30.9,27.3,26.3,29.6,29.2,31.3,22.1,35.2,41.1,53.4,51.6,35.8,40.6,37.7,44.8,44.8,47.3,39.2,48.8,35.3,41.3,34.9,29030460
1995:Q3,ageunder40,13.2,21.7,19.7,28.4,8.9,10.2,4.6,5.1,5.7,3.7,2.7,2.4,4,6.8,26,6.7,20,6.4,9.1,25.4,36.5,36.5,35.1,47,29.2,6.1,26.3,9.3,35950021
1995:Q4,age70plus,17.9,15.5,16.3,13,19.1,31.4,25.4,31.1,31.5,30.2,26.8,25.7,30.6,22.3,12.9,2.3,1.4,14.6,16.4,14,3,2.9,2.6,2.3,5.7,11.3,12.8,20.4,15476364
1995:Q4,age55to69,32.7,26.1,26.7,24.1,36,31.1,38.9,37.5,36.7,39,40.9,40.1,43.8,36.1,19.8,38.2,26.9,43.6,33.3,23,15.9,15.9,15.1,12.4,15.8,45.5,19.5,35.5,18618311
1995:Q4,age40to54,36.2,36.8,37.4,34.7,36,27.1,30.7,27.5,26.1,30.2,29.3,31.3,21.7,34.7,41.1,52.8,51.7,35.6,40.6,37.7,44.7,44.8,47.3,38.9,48.9,37.1,41.3,34.8,29261532
1995:Q4,ageunder40,13.1,21.6,19.6,28.1,8.9,10.3,5,3.9,5.7,0.5,3.1,2.9,3.9,7,26.3,6.7,20.1,6.3,9.7,25.3,36.4,36.4,35,46.4,29.6,6.1,26.4,9.2,35936192
1996:Q1,age70plus,17.9,15.8,16.6,13,19,31.2,24.6,31.1,31.6,30.1,26.9,25.8,31.1,22,12.5,2.4,1.3,14.9,15.9,14,3,3,2.5,2.1,5.9,13.4,12.8,20.4,15527933
1996:Q1,age55to69,32.8,26.2,26.8,24.2,36,31.1,39.6,37.3,36.2,39.3,40.3,39.4,43.7,36.3,19.6,38.8,26.9,43.6,33.3,23.1,16.3,16.2,15.4,12.7,16.6,44.5,19.5,35.5,18642591
1996:Q1,age40to54,36.1,36.6,37.2,34.8,35.9,27.1,30.4,27.5,26,30.2,29.5,31.6,21.3,34.6,41.2,52.1,51.7,35.3,40.7,37.8,44.5,44.5,47.2,38.7,47.8,36.1,41.2,34.7,29485617
1996:Q1,ageunder40,13.2,21.4,19.5,27.9,9.1,10.5,5.3,4.2,6.2,0.4,3.4,3.2,3.9,7.2,26.7,6.8,20.1,6.2,10.2,25.2,36.2,36.2,34.9,46.5,29.7,6.1,26.4,9.3,35922588
1996:Q2,age70plus,17.9,15.7,16.6,12.8,18.9,31.3,23.8,31,31.3,30.3,26.3,25,31.6,21.7,12.3,2.4,1.2,15.2,15.4,13.9,3.1,3.1,2.6,2.2,5.7,13.8,12.8,20.3,15578342
1996:Q2,age55to69,32.9,26.3,26.8,24.5,36.1,31.2,40,38,37.2,39.5,40.1,39.2,43.7,36.5,19.5,39.4,26.7,43.7,33.2,23.1,16.4,16.4,15.6,13.2,16.4,42.9,19.5,35.7,18677359
1996:Q2,age40to54,36.1,36.8,37.3,35.2,35.8,27,30.6,27.4,25.9,30.2,30.1,32.4,20.9,34.4,41.2,51.5,51.9,35,40.7,37.8,44.5,44.5,47.1,38.4,47.8,37.3,41.2,34.7,29704722
1996:Q2,ageunder40,13.1,21.2,19.3,27.5,9.2,10.5,5.6,3.7,5.7,0,3.5,3.4,3.8,7.3,27,6.8,20.3,6.1,10.7,25.1,36,36,34.7,46.1,30.1,6,26.5,9.3,35908392
1996:Q3,age70plus,17.7,15.8,16.8,12.6,18.6,31.2,23,30.4,31.1,28.9,25.9,24.3,32.2,21.2,12.2,2.4,1.1,15.4,15,14,3.2,3.2,2.7,2.3,5.6,14.1,12.8,20.2,15627562
1996:Q3,age55to69,33,26.3,26.8,24.8,36.3,31.3,40.6,38.5,37.9,39.9,39.8,38.9,43.6,36.8,19.6,39.9,26.6,43.8,33.1,23.2,16.6,16.6,15.9,13.6,16.4,41.3,19.6,35.8,18720848
1996:Q3,age40to54,36.1,36.9,37.3,35.5,35.8,26.9,30.5,27.1,25.7,29.8,30.7,33.2,20.5,34.6,41.2,50.9,52,34.8,40.7,37.8,44.4,44.5,47,38.2,47.6,38.6,41.1,34.7,29920853
1996:Q3,ageunder40,13.1,21,19.2,27.1,9.3,10.6,6,4,5.3,1.4,3.7,3.6,3.7,7.4,27,6.8,20.4,6,11.2,25,35.8,35.8,34.4,45.8,30.4,6,26.5,9.3,35892792
1996:Q4,age70plus,17.8,16.2,17.3,12.6,18.5,31.2,22.3,30,30.9,28.1,27.3,26.1,32.7,21.1,12.2,2.3,1.5,15.7,14.8,14,3.3,3.2,2.7,2.4,5.7,15,12.8,20.2,15675563
1996:Q4,age55to69,33.1,26.3,26.8,24.9,36.4,31.4,41.1,39.1,38.6,40.1,38.3,37.1,43.6,37,19.7,40,27.2,44,33.1,23.3,16.8,16.8,16.1,14.1,17.1,40.1,19.6,35.8,18771290
1996:Q4,age40to54,35.9,36.5,36.9,35.4,35.6,26.7,30.3,26.8,25.5,29.6,30.2,32.5,20.1,34.4,41.1,50.9,51.6,34.5,40.4,37.8,44.3,44.3,47,38,46.7,39,41.1,34.5,30136016
1996:Q4,ageunder40,13.2,20.9,19.1,27.1,9.5,10.6,6.3,4.1,5,2.2,4.2,4.4,3.6,7.5,27,6.8,19.8,5.9,11.7,24.9,35.6,35.6,34.3,45.4,30.5,5.9,26.6,9.4,35874971
1997:Q1,age70plus,17.7,16.4,17.5,12.6,18.3,31.2,21.7,29,31.1,24.2,26.3,24.8,33.3,20.7,12.1,2.3,1.2,15.9,14.6,14.1,3.3,3.3,2.7,2.3,5.5,15.7,12.6,20.1,15722315
1997:Q1,age55to69,33.2,26.4,26.8,25.1,36.4,31.5,41.7,38.5,37.8,40.2,38.2,37,43.6,37.2,19.7,40.6,26.9,44.1,33.1,23.4,16.9,16.9,16.3,14.2,16.7,38.9,19.6,35.9,18826920
1997:Q1,age40to54,35.9,36.4,36.7,35.5,35.6,26.6,30.1,26.3,25.4,28.3,31.1,33.6,19.7,34.6,41,50.2,51.8,34.2,40,37.8,44.4,44.4,47,37.9,47,39.5,41.1,34.4,30352217
1997:Q1,ageunder40,13.3,20.8,19,26.8,9.8,10.6,6.6,6.2,5.7,7.3,4.4,4.6,3.5,7.6,27.2,6.8,20.1,5.8,12.3,24.8,35.3,35.4,34,45.5,30.8,5.9,26.8,9.6,35854115
1997:Q2,age70plus,17.8,16.4,17.6,12.3,18.4,31.1,20.8,28.9,31,24.5,26.7,25.1,33.9,21.5,12.1,2.4,1.6,16.2,14.3,14.1,3.4,3.4,2.8,2.3,5.4,16.6,12.4,20.1,15767788
1997:Q2,age55to69,33.3,26.5,26.8,25.4,36.5,31.6,42.2,38.7,37.9,40.5,37.3,36,43.6,37.2,19.8,41.5,27.4,44.2,33.1,23.4,17.1,17.1,16.5,14.6,16.7,38,19.6,36,18885971
1997:Q2,age40to54,35.7,36.6,36.8,35.9,35.3,26.5,30.2,26.3,25.3,28.5,31.2,33.8,19,33.5,40.9,49.2,51.4,33.9,39.9,37.8,44.3,44.3,47,37.8,46.9,39.6,41.1,34.3,30571463
1997:Q2,ageunder40,13.2,20.6,18.9,26.4,9.8,10.7,6.9,6,5.8,6.5,4.8,5.1,3.4,7.8,27.2,6.8,19.6,5.7,12.8,24.6,35.1,35.1,33.8,45.3,31,5.9,27,9.7,35829409
1997:Q3,age70plus,17.8,16.4,17.6,12.1,18.4,31.1,20.1,29,30.9,25.1,26.3,24.6,34.7,21.8,12.1,2.5,1.8,16.4,14,14.3,3.6,3.5,2.8,2.3,5.7,17.8,12.2,20.1,15811953
1997:Q3,age55to69,33.4,26.5,26.8,25.7,36.6,31.7,42.7,38.9,38,40.8,36.8,35.4,43.6,37.3,19.9,42.2,27.7,44.3,33.1,23.5,17.4,17.4,16.7,15,17.8,37.5,19.6,36,18946675
1997:Q3,age40to54,35.6,36.7,36.9,36.3,35.1,26.5,30.1,26.3,25.1,28.7,31.8,34.6,18.4,33,40.9,48.5,51.3,33.7,39.6,37.7,44.2,44.2,46.9,37.7,45.5,38.9,41.1,34.2,30795760
1997:Q3,ageunder40,13.2,20.4,18.8,25.9,9.9,10.8,7.1,5.8,5.9,5.4,5.1,5.5,3.3,7.9,27.1,6.8,19.3,5.6,13.2,24.5,34.9,34.9,33.6,45,30.9,5.9,27.1,9.7,35800038
1997:Q4,age70plus,17.8,16.7,18.1,12.1,18.3,31,19.5,28.5,30.6,23.7,26.9,25.2,35.4,21.5,11.9,2.5,1.6,16.7,14,14.2,3.7,3.7,3,2.5,5.4,18.1,12.1,20.1,15854780
1997:Q4,age55to69,33.5,26.6,26.9,25.7,36.6,31.7,43.2,39.7,39.1,41,35.7,34.1,43.6,37.5,19.8,42.6,27.4,44.4,33.1,23.6,17.5,17.5,16.8,15.3,17.3,36.2,19.5,36.2,19007266
1997:Q4,age40to54,35.4,36.3,36.4,36.2,35,26.4,29.9,26,24.9,28.2,31.9,34.6,17.7,33.1,40.9,48.1,51.5,33.4,39.1,37.8,44.2,44.3,47,37.6,46.1,39.8,41.1,33.9,31027113
1997:Q4,ageunder40,13.2,20.3,18.7,25.9,10.1,10.9,7.4,5.9,5.4,7.1,5.6,6,3.2,8,27.4,6.8,19.5,5.5,13.8,24.4,34.5,34.5,33.2,44.6,31.3,5.8,27.3,9.8,35765188
1998:Q1,age70plus,18,16.8,18.1,12,18.6,31,19.1,28.8,30.7,25.1,27.8,26.3,36.1,22.3,11.8,2.6,1.9,16.9,13.7,14.2,3.9,3.8,3.1,2.3,5.3,18.8,11.8,20.2,15896238
1998:Q1,age55to69,33.7,26.7,26.9,26,36.7,31.9,43.6,39.5,38.6,41.3,34.3,32.6,43.6,37.4,19.8,43.3,27.9,44.5,33.1,23.7,17.6,17.6,16.9,15.4,17.3,35.4,19.5,36.2,19065977
1998:Q1,age40to54,35.2,36.4,36.4,36.5,34.7,26.3,29.7,26.2,24.9,28.7,31.8,34.4,17.1,32.2,41,47.3,51.2,33.2,39.1,37.8,44.4,44.4,47.1,37.5,46,40.1,41.2,33.8,31267531
1998:Q1,ageunder40,13.1,20.1,18.5,25.6,10.1,10.8,7.6,5.5,5.8,4.9,6.2,6.7,3.1,8.1,27.5,6.8,19,5.4,14.1,24.3,34.2,34.2,32.9,44.7,31.4,5.8,27.6,9.8,35724044
1998:Q2,age70plus,18,16.9,18.3,11.9,18.5,31,18.4,29.2,30.4,27,28.1,26.6,36.9,22,11.6,2.6,1.7,17,13.5,14.1,3.9,3.9,3.2,2.4,5.4,19.4,11.9,20.2,15936298
1998:Q2,age55to69,33.8,26.8,27,26.2,36.8,32,44.1,40.3,39.6,41.5,33.2,31.4,43.6,37.5,19.8,43.9,27.6,44.6,33,23.8,17.8,17.8,17.1,15.8,17.6,34.6,19.6,36.3,19121042
1998:Q2,age40to54,35.2,36.4,36.3,36.7,34.7,26.3,29.7,26.4,24.7,29.4,32.1,34.7,16.5,32.3,41,46.7,51.5,33.1,38.9,38,44.3,44.3,47,37.4,45.5,40.2,41.1,33.8,31519018
1998:Q2,ageunder40,13,19.9,18.4,25.3,10,10.8,7.8,4.1,5.3,2,6.7,7.3,3,8.2,27.6,6.8,19.2,5.3,14.5,24.2,34,34,32.7,44.3,31.4,5.8,27.5,9.7,35675791
1998:Q3,age70plus,17.5,16.5,17.9,11.6,18,30.9,18.2,28.6,29.9,25.9,29.8,28.6,37.8,20.5,11.2,2.6,0.9,17,13.2,14.2,4,3.9,3.2,2.5,5.3,19.5,11,19.8,15974931
1998:Q3,age55to69,33.8,26.7,26.7,26.7,37,32.1,44.4,41.4,41.3,41.7,31.3,29.4,43.6,37.9,19.6,44.2,26.6,44.7,33,23.8,17.9,17.9,17.3,16.1,17.6,33.2,19.4,36.4,19170692
1998:Q3,age40to54,35.6,37.1,37.1,37.3,34.9,26.2,29.4,26,24.5,29.1,31.5,34,15.7,33.6,41.2,46.5,52.3,33,38.9,38,44.3,44.4,47,37.4,45.5,41.6,41.4,34.2,31783581
1998:Q3,ageunder40,13.1,19.7,18.3,24.4,10.1,10.8,8,4,4.3,3.3,7.4,8.1,2.9,8,27.9,6.8,20.2,5.3,14.9,24,33.8,33.8,32.5,44,31.6,5.7,28.3,9.7,35619614
1998:Q4,age70plus,18,16.9,18.3,11.8,18.4,30.9,18.6,28.3,29.9,24.7,29.7,28.3,38.4,22.2,11.7,2.4,1.9,16.6,13.4,13.7,3.9,3.9,3.2,2.6,5.8,19.6,9.3,20.2,16012240
1998:Q4,age55to69,33.8,26.7,26.8,26.3,36.8,31.7,43.8,41.3,41,42,31.8,30.1,42.5,37.4,19.8,43.5,28.2,44.4,33.5,23.8,17.8,17.8,17.3,16,18,33.5,19,36.3,19213941
1998:Q4,age40to54,35.4,36.8,36.7,37.2,34.8,26.5,29.8,25.6,24.9,27.1,31.9,34.3,16.5,32.2,41.2,47.5,51.4,33.8,39.1,38.6,44.5,44.5,47.1,37.7,45.7,41.4,42.2,34,32062213
1998:Q4,ageunder40,12.9,19.6,18.2,24.7,10,11,7.8,4.8,4.2,6.1,6.7,7.3,2.6,8.2,27.3,6.6,18.4,5.2,14.1,24,33.8,33.8,32.5,43.8,30.4,5.5,29.6,9.6,35555227
1999:Q1,age70plus,17.9,16.8,18.2,11.7,18.4,31.1,19,29.2,30,27.5,29.7,28.1,39.1,22.5,11.6,2.2,2.2,16.2,13.3,13.2,3.9,3.9,3.1,2.5,6.5,19.8,11,20.1,16048864
1999:Q1,age55to69,33.6,26.5,26.5,26.3,36.8,31.6,43.1,40.6,39.8,42.3,32.1,30.6,41.4,37.2,19.8,42.7,28.9,44.1,33.9,23.7,17.8,17.8,17.2,15.6,18.9,34,19.3,36.1,19252910
1999:Q1,age40to54,35.8,37.3,37.2,37.6,35.1,26.6,30.2,25.9,25.5,26.8,32.1,34.6,17.1,32.1,41.5,48.7,51.2,34.6,39.6,39.1,44.6,44.6,47.2,38,45.4,40.9,41.9,34.4,32351855
1999:Q1,ageunder40,12.7,19.5,18.1,24.3,9.7,10.8,7.7,4.3,4.8,3.4,6.1,6.7,2.4,8.3,27.1,6.5,17.7,5.2,13.2,24,33.7,33.7,32.5,43.8,29.2,5.3,27.9,9.3,35484460
1999:Q2,age70plus,18.1,16.9,18.3,11.9,18.6,31.3,18.9,29.3,30.1,27.7,29.8,28.2,39.6,23.3,11.7,2,2.6,15.8,13.7,12.7,3.9,3.9,3,2.5,7.1,20.7,11,20.3,16085576
1999:Q2,age55to69,33.5,26.4,26.5,26.1,36.6,31.4,42.6,40.1,38.9,42.6,32.4,31.1,40.4,36.9,19.8,42,29.5,43.8,34.3,23.6,17.9,17.9,17.2,15.4,19.5,35.4,19.3,36,19290502
1999:Q2,age40to54,35.9,37.4,37.3,37.7,35.2,26.6,30.9,25.9,26,25.6,32.3,34.7,17.9,31.5,41.7,49.8,51,35.3,39.4,39.7,44.6,44.6,47.3,38.3,45.3,38.7,42.1,34.5,32648434
1999:Q2,ageunder40,12.5,19.3,18,24.3,9.5,10.6,7.7,4.7,5,4.1,5.5,6,2.1,8.4,26.8,6.3,16.9,5.1,12.5,24,33.6,33.6,32.5,43.7,28.1,5.1,27.6,9.2,35409674
1999:Q3,age70plus,18,16.8,18.1,11.9,18.5,31.4,19,29.5,30,28.3,30.9,29.4,40.2,23,11.4,1.7,2.6,15.4,14.4,12.6,4,3.9,3,2.6,7.9,20.9,11,20.3,16123148
1999:Q3,age55to69,33.3,26.2,26.2,26,36.5,31.2,42.1,39.9,38.5,42.9,32.1,30.9,39.4,36.8,19.6,40.9,29.7,43.4,34.7,23.6,17.8,17.8,17.2,15.3,20.6,35.8,19.2,35.8,19329617
1999:Q3,age40to54,36.2,37.8,37.8,38.1,35.5,26.8,31.3,25.8,26.4,24.6,31.9,34.1,18.5,31.9,42.1,51.2,51.1,36.1,38.9,40,44.7,44.7,47.3,38.7,44.8,38.4,42.4,34.9,32947879
1999:Q3,ageunder40,12.5,19.2,17.9,24,9.4,10.6,7.6,4.8,5.1,4.2,5.1,5.7,1.9,8.4,26.9,6.1,16.6,5,12.1,23.9,33.5,33.5,32.4,43.5,26.8,4.9,27.4,9,35333226
1999:Q4,age70plus,18.4,17,18.3,12,19,31.4,19.5,28.3,29.8,22.8,33,31.8,40.7,24.4,12.3,1.7,3,15.1,14.6,15.1,4.3,4.3,3.2,2.7,8.5,22.2,11.9,20.6,16162352
1999:Q4,age55to69,33.2,26.1,26.1,25.8,36.3,30.9,41.7,39.9,39,43.4,31.2,30.1,38.4,36.4,20,40.6,30.4,43.1,35.1,23.6,17.9,17.9,17.1,15.1,21.4,37.7,19.4,35.7,19373158
1999:Q4,age40to54,36.1,37.9,37.8,38.2,35.3,27,31.4,25.4,26.8,20.6,30.8,32.6,19.2,30.7,41.9,51.7,50.8,36.8,38.9,38.3,44.8,44.8,47.6,39.1,44.5,35.2,42.3,34.7,33246116
1999:Q4,ageunder40,12.3,19.1,17.8,24,9.4,10.7,7.4,6.4,4.5,13.2,5,5.5,1.7,8.5,25.7,6,15.8,5,11.4,22.9,33.1,33.1,32.1,43.2,25.6,4.9,26.4,9,35257477
2000:Q1,age70plus,18.5,16.9,18.2,12.1,19.1,31.4,19.7,28.4,29.9,22.3,33.3,32.1,41,24.8,12.4,1.5,3.3,14.7,14.5,14.9,4.6,4.6,3.4,2.7,9.1,23.2,10.9,20.6,16203962
2000:Q1,age55to69,33.1,26,26.1,25.7,36.2,30.7,41.3,39.1,37.9,43.8,31.2,30.3,37.3,36.2,20,40,30.9,42.8,35.4,23.5,17.9,17.9,16.9,14.7,21.9,39.2,19.1,35.5,19424026
2000:Q1,age40to54,36.3,38.1,38.1,38.3,35.5,27.2,31.7,25.6,27.2,19,30.9,32.5,20.4,30.5,42.1,52.6,50.6,37.6,39.4,38.7,44.9,44.9,47.9,39.5,44.4,32.9,42.9,34.9,33539074
2000:Q1,ageunder40,12.1,18.9,17.7,23.8,9.2,10.7,7.3,6.9,5,14.9,4.6,5.1,1.4,8.5,25.5,5.8,15.2,4.9,10.7,22.9,32.6,32.7,31.7,43.1,24.6,4.8,27.1,9,35184785
2000:Q2,age70plus,18.3,17,18.2,12.3,18.9,31.6,19.6,28.7,29.9,24.5,32.6,31.2,41.2,24.6,12.1,1.3,3.3,14.3,15.1,14.8,4.5,4.5,3.4,2.8,9.8,22.7,11,20.5,16248750
2000:Q2,age55to69,33,25.9,26,25.6,36.1,30.6,40.9,38.8,37.4,44,31.8,31.1,36.2,36.1,19.9,39.2,31.1,42.6,35.8,23.5,17.7,17.7,16.9,14.5,22.9,38.8,19.1,35.4,19485122
2000:Q2,age40to54,36.6,38.3,38.2,38.5,35.8,27.3,32.3,25.7,27.6,19,31.6,33.2,21.5,30.8,42.5,53.8,50.7,38.3,38.9,39,45.2,45.2,48.1,39.8,43.9,34,43.1,35.2,33822680
2000:Q2,ageunder40,12.1,18.8,17.6,23.7,9.1,10.6,7.3,6.7,5.1,12.5,4,4.5,1.1,8.5,25.5,5.7,14.9,4.8,10.3,22.7,32.6,32.6,31.6,42.8,23.4,4.6,26.8,8.9,35117510
2000:Q3,age70plus,18.2,16.8,17.9,12.2,18.9,31.8,19.7,29,29.9,25.9,33.2,31.9,41.4,24.6,12.1,1.1,3.4,14,15.6,14.7,4.6,4.6,3.5,3,10.5,22.9,10.7,20.4,16297488
2000:Q3,age55to69,32.9,25.8,25.9,25.7,36.1,30.4,40.6,38.6,37,44.2,31.6,31.1,35.1,36.1,19.8,38.6,31.4,42.3,36.1,23.5,17.7,17.7,16.8,14.5,24,39.2,19,35.3,19559348
2000:Q3,age40to54,36.9,38.8,38.7,38.9,36,27.3,32.5,25.8,27.9,18.6,31.5,32.8,22.7,30.8,42.7,54.7,50.6,39,38.3,39.2,45.3,45.3,48.2,40.1,43.3,33.5,43.4,35.6,34092862
2000:Q3,ageunder40,12,18.6,17.5,23.3,9,10.5,7.2,6.6,5.2,11.2,3.7,4.2,0.9,8.5,25.4,5.5,14.5,4.8,10,22.6,32.4,32.5,31.5,42.4,22.2,4.4,26.8,8.7,35058012
2000:Q4,age70plus,18.1,16.9,18.1,12.4,18.6,31.7,20,29.2,29.6,28.1,35.1,34.1,41.6,23.9,11.8,0.8,3.3,13.6,15.8,14.3,4.5,4.4,3.5,3.2,11,21.7,11.7,20.3,16350949
2000:Q4,age55to69,32.8,25.9,26,25.5,36.1,30.2,40.4,39.3,37.7,44.3,30.7,30.3,34.1,36.1,19.6,37.7,31.6,42.1,36.4,23.5,17.4,17.4,16.9,14.5,24.4,37.9,19.2,35.3,19649604
2000:Q4,age40to54,37.2,38.7,38.6,38.8,36.5,27.5,32.6,25.9,28.1,18.9,30.4,31.4,23.7,31.5,43.1,56.1,50.7,39.7,38.2,39.6,45.6,45.6,48.2,40.3,43.4,36.3,43.3,35.8,34345547
2000:Q4,ageunder40,12,18.5,17.3,23.3,8.8,10.6,7.1,5.5,4.5,8.7,3.8,4.2,0.6,8.5,25.5,5.4,14.3,4.7,9.6,22.6,32.6,32.6,31.4,42,21.3,4,25.8,8.6,35008648
2001:Q1,age70plus,17.9,17,18.1,12.5,18.4,31.5,20.4,30.3,29.9,31,34.5,33.4,42,23.3,11.8,0.6,3.1,13.2,16,14.2,4.3,4.3,3.5,3.2,11.9,20.9,10.6,20.2,16409906
2001:Q1,age55to69,32.6,26,26.1,25.4,36.1,29.9,40.3,38.8,36.2,44.3,31.3,31,33.3,36.2,19.6,36.8,31.8,41.9,36.8,23.5,17.2,17.2,16.9,14.2,25.9,37.1,19,35.2,19758793
2001:Q1,age40to54,37.5,38.6,38.6,38.8,36.8,27.8,32.4,25.6,28.5,19.8,31,32,24.2,32.1,43.2,57.3,50.8,40.3,38.2,39.8,45.8,45.8,48.3,40.6,42.2,38.3,43.8,36.1,34576663
2001:Q1,ageunder40,12,18.4,17.2,23.3,8.7,10.9,7,5.3,5.4,4.9,3.3,3.7,0.5,8.4,25.4,5.3,14.3,4.6,9,22.5,32.6,32.6,31.4,42.1,20,3.7,26.6,8.5,34971779
2001:Q2,age70plus,18.1,17,18,12.5,18.6,31.6,20.3,30.7,30,31.9,34.7,33.5,42.3,23.9,12.1,0.4,3.3,13.4,16.3,14.4,4.2,4.2,3.3,3.2,12.7,21.1,10.1,20.4,16475131
2001:Q2,age55to69,32.6,26,26.1,25.4,36.1,29.8,40,38.7,35.6,44.6,31.4,31.3,32.6,36.1,19.9,36.4,32.3,41.5,37.1,23.5,17.4,17.4,17,14.2,27.1,37.7,18.9,35.2,19889817
2001:Q2,age40to54,37.5,38.8,38.8,39,36.7,27.8,32.7,25.4,28.7,19.4,30.9,31.9,24.7,31.5,43.1,58.1,50.6,40.6,37.9,39.7,45.7,45.7,48.1,40.7,41.4,37.6,44.1,36.1,34782138
2001:Q2,ageunder40,11.9,18.2,17.1,23.1,8.6,10.9,6.9,5.2,5.7,4.2,3,3.4,0.3,8.5,24.9,5.1,13.8,4.6,8.7,22.3,32.7,32.7,31.6,42,18.8,3.5,26.9,8.4,34949765
2001:Q3,age70plus,17.9,16.8,17.8,12.4,18.5,31.6,20.4,30.4,29.6,32.3,37.3,36.6,42.7,23,11.6,0.2,3,13.4,16.4,14.8,4.6,4.5,3.5,3.2,13.1,22.9,11.1,20.3,16547397
2001:Q3,age55to69,32.5,26,26.1,25.5,36.1,29.7,40,39.3,36.9,44.8,30.2,29.9,32,36.3,19.6,35.6,32.5,41.2,37.5,23.6,17.6,17.6,17,14,27.4,40.2,19.2,35.1,20045575
2001:Q3,age40to54,37.8,39.2,39.2,39.3,37,27.9,32.8,25.7,28.8,18.8,29.2,29.7,25.2,32.3,43.5,59.2,50.7,40.8,37.8,39.5,45.5,45.5,48.1,40.9,41.5,33.2,43.8,36.4,34957900
2001:Q3,ageunder40,11.8,18,16.9,22.8,8.4,10.9,6.8,4.6,4.7,4.1,3.3,3.7,0.1,8.4,25.3,5,13.8,4.5,8.3,22.1,32.3,32.3,31.3,41.9,18,3.7,25.9,8.2,34944963
2001:Q4,age70plus,18.1,16.9,17.8,12.9,18.8,31.5,21.1,31.1,30.5,32.2,35.7,34.6,42.9,23.5,12.8,0.4,3.3,14,16,15,4.1,4.1,3.1,3.6,15.5,21.5,11.4,20.5,16627072
2001:Q4,age55to69,32.8,26.3,26.5,25.6,36.3,29.7,39.8,38.5,35.9,43.7,31.5,31.3,32.9,36.3,20.6,36.3,33.1,41.8,37.3,23.9,17.6,17.6,17.3,14.6,28.6,38.9,19.9,35.4,20228041
2001:Q4,age40to54,37.4,38.9,38.9,38.8,36.7,27.8,32.3,25.4,28.3,19.6,29.8,30.6,24,32,42.7,58.3,50.2,39.9,38.4,39.3,45.5,45.5,47.9,40.4,39.3,36.3,43.5,36,35101202
2001:Q4,ageunder40,11.7,17.9,16.9,22.7,8.3,10.9,6.7,5,5.3,4.5,3,3.4,0.3,8.2,23.8,4.9,13.4,4.3,8.3,21.8,32.7,32.8,31.7,41.4,16.6,3.4,25.2,8,34958935
2002:Q1,age70plus,18.2,17,17.8,13.3,18.8,31.4,21.5,31.4,31.3,31.7,34.9,33.6,43.2,23.3,13.9,0.6,3.5,14.4,15.8,15.1,4.4,4.3,3.4,3.9,17.4,21.6,12.4,20.6,16712909
2002:Q1,age55to69,33,26.6,26.8,25.8,36.5,29.8,39.6,37.9,35.6,42.7,32.5,32.3,33.8,36.5,21.6,36.8,33.6,42.5,37,24.2,17.6,17.6,17.2,14.7,29,39.5,20.7,35.7,20435466
2002:Q1,age40to54,37.2,38.6,38.6,38.4,36.5,27.8,32.2,25.2,27.7,20.1,29.7,30.8,22.6,32.2,41.9,57.8,49.8,39,38.6,39.1,45.6,45.6,48.2,40.2,38.1,35.5,42.8,35.8,35214608
2002:Q1,ageunder40,11.6,17.9,16.8,22.6,8.2,11,6.6,5.5,5.5,5.5,2.9,3.3,0.4,8,22.5,4.8,13.1,4.1,8.6,21.6,32.4,32.4,31.3,41.3,15.6,3.4,24,8,34990047
2002:Q2,age70plus,18.2,17.1,17.8,13.7,18.8,31.5,21.9,32.4,31.9,33.4,33.3,31.6,43.4,22.5,14.8,0.7,3.4,14.9,15.7,15.6,4.4,4.4,3.5,4.3,19.3,21.1,12.8,20.6,16803256
2002:Q2,age55to69,33.2,26.8,27.1,25.9,36.8,30,39.4,38,35.6,41.7,33.9,33.8,34.7,36.8,22.4,37.3,34.1,43.1,36.7,24.5,17.6,17.6,17.2,15,29.9,39.5,21.5,36,20665174
2002:Q2,age40to54,37,38.2,38.3,37.8,36.4,27.7,32.1,25.1,27.1,22,30.2,31.6,21.4,32.9,41.3,57.2,49.5,38,38.7,38.6,45.7,45.7,48.3,39.8,36.3,36.1,42.4,35.5,35302006
2002:Q2,ageunder40,11.6,17.9,16.8,22.5,8,10.9,6.6,4.5,5.4,3,2.6,3,0.5,7.8,21.5,4.8,13.1,4,8.9,21.3,32.3,32.3,31,41,14.5,3.3,23.4,7.9,35035866
2002:Q3,age70plus,18,16.9,17.6,14,18.6,31.4,22.3,33.3,32.6,34.3,32.5,30.7,43.6,20.9,15.4,0.9,3.1,15.4,15.6,15.9,4.4,4.4,3.4,4.5,20.7,20.9,14.2,20.6,16896461
2002:Q3,age55to69,33.3,27,27.2,26.2,37.2,30.1,39.2,37.7,35.3,40.8,34.9,34.8,35.6,37.3,23.1,37.8,34.6,43.8,36.5,24.8,17.8,17.7,17.4,15.3,30.2,39.8,22.4,36.3,20914487
2002:Q3,age40to54,37.1,38.2,38.4,37.6,36.3,27.6,32,25.1,26.5,23.2,29.9,31.5,20.1,34.4,40.8,56.6,49.2,37,38.7,38.3,45.6,45.6,48.2,39.4,35.3,36.2,41.5,35.4,35367285
2002:Q3,ageunder40,11.7,17.8,16.8,22.1,7.9,11,6.5,3.9,5.7,1.6,2.6,2.9,0.6,7.4,20.7,4.7,13,3.8,9.2,21,32.3,32.3,31,40.7,13.8,3.2,21.9,7.7,35093959
2002:Q4,age70plus,18,16.8,17.4,14.3,18.8,31.4,22.9,34.5,33.2,35.6,31.4,29.3,43.8,21,16.1,1.2,3.4,15.8,15,16.5,4.4,4.4,3.4,4.8,22.2,21,14.7,20.6,16990873
2002:Q4,age55to69,33.6,27.3,27.5,26.6,37.5,30.3,39.2,37.4,34.9,39.8,36.2,36.1,36.6,37.5,23.9,38.8,35.2,44.5,36.4,25.2,18,17.9,17.5,15.7,30.8,40.6,23.2,36.6,21180729
2002:Q4,age40to54,36.9,38.2,38.4,37.4,36.1,27.4,31.5,25.3,26,24.6,29.9,31.7,18.8,34.3,40.2,55.4,48.7,36,39.5,37.6,45.4,45.4,48,39,34.1,35.2,41,35.2,35414335
2002:Q4,ageunder40,11.5,17.7,16.8,21.8,7.7,10.9,6.4,2.9,5.9,0,2.5,2.8,0.7,7.2,19.9,4.6,12.7,3.6,9.1,20.7,32.2,32.2,31,40.5,13,3.2,21.1,7.5,35161894
2003:Q1,age70plus,18,16.9,17.4,14.6,18.7,31.1,23.3,34.5,33.8,35.1,31.3,29.1,44,20.3,16.9,1.4,3.5,16.3,14.9,16.8,4.5,4.5,3.4,5,23.2,21.7,16.6,20.7,17084840
2003:Q1,age55to69,33.9,27.7,27.9,26.7,37.8,30.4,39.1,37.1,34.7,39.4,36.9,36.8,37.5,37.9,24.8,39.6,35.8,45.2,36.2,25.5,18.2,18.2,17.7,15.9,30.9,42,24.2,37,21461221
2003:Q1,age40to54,36.6,37.8,38,36.8,35.8,27.4,31.3,25.1,25.4,24.8,29.2,31.2,17.8,34.9,39.4,54.4,48.2,35.1,39.4,37.3,45.2,45.2,47.9,38.6,33.4,33,39.9,34.9,35447045
2003:Q1,ageunder40,11.5,17.6,16.8,21.8,7.7,11.1,6.3,3.4,6.1,0.7,2.6,2.9,0.8,6.9,18.9,4.5,12.5,3.4,9.5,20.4,32.1,32.1,31,40.5,12.5,3.3,19.3,7.5,35237238
2003:Q2,age70plus,18.3,16.9,17.3,15,19.1,31.1,23.6,34.5,34.4,34.6,34.3,32.9,44.1,21.2,18,1.7,3.8,16.7,15,17,4.8,4.8,3.4,5.2,24.1,24.2,17.4,20.9,17176710
2003:Q2,age55to69,34.2,28,28.2,27,38,30.6,38.9,36.7,34.3,38.8,35.5,35.1,38.4,38,25.8,40.7,36.4,45.9,36,25.9,18.8,18.8,17.8,16.3,31,45.3,25.1,37.3,21753288
2003:Q2,age40to54,36.1,37.5,37.7,36.4,35.2,27.3,31.1,25,24.9,25,26.7,28.2,16.5,34,38.6,53.1,47.6,34.1,39.2,36.9,44.6,44.6,47.8,38.2,32.9,26.7,39.2,34.4,35469303
2003:Q2,ageunder40,11.4,17.6,16.8,21.6,7.7,11.1,6.3,3.9,6.3,1.6,3.4,3.8,0.9,6.8,17.7,4.5,12.1,3.3,9.8,20.2,31.8,31.8,31,40.3,12,3.8,18.3,7.4,35317558
2003:Q3,age70plus,18.3,16.8,17.1,15.2,19.2,31.1,24,34.1,34.8,33.3,33.6,32.1,44.1,21.3,18.9,2,4,17.1,14.9,17.4,4.9,4.9,3.6,5.6,25.2,23.8,17.9,20.9,17264832
2003:Q3,age55to69,34.5,28.2,28.4,27.4,38.4,30.8,38.8,36.3,34.9,38.2,36.6,36.2,39.2,38.2,26.7,41.6,37,46.7,35.9,26.3,18.8,18.8,17.9,16.6,31.6,45.6,25.9,37.6,22054251
2003:Q3,age40to54,35.8,37.5,37.8,36.2,34.8,27,31,24.5,24.3,24.7,26.3,27.9,15.7,33.9,37.8,52,47.1,33.1,39,36.4,44.6,44.6,47.7,37.8,31.8,26.9,38.6,34.1,35485000
2003:Q3,ageunder40,11.4,17.6,16.8,21.3,7.6,11,6.2,5.1,6,3.9,3.5,3.8,1,6.6,16.7,4.4,11.9,3.1,10.1,20,31.7,31.7,30.8,40,11.4,3.7,17.5,7.4,35400422
2003:Q4,age70plus,18.4,16.7,16.9,15.5,19.4,31.1,24.4,34.6,35.1,33.9,32.7,30.9,44.2,21.8,19.7,2.2,4.2,17.5,14.8,17.8,4.9,4.8,3.5,5.8,24.6,23,18.3,21.1,17347554
2003:Q4,age55to69,34.9,28.5,28.7,27.7,38.7,31.1,38.7,36.4,35.4,37.7,37.8,37.5,40,38.4,27.6,42.6,37.5,47.4,35.8,26.6,19,18.9,18.1,17,29.8,45.5,26.8,38,22361434
2003:Q4,age40to54,35.5,37.3,37.7,35.8,34.3,26.9,30.8,24.5,23.8,25.4,26.1,27.8,14.7,33.2,37,50.8,46.6,32.1,39,35.9,44.5,44.5,47.5,37.4,33.5,28.1,38,33.7,35498024
2003:Q4,ageunder40,11.2,17.5,16.8,21,7.5,11,6.1,4.5,5.7,3,3.4,3.8,1.1,6.5,15.7,4.4,11.6,3,10.4,19.7,31.7,31.8,30.8,39.8,12,3.5,16.9,7.2,35483397
2004:Q1,age70plus,18.7,16.7,16.8,15.8,19.9,30.9,24.8,34.3,34.3,34.1,32.7,31,44.3,21.9,20.3,2.5,4.3,17.9,14.9,17.9,4.9,4.9,3.6,6,25.4,23.4,18.8,21.3,17423223
2004:Q1,age55to69,35.4,28.9,29,27.9,39.2,31.2,38.5,39.7,40.8,37.2,38.4,38.1,41,38.7,28.4,43.5,38.1,48.1,35.7,27,19.2,19.1,18.3,17.2,30.2,46.7,27.6,38.4,22672159
2004:Q1,age40to54,34.9,37,37.4,35.3,33.6,26.8,30.6,23.5,22.5,26,25.2,27,13.4,33,36.4,49.7,46.1,31.1,38.7,35.6,44.3,44.3,47.4,37.1,32.8,26.3,37.4,33.1,35512264
2004:Q1,ageunder40,11,17.4,16.7,20.9,7.3,11.1,6.1,2.5,2.4,2.7,3.6,4,1.2,6.3,14.9,4.3,11.4,2.8,10.8,19.5,31.6,31.6,30.7,39.8,11.6,3.6,16.2,7.1,35564050
2004:Q2,age70plus,18.6,16.5,16.6,16,19.8,30.8,25.1,34.5,35,33.5,33.1,31.5,44.4,21.6,20.9,2.7,4.4,17.9,15.3,18,5.1,5,3.7,6.2,26.1,24,19.9,21.2,17490190
2004:Q2,age55to69,35.6,29.1,29.2,28.4,39.5,31.5,38.4,38.8,39.6,36.7,38.8,38.3,42,39,29.2,44.3,38.7,49,35.7,27.4,19.4,19.4,18.4,17.5,30.5,48,28.5,38.7,22983750
2004:Q2,age40to54,34.7,37.1,37.5,35.1,33.3,26.7,30.5,23.4,22.2,26.1,24.2,25.9,12.2,33.3,35.8,48.7,45.7,30.4,37.8,35.3,44.1,44.1,47.3,36.7,32.2,24.3,36.7,32.9,35531609
2004:Q2,ageunder40,11.1,17.4,16.8,20.5,7.3,11.1,6,3.3,3.2,3.7,3.9,4.3,1.3,6.1,14.1,4.3,11.3,2.7,11.3,19.3,31.4,31.5,30.6,39.6,11.2,3.7,15,7.2,35639950
2004:Q3,age70plus,18.6,16.5,16.5,16.3,19.8,30.8,25.5,34.8,35.2,33.8,32,30,44.5,21.2,21.5,2.9,4.4,17.9,15.6,18.3,5.1,5,3.7,6.4,27.2,24.1,20.6,21.2,17546801
2004:Q3,age55to69,36,29.5,29.6,28.6,40,31.7,38.2,39.1,40.3,36.3,40.3,39.9,43,39.4,30,45.2,39.3,50,35.7,27.7,19.6,19.6,18.6,17.9,31.6,49,29.3,39.2,23293529
2004:Q3,age40to54,34.4,36.7,37.1,34.7,33,26.5,30.3,23.2,21.7,26.6,23.9,25.8,11.1,33.6,35.2,47.7,45.2,29.6,37,34.9,43.9,43.9,47.1,36.4,30.7,23.2,36,32.5,35559949
2004:Q3,ageunder40,11.1,17.4,16.8,20.4,7.3,11,6,3,2.8,3.2,3.8,4.2,1.4,5.8,13.3,4.2,11.1,2.5,11.7,19.1,31.4,31.5,30.6,39.4,10.4,3.7,14.1,7.1,35708662
2004:Q4,age70plus,18.5,16.4,16.5,15.9,19.7,30.3,25.4,33.9,34.4,31.8,33.3,31.8,44.1,21.6,21.4,2.8,4.4,17.5,15.7,18.7,5.1,5.1,3.7,6.2,26.2,25.5,20.4,21.1,17591949
2004:Q4,age55to69,36.3,29.7,29.9,28.9,40.3,32.1,38.6,40.6,41.8,36.1,39.2,38.7,43,39.7,30.5,45.2,39.9,50,36.1,28.1,20.2,20.2,19.1,18.4,31.9,49.6,29.8,39.4,23599084
2004:Q4,age40to54,34.2,36.5,36.9,34.6,32.8,26.7,30,22.9,22,26,23.2,24.9,11.2,32.8,34.9,47.8,45,30,36.7,34.3,43.3,43.4,46.6,36.2,31,21.2,35.8,32.4,35600204
2004:Q4,ageunder40,11,17.4,16.8,20.5,7.2,10.9,5.9,2.7,1.8,6.1,4.3,4.6,1.7,5.9,13.1,4.2,10.8,2.6,11.5,19,31.3,31.4,30.7,39.2,11,3.7,14,7.1,35768082
2005:Q1,age70plus,18.3,16.4,16.5,15.6,19.4,29.8,25.3,33.6,34.3,31.6,31.8,29.9,43.8,21.4,21,2.6,4.1,17.1,15.8,18.8,4.8,4.7,3.3,5.8,25.4,26.1,20.2,20.9,17626697
2005:Q1,age55to69,36.5,30,30.1,29.2,40.5,32.4,38.9,39.8,40.8,36.3,40.2,39.8,42.9,40.1,30.9,45,40.6,50,36.6,28.5,20.8,20.7,19.8,18.7,32.6,49.5,30.2,39.6,23899061
2005:Q1,age40to54,34.1,36.2,36.6,34.4,32.8,27,29.9,23.5,22.7,26.3,23.9,25.8,11.3,32.8,34.8,48.1,44.7,30.3,36.3,33.8,42.8,42.8,45.8,36,30.7,21,35.7,32.5,35651426
2005:Q1,ageunder40,11.1,17.4,16.8,20.8,7.2,10.8,5.9,3.1,2.3,5.8,4.1,4.4,2,5.7,13.2,4.3,10.6,2.6,11.3,18.8,31.7,31.7,31,39.4,11.3,3.5,13.9,7.1,35817420
2005:Q2,age70plus,18.2,16.5,16.7,15.4,19.3,29.4,25.3,33.3,33.8,31.5,30.8,28.9,43.4,21.4,20.7,2.5,3.9,16.7,16.1,18.9,4.7,4.7,3.3,5.6,23.9,26.7,20.2,20.8,17652653
2005:Q2,age55to69,36.8,30.2,30.4,29.3,40.8,32.8,39.2,40,41,36.5,40.7,40.4,42.9,40.5,31.4,45,41.3,50,37.1,28.9,21.2,21.2,20.3,19.2,32.5,49.4,30.6,39.8,24192370
2005:Q2,age40to54,33.9,35.8,36.1,34.1,32.8,27.2,29.7,24,23.2,26.6,24.3,26.3,11.5,32.5,34.7,48.2,44.5,30.7,35.6,33.4,42.4,42.4,45.3,35.9,31.5,20.6,35.5,32.3,35711698
2005:Q2,ageunder40,11.1,17.5,16.8,21.2,7.1,10.7,5.9,2.8,2,5.4,4.1,4.4,2.3,5.7,13.3,4.3,10.3,2.7,11.2,18.8,31.7,31.7,31.1,39.4,12.1,3.3,13.7,7.1,35856213
2005:Q3,age70plus,18,16.4,16.6,15,19.1,28.9,25.2,32.9,33.7,29.6,29.6,27.5,42.9,21.6,20.4,2.4,3.8,16.3,16.4,19.3,4.6,4.6,3.3,5.4,22.6,27.3,19.2,20.6,17671423
2005:Q3,age55to69,37,30.4,30.6,29.6,41,33.1,39.6,39.2,39.9,36.3,41.5,41.3,42.7,40.8,31.8,44.8,41.9,49.9,37.6,29.2,21.7,21.7,20.8,19.6,32.7,49.4,31.1,40,24477923
2005:Q3,age40to54,33.9,35.7,36,34.1,32.7,27.4,29.4,24.3,23.9,26.2,24.9,27,11.9,32,34.6,48.5,44.2,31.1,34.8,32.9,42,42,44.8,35.7,31.9,20.1,35.5,32.3,35779102
2005:Q3,ageunder40,11.1,17.5,16.9,21.3,7.2,10.6,5.8,3.6,2.5,8,4,4.3,2.5,5.7,13.2,4.3,10.1,2.7,11.2,18.6,31.7,31.7,31.1,39.2,12.8,3.2,14.2,7.1,35883997
2005:Q4,age70plus,17.8,16.2,16.5,14.6,18.8,28.5,25.1,32.6,33.3,30.2,28.4,26.2,42.3,21.4,20.1,2.3,3.6,15.9,16.5,19.8,4.5,4.5,3.3,5.3,21,27.8,18.4,20.4,17684616
2005:Q4,age55to69,37.2,30.6,30.8,30,41.3,33.5,40.2,39,39.7,36.6,42,42,42.3,41.1,32.2,44.7,42.5,49.9,38,29.5,22,22,21.3,20,32.6,48.8,31.6,40.2,24754630
2005:Q4,age40to54,33.9,35.6,35.9,34.1,32.8,27.6,29,25,24.5,26.8,25.6,27.6,12.6,31.9,34.5,48.7,44,31.4,34.5,32.2,41.7,41.8,44.3,35.6,32.8,20.6,35.5,32.3,35851720
2005:Q4,ageunder40,11.1,17.5,16.9,21.4,7.1,10.4,5.8,3.4,2.5,6.4,4,4.2,2.7,5.6,13.2,4.3,9.9,2.8,11,18.4,31.7,31.7,31.1,39.1,13.6,2.9,14.5,7.1,35900309
2006:Q1,age70plus,17.9,16.2,16.6,14.3,18.9,27.9,25,32.2,32.9,29.7,27.9,25.9,41.5,22.2,19,2.2,3.5,15.5,16.4,19.7,4.6,4.6,3.3,5.1,19.2,28.6,18.1,20.5,17693838
2006:Q1,age55to69,37.5,30.8,30.9,30.1,41.5,33.7,40.6,39.2,39.9,36.7,42,42.1,41.6,41.3,32.4,44.6,43,49.9,38.4,29.9,22.5,22.4,21.7,20.4,32.1,49.1,32,40.4,25021403
2006:Q1,age40to54,33.6,35.3,35.6,33.8,32.6,27.9,28.7,25.4,25,27,26,27.7,14,30.8,34.8,48.8,43.8,31.8,34.4,32,41.4,41.4,43.9,35.5,34,19.5,35.4,32.1,35927637
2006:Q1,ageunder40,11,17.6,16.9,21.8,7,10.5,5.8,3.2,2.3,6.6,4.1,4.3,2.9,5.7,13.8,4.4,9.7,2.8,10.8,18.3,31.5,31.6,31,39,14.7,2.8,14.5,7,35904687
2006:Q2,age70plus,17.7,16.1,16.5,13.9,18.6,27.5,24.8,32.2,32.8,30.4,27.9,26.2,40.4,21.8,18.6,2.1,3.3,15.2,16.5,19.7,4.5,4.5,3.3,4.8,17.2,29.3,17.8,20.3,17700697
2006:Q2,age55to69,37.7,30.9,31,30.4,41.7,34.1,41.1,38.2,38.6,37.1,41.7,41.8,40.5,41.7,32.8,44.4,43.7,49.8,38.8,30.3,22.9,22.9,22.2,20.7,31.7,49.2,32.4,40.6,25277151
2006:Q2,age40to54,33.7,35.3,35.5,33.9,32.7,28.1,28.4,26.2,25.7,27.6,26.2,27.6,16,31,34.8,49.1,43.6,32.2,34,31.8,41.1,41.1,43.5,35.5,35.2,18.8,35.3,32.2,36004934
2006:Q2,ageunder40,11,17.7,16.9,21.8,7,10.3,5.7,3.4,2.9,4.9,4.2,4.4,3.1,5.5,13.9,4.4,9.4,2.8,10.7,18.3,31.5,31.6,31.1,39,15.8,2.7,14.5,6.9,35896668
2006:Q3,age70plus,17.5,15.9,16.3,13.5,18.4,27,24.7,31.8,32.5,29.3,26.3,24.6,39.1,21.8,18.4,2,3.1,14.8,16.6,19.6,4.5,4.5,3.2,4.6,15.3,29.9,17.3,20.1,17706800
2006:Q3,age55to69,37.9,31.1,31.1,30.7,42,34.4,41.7,38,38.3,37,42.3,42.7,39.1,42,33.2,44.3,44.2,49.8,39.1,30.6,23.3,23.3,22.6,20.8,31.4,49.3,32.8,40.8,25520786
2006:Q3,age40to54,33.7,35.3,35.6,33.9,32.7,28.4,27.9,26.6,26.3,27.5,27.2,28.4,18.6,30.7,34.6,49.3,43.5,32.5,33.7,31.5,40.7,40.7,43.1,35.5,36.4,18.2,35.3,32.3,36081695
2006:Q3,ageunder40,11,17.7,17,21.8,6.9,10.2,5.7,3.7,2.9,6.2,4.2,4.3,3.2,5.5,13.8,4.4,9.2,2.9,10.5,18.2,31.5,31.5,31.1,39,16.9,2.6,14.6,6.8,35875788
2006:Q4,age70plus,17.4,15.8,16.3,13.2,18.3,26.6,24.6,31.6,32.5,28.7,25.1,23.5,38,22.2,18.4,1.9,3.1,14.5,16.6,19.8,4.5,4.5,3.2,4.5,12.9,30.6,17,20,17713753
2006:Q4,age55to69,38.1,31.2,31.3,30.9,42.1,34.7,42.3,37,36.9,37,42.7,43.3,37.9,42.2,33.7,44.2,44.6,49.7,39.5,31,23.7,23.7,23,21.1,30.4,49.8,33.2,41,25751219
2006:Q4,age40to54,33.6,35.2,35.5,33.9,32.6,28.6,27.5,27.2,27,27.7,28,29,20.7,30.1,34.4,49.5,43.3,32.9,33.5,31.2,40.4,40.4,42.8,35.5,38.3,17,35.2,32.2,36156003
2006:Q4,ageunder40,10.9,17.7,16.9,22,6.9,10,5.6,4.3,3.6,6.6,4.1,4.2,3.4,5.6,13.6,4.4,9,2.9,10.4,18.1,31.4,31.4,31,38.9,18.4,2.6,14.6,6.8,35841585
2007:Q1,age70plus,17.4,15.8,16.4,13,18.3,26.1,24.5,31.3,32.2,28.8,24.8,23.4,37,22.4,18.1,1.8,2.9,14.1,16.5,19.8,4.5,4.5,3.3,4.3,11,31.2,17,20,17723165
2007:Q1,age55to69,38.3,31.4,31.4,31,42.3,34.9,42.8,36.9,36.8,37.2,42.5,43.2,36.7,42.4,34.1,44,45.1,49.6,39.8,31.3,23.9,23.9,23.3,21.1,30.9,49.6,33.5,41.2,25967361
2007:Q1,age40to54,33.5,35,35.3,33.6,32.6,28.9,27.1,27.7,27.5,28.1,28.4,29,22.8,29.7,34.3,49.7,43.1,33.3,33.6,30.9,40.3,40.3,42.6,35.6,38.8,16.7,35,32.1,36225940
2007:Q1,ageunder40,10.8,17.8,16.9,22.4,6.8,10.1,5.5,4.1,3.5,6,4.2,4.3,3.6,5.5,13.5,4.4,8.9,2.9,10.1,18,31.2,31.3,30.8,39,19.3,2.5,14.4,6.7,35793596
2007:Q2,age70plus,17.3,15.8,16.4,12.7,18.2,25.8,24.5,31,32,27.5,26.2,25.2,35.8,22.5,18.1,1.7,2.9,14,16.5,20.1,4.6,4.6,3.3,4.2,8.7,31.7,16.6,19.9,17736642
2007:Q2,age55to69,38.5,31.5,31.5,31.1,42.5,35.3,43.3,36.4,36.2,37,41.3,42,35.2,42.6,34.5,44,45.4,49.4,40.1,31.5,24.4,24.4,23.7,21.4,30.9,50.4,33.9,41.4,26168122
2007:Q2,age40to54,33.4,34.9,35.2,33.5,32.6,29.1,26.8,28.1,28.2,28,27.9,28.2,25.2,29.4,34.1,49.8,43,33.6,33.5,30.5,39.9,39.9,42.3,35.6,39.9,15.3,35,32.1,36289589
2007:Q2,ageunder40,10.7,17.8,16.9,22.7,6.8,9.8,5.5,4.5,3.6,7.5,4.6,4.7,3.8,5.5,13.3,4.5,8.7,3.1,9.9,17.8,31.1,31.1,30.7,38.8,20.6,2.6,14.5,6.6,35731358
2007:Q3,age70plus,17.3,15.8,16.4,12.4,18.1,25.4,24.3,31.1,31.5,30.1,26.2,25.4,34.7,22.4,17.8,1.6,2.7,13.8,16.4,20.3,4.5,4.5,3.2,4.1,5.8,32.4,16.6,19.9,17755792
2007:Q3,age55to69,38.7,31.5,31.6,31.3,42.6,35.6,44.1,37.2,37,37.7,41,41.7,33.9,42.9,34.8,43.9,45.9,49.2,40.4,31.8,24.6,24.5,24.1,21.5,29.8,49.4,34.2,41.6,26352413
2007:Q3,age40to54,33.4,35,35.3,33.5,32.6,29.4,26.2,28.8,28.6,29.1,28,28.1,27.4,29.3,34.1,50,42.9,33.8,33.4,30.2,39.8,39.8,41.9,35.7,42,16.1,34.9,32.1,36345033
2007:Q3,ageunder40,10.5,17.7,16.8,22.8,6.6,9.6,5.4,3,3,3,4.7,4.8,4,5.4,13.3,4.5,8.5,3.2,9.7,17.7,31.1,31.2,30.7,38.7,22.3,2.2,14.3,6.3,35654407
2007:Q4,age70plus,17.4,15.9,16.5,12.7,18.2,25.3,24.2,30.9,31.2,30.2,29.6,29.1,35.4,22.1,17.8,1.7,2.9,13.9,16.7,20.7,4.6,4.5,3.4,4.2,6.9,31.1,16.6,20.1,17781908
2007:Q4,age55to69,39.1,31.9,32,31.3,42.9,35.7,44.9,37.7,37.5,38.2,40.9,41.5,33.6,43.1,35,44.5,46,49.7,40.7,32,24.7,24.7,24.3,21.5,31.8,49.3,34.3,42.1,26519950
2007:Q4,age40to54,33.2,34.8,35,33.3,32.4,29.4,25.8,28.5,28.2,29.2,24.3,24.1,27,29.6,34.1,49.4,42.7,33.2,33.2,30,40,40,42.1,35.9,40.2,17.2,34.9,31.8,36390681
2007:Q4,ageunder40,10.3,17.4,16.4,22.6,6.5,9.6,5.2,3,3.2,2.5,5.2,5.3,4,5.2,13.1,4.5,8.4,3.2,9.5,17.4,30.7,30.7,30.3,38.4,21.1,2.4,14.1,6.1,35562983
2008:Q1,age70plus,17.5,15.9,16.5,13,18.3,25.1,24,30.7,30.9,30.2,32.3,32,36.3,21.7,17.6,1.6,3,13.9,16.5,21,4.7,4.7,3.5,4.2,7.8,29.9,17.7,20.2,17815031
2008:Q1,age55to69,39.3,32.2,32.3,31.3,43.2,35.9,45.7,38.3,38.1,38.7,40.7,41.3,33.4,43.3,35,44.8,46.3,50.2,40.9,32.1,24.9,24.9,24.4,21.3,33.5,50,34.2,42.5,26673673
2008:Q1,age40to54,33.1,34.8,35.1,33.3,32.2,29.4,25.3,28.2,27.7,29.2,21.3,20.9,26.4,30.1,34.3,49.1,42.4,32.7,33.6,29.8,40.2,40.2,42.3,36.2,38.7,17.3,34.8,31.6,36426252
2008:Q1,ageunder40,10.1,17.1,16,22.3,6.3,9.6,5,2.9,3.3,1.9,5.6,5.7,3.9,5,13.1,4.5,8.3,3.2,9,17.1,30.2,30.3,29.8,38.3,20,2.8,13.3,5.7,35460123
2008:Q2,age70plus,17.5,15.9,16.5,13.2,18.3,25.2,23.9,30.2,30.4,29.6,30.9,30.3,38.3,21.6,17.6,1.6,3.2,14,16.9,21.3,4.9,4.9,3.9,4.3,9.2,28.5,18,20.2,17854887
2008:Q2,age55to69,39.7,32.3,32.5,31.5,43.6,36.3,46.1,39.4,39.5,39.1,43.5,44.2,35.1,43.3,35.2,45.3,46.3,50.7,41.2,32.3,24.6,24.6,24.3,21.3,36.6,48.4,34.3,43,26817324
2008:Q2,age40to54,33,35,35.4,33.5,32,29.4,25.2,27.7,27.2,29,20.2,20,22.6,30.2,34.3,48.6,42.2,32.1,33.2,29.6,40.8,40.8,42.8,36.5,35.8,20.4,34.8,31.3,36451790
2008:Q2,ageunder40,9.8,16.7,15.7,21.8,6.2,9.1,4.8,2.7,2.9,2.2,5.4,5.5,4,4.8,12.9,4.5,8.3,3.2,8.7,16.8,29.7,29.7,29,37.9,18.5,2.6,12.9,5.5,35349570
2008:Q3,age70plus,17.4,16.1,16.6,13.5,18.2,25.2,23.8,30,29.9,30.2,29.9,28.9,40.3,20.7,17.5,1.6,3.3,14.1,17,21.7,5.1,5,3.9,4.3,9.5,27.8,18,20.3,17901203
2008:Q3,age55to69,40,32.6,32.8,31.5,44,36.4,46.5,40.6,40.9,39.7,46,46.8,36.9,43.7,35.3,45.8,46.6,51.2,41.4,32.4,25.1,25.1,24.5,21.1,36.4,50.2,34.4,43.4,26954649
2008:Q3,age40to54,33,35,35.3,33.4,31.9,29.4,25.1,27.3,26.6,29.2,18.9,18.9,18.7,31.2,34.4,48.1,41.9,31.6,33.2,29.4,40.6,40.7,42.9,36.7,36.1,18.7,34.9,31.2,36467338
2008:Q3,ageunder40,9.6,16.4,15.3,21.6,5.9,9,4.6,2.1,2.6,0.9,5.2,5.3,4,4.4,12.8,4.5,8.2,3.2,8.4,16.5,29.2,29.2,28.7,37.9,18,3.2,12.8,5.1,35235064
2008:Q4,age70plus,17.2,16.2,16.7,13.7,17.7,25,23.7,29.4,29.2,30.2,19.1,16.4,41.6,18.7,17.3,1.5,3.2,14.2,17,22.1,4.7,4.7,4,4.3,10.4,24.5,19.1,20.1,17953705
2008:Q4,age55to69,40.4,32.9,33.2,31.5,44.6,36.5,47.1,42.3,43.1,40.2,56.3,58.5,37.6,44.3,35.3,45.9,47.3,51.6,41.6,32.6,24.7,24.6,24.7,21,38.3,43.8,34.3,44.2,27089390
2008:Q4,age40to54,33,34.9,35.2,33.4,32,29.4,24.7,26.8,26,29.2,20.9,21.3,16.7,33.4,34.5,48.2,41.5,31,33.5,29.1,41.4,41.4,43.1,36.9,34.4,29.6,34.7,31.1,36472940
2008:Q4,ageunder40,9.4,16,14.9,21.4,5.7,9.1,4.5,1.4,1.8,0.4,3.7,3.7,4,3.6,12.8,4.5,8,3.2,7.9,16.2,29.2,29.2,28.2,37.7,17,2.2,11.9,4.6,35120346
2009:Q1,age70plus,17.2,16.3,16.9,13.9,17.6,25.1,23.6,29.4,28.8,31,15.1,11.3,43.1,18,17.3,1.5,3.3,14.2,17,22.4,4.6,4.6,4,4.2,11.6,22.1,18.9,20.2,18012121
2009:Q1,age55to69,40.8,33.2,33.6,31.6,45.1,36.8,47.5,42.9,44,40.1,61.5,64.6,38.7,44.6,35.5,46.6,47.5,52.1,41.9,32.8,24.7,24.7,25,20.7,41.1,41.8,34.4,44.8,27225293
2009:Q1,age40to54,32.9,34.8,35.1,33.4,31.9,29.3,24.5,26.5,25.5,29,20.3,21.1,14.2,34.2,34.6,47.4,41.2,30.5,33.7,29,41.7,41.7,43.1,37.2,31.6,33.8,34.8,30.8,36468642
2009:Q1,ageunder40,9.1,15.7,14.4,21.1,5.4,8.7,4.3,1.2,1.7,0,3.2,3.1,4.1,3.2,12.7,4.5,8,3.2,7.4,15.9,29,29,27.9,37.9,15.6,2.2,11.9,4.2,35009157
2009:Q2,age70plus,17.4,16.4,16.9,14.1,17.9,25.2,23.6,29.8,29.4,30.7,15.1,11,44.4,20.3,17.5,1.7,3.9,14.3,16.9,22.6,4.8,4.7,4.2,4.3,12.3,20.7,17.9,20.4,18076175
2009:Q2,age55to69,41.1,33.4,33.7,31.7,45.2,37.2,47.9,41.5,42,40.4,63.2,66.5,39.6,44,35.6,47.8,47,52.6,42.2,32.9,24.8,24.8,25.1,20.6,42.1,42,34.8,45,27366101
2009:Q2,age40to54,32.7,34.9,35.2,33.5,31.5,29.2,24.4,26.5,25.4,28.8,18.6,19.5,11.9,32,34.5,46,41.1,29.9,34.2,28.8,41.9,42,43.4,37.4,30.7,34.8,35,30.5,36454488
2009:Q2,ageunder40,8.9,15.4,14.1,20.7,5.4,8.4,4.1,2.2,3.2,0,3.2,3.1,4.1,3.7,12.4,4.5,8,3.2,6.7,15.6,28.5,28.5,27.3,37.7,14.9,2.5,12.3,4.2,34905236
2009:Q3,age70plus,17.7,16.4,16.9,14.2,18.3,25.3,23.5,29.2,28.8,30.1,15.3,11,45.7,22.1,17.6,1.9,4.3,14.4,17.3,22.9,4.8,4.8,4.3,4.3,12.8,19.4,17.7,20.7,18145596
2009:Q3,age55to69,41.4,33.5,33.9,31.9,45.5,37.5,48.3,43,43.8,41.1,64.6,68,40.5,43.5,35.8,49,46.6,53.1,42.5,33.1,25,25,25.3,20.4,42.9,42.4,34.9,45.3,27515558
2009:Q3,age40to54,32.3,35,35.4,33.7,30.9,29.1,24.3,25.9,24.8,28.8,16.9,17.9,9.8,30.3,34.4,44.6,41,29.4,33.8,28.6,42.1,42.1,43.5,37.6,30,35.4,35.1,30,36430521
2009:Q3,ageunder40,8.6,15,13.8,20.2,5.3,8.1,3.9,1.9,2.6,0,3.2,3.1,4.1,4.1,12.2,4.5,8,3.2,6.5,15.4,28.1,28.2,26.9,37.7,14.3,2.8,12.3,4,34812326
2009:Q4,age70plus,17.8,16.6,17.1,14.5,18.4,25.2,23.4,28.8,28.8,29,14.8,10,46.8,22.6,17.7,2,4.7,14.5,17.5,23.3,5,5,4.5,4.3,13.4,18.6,15.9,20.8,18220110
2009:Q4,age55to69,41.7,33.8,34.3,31.9,45.7,37.6,48.7,43.4,43.8,42,66.6,70.3,41.3,43.4,35.9,50.1,46.5,53.6,42.7,33.2,25.1,25.1,25.4,20.2,44,43.2,35.5,45.6,27677408
2009:Q4,age40to54,32,34.8,35.1,33.5,30.6,29.1,24.2,25.5,24.4,28.6,15.5,16.7,7.7,29.8,34.4,43.3,40.8,28.8,33.6,28.3,42.2,42.3,43.8,37.9,29,35,35.6,29.6,36396785
2009:Q4,ageunder40,8.4,14.7,13.5,20.1,5.3,8.2,3.7,2.3,3,0.3,3.1,3,4.1,4.2,12,4.6,8,3.2,6.2,15.1,27.6,27.7,26.4,37.6,13.6,3.1,13.1,4,34734166
2010:Q1,age70plus,18.1,16.7,17.2,14.7,18.7,25.2,23.3,28.7,28.4,29.6,14.3,9.3,47.9,23.3,17.7,2.1,5,14.6,18.2,23.4,5.3,5.2,4.8,4.3,13,17.7,18,21,18299443
2010:Q1,age55to69,42.1,34.2,34.7,32,46,37.9,49.2,44.2,45,42,68.4,72.4,41.9,43.3,36.1,51.1,46.4,54,43,33.5,25.2,25.2,25.4,19.8,41.8,43.8,35.2,45.9,27855395
2010:Q1,age40to54,31.6,34.7,35,33.5,30.1,29,24.1,25.1,23.9,28.4,14.2,15.5,6.1,29.1,34.3,42.2,40.6,28.2,32.7,28.2,42.5,42.5,44,38.2,31.1,35.1,35.1,29.2,36353326
2010:Q1,ageunder40,8.2,14.4,13.1,19.8,5.2,7.9,3.5,2,2.7,0,3.1,2.9,4.1,4.2,11.9,4.6,8,3.2,6.2,14.9,27.1,27.1,25.8,37.7,14,3.4,11.8,4,34674498
2010:Q2,age70plus,18.1,16.9,17.4,14.9,18.7,25.3,23.2,28.1,27.8,28.9,14.1,8.9,48.8,23,17.5,2.2,5.1,14.6,19,23.6,5.5,5.5,5.1,4.4,13.6,16.6,18.7,21,18383323
2010:Q2,age55to69,42.5,34.4,35,32.1,46.5,38.3,49.6,45.8,46.7,42.8,69.8,74,42.4,43.5,36.2,52,46.7,54.6,43.2,33.7,25.3,25.2,25.4,19.7,42.9,44,35.2,46.5,28053264
2010:Q2,age40to54,31.3,34.6,34.9,33.5,29.7,28.8,23.9,24.5,23.3,28.3,13,14.3,4.7,29.6,34.4,41.2,40.3,27.7,31.3,28.1,42.7,42.7,44.3,38.3,30.1,35.8,34.9,28.7,36300187
2010:Q2,ageunder40,8.1,14.1,12.8,19.6,5.1,7.6,3.2,1.7,2.2,0,3,2.9,4.1,4,11.9,4.6,7.9,3.2,6.4,14.6,26.5,26.6,25.1,37.5,13.4,3.6,11.3,3.9,34637062
2010:Q3,age70plus,18.4,17.2,17.7,15.1,19,25.3,23.2,27.4,27.5,26.9,14.2,8.8,49.7,24.1,17.7,2.3,5.5,14.6,19.6,23.8,5.6,5.6,5.3,4.5,14.5,15.3,16.6,21.2,18471475
2010:Q3,age55to69,42.9,34.7,35.3,32.2,46.8,38.6,50.2,46.8,47.6,43.4,71,75.2,42.8,43.3,36.4,53.2,46.6,55.1,43.5,34,25.3,25.3,25.6,19.5,45.1,43.9,35.8,46.8,28274757
2010:Q3,age40to54,30.8,34.4,34.6,33.5,29.1,28.7,23.6,23.8,22.8,27.8,11.8,13.1,3.4,28.4,34.2,39.9,40.1,27.1,30.4,27.9,42.9,42.9,44.5,38.5,28,37,35.4,28.1,36237413
2010:Q3,ageunder40,7.9,13.8,12.5,19.2,5.2,7.4,3.1,2,2.1,1.9,3,2.9,4.1,4.2,11.7,4.6,7.9,3.1,6.5,14.4,26.1,26.2,24.6,37.5,12.4,3.8,12.2,3.9,34625599
2010:Q4,age70plus,18.7,17.2,17.7,15.2,19.3,25.7,23.5,29.1,28.7,30.2,17.4,13,47.4,24.5,17.8,2.4,5.5,14.7,19.4,23.8,5.8,5.8,5.4,4.8,13.9,16.5,18,21.4,18563655
2010:Q4,age55to69,43,35,35.6,32.3,46.6,38.5,50.9,45.2,46.1,43,67.3,71,42.1,43.2,37,53.6,46.2,55.3,43,34.2,25.6,25.6,25.8,20,45.6,45.1,36.1,46.7,28522414
2010:Q4,age40to54,30.5,34.1,34.3,33.1,28.8,28.2,22.5,23.7,22.5,26.8,12.5,13.4,6,27.8,33.7,39.4,40.2,26.9,30.9,27.6,42.5,42.5,44.3,38.1,27.9,34.5,34.5,27.9,36165285
2010:Q4,ageunder40,7.9,13.7,12.4,19.4,5.2,7.6,3.1,2,2.8,0,2.9,2.7,4.5,4.5,11.5,4.7,8.1,3.2,6.7,14.4,26.1,26.1,24.5,37.1,12.6,3.9,11.4,4,34642478
2011:Q1,age70plus,18.9,17.3,17.8,15.3,19.6,26,23.7,29.6,29.3,30.5,19.6,15.7,45.5,24.8,18,2.4,5.6,14.7,19.1,23.9,6,6,5.5,4.8,13.4,18,18.1,21.6,18659735
2011:Q1,age55to69,43,35.1,35.8,32.5,46.4,38.2,51.6,45.5,46.1,43.8,64.7,68.1,41.8,43.2,37.5,53.8,46,55.6,42.5,34.4,25.8,25.8,26,19.9,46.8,46.9,36.6,46.6,28793941
2011:Q1,age40to54,30.2,33.8,34,32.8,28.6,27.8,21.6,22.9,21.9,25.7,13.1,13.9,7.8,27.3,33.2,39.1,40.2,26.6,31.6,27.3,42.2,42.2,44.2,37.9,27.2,31.2,34,27.7,36085030
2011:Q1,ageunder40,7.9,13.7,12.3,19.5,5.4,8,3.1,2,2.7,0,2.7,2.3,4.9,4.7,11.3,4.7,8.2,3.2,6.8,14.4,26,26,24.3,37.4,12.6,3.9,11.3,4.1,34684584
2011:Q2,age70plus,19.1,17.6,18.1,15.5,19.7,26.3,23.9,30.5,30,31.9,23,20.1,43.7,24.7,18.1,2.4,5.6,14.7,18.9,24,6,6,5.6,4.8,13.1,18.4,18.2,21.8,18759617
2011:Q2,age55to69,43.1,35.3,36,32.5,46.4,38,52.4,45.2,45.9,43.5,60.9,63.7,41.5,43.3,38.1,54.1,45.8,55.8,42.1,34.6,26.1,26.1,26.2,20.1,48.4,47.3,37.2,46.6,29085844
2011:Q2,age40to54,29.9,33.3,33.5,32.3,28.5,27.3,20.7,22.3,21.4,24.5,13.4,13.9,9.5,27.2,32.6,38.7,40.2,26.3,32.2,27,41.9,42,44,37.5,26.1,30.2,33.5,27.4,35998114
2011:Q2,ageunder40,8,13.9,12.4,19.8,5.5,8.3,3,2,2.7,0,2.7,2.3,5.3,4.8,11.2,4.7,8.3,3.1,6.9,14.4,25.9,26,24.2,37.5,12.4,4,11.2,4.2,34747433
2011:Q3,age70plus,18.9,17.5,18.1,15.4,19.5,26.6,24.2,31,30.2,33,24.8,22.3,42.2,23.5,18.1,2.3,5.5,14.7,18.7,24.2,6.1,6.1,5.7,4.9,12.3,18.5,17,21.7,18863201
2011:Q3,age55to69,43.2,35.4,36,32.8,46.6,37.8,53.1,46.2,47.3,43.5,58.9,61.4,41.5,43.6,38.7,54.2,45.9,56.2,41.7,34.8,26.2,26.2,26.4,20.2,48.7,47.4,38.1,46.8,29394624
2011:Q3,age40to54,29.9,33.2,33.4,32.1,28.4,26.9,19.8,21.4,20.6,23.5,13.9,14.4,10.8,28.4,32.1,38.6,40.1,26,32.7,26.7,41.7,41.7,43.8,37.2,26.3,30.2,33.2,27.4,35906003
2011:Q3,ageunder40,8,13.9,12.4,19.6,5.4,8.7,3,1.4,1.9,0,2.4,2,5.6,4.5,11.1,4.8,8.5,3.1,7,14.4,26,26,24.1,37.6,12.7,4,11.7,4.2,34826537
2011:Q4,age70plus,19.1,17.8,18.3,15.5,19.7,26.9,24.4,31.6,30.9,33.6,25.3,22.9,40.7,23.8,18.4,2.4,5.6,14.8,18.5,24.4,6.1,6.1,5.7,5,11.6,18.2,16.7,21.8,18970388
2011:Q4,age55to69,43.3,35.6,36.3,33,46.5,37.6,53.8,46.3,47.2,43.9,58,60.6,41.3,43.6,39.3,54.6,45.7,56.5,41.2,34.9,26.5,26.4,26.8,20.5,48.8,47.1,38.8,46.8,29716783
2011:Q4,age40to54,29.5,32.7,32.9,31.7,28.2,26.5,18.9,20.7,20,22.5,14.7,15.1,12.1,27.9,31.5,38.2,40.1,25.7,33.1,26.2,41.4,41.4,43.5,36.8,26.6,30.8,32.8,27.1,35810160
2011:Q4,ageunder40,8,13.9,12.4,19.7,5.6,9.1,3,1.4,1.9,0,2,1.4,5.9,4.8,10.8,4.8,8.6,3.1,7.2,14.4,26,26.1,24.1,37.7,13.1,3.9,11.7,4.3,34917410
2012:Q1,age70plus,19.4,18.1,18.7,15.8,20,27.2,24.6,32.6,31.8,34.4,27.2,25.4,39.2,24.4,18.4,2.5,5.7,14.8,18.2,24.4,6.3,6.3,5.9,5,11,19.3,17.8,22.1,19081079
2012:Q1,age55to69,43.3,35.9,36.6,33,46.4,37.4,54.5,45.5,46.2,43.9,55.8,58.1,40.8,43.5,39.9,55.1,45.4,56.7,40.8,35.2,26.7,26.6,26.9,20.4,50,48.4,39,46.7,30048825
2012:Q1,age40to54,29.1,32.1,32.3,31.2,27.9,26,18,20.3,19.6,21.6,15.1,15.3,13.9,26.9,31,37.6,40.1,25.4,33.7,26,41.1,41.1,43.3,36.6,25.9,28.2,32.1,26.7,35712051
2012:Q1,ageunder40,8.1,14,12.4,20.1,5.7,9.4,2.9,1.6,2.4,0,1.8,1.2,6.2,5.1,10.8,4.8,8.8,3.1,7.3,14.4,25.9,26,23.9,38,13,4,11.1,4.5,35015568
2012:Q2,age70plus,19.5,18.1,18.7,15.7,20,27.7,24.8,32.8,32,34.8,29.4,28.2,37.7,24.1,18.1,2.4,5.7,14.8,18.1,24.3,6.3,6.3,5.9,5.1,10.4,19.6,18.8,22.1,19195175
2012:Q2,age55to69,43.4,36,36.7,33.3,46.5,37.3,55.2,46.7,47.6,44.6,53.4,55.3,40.2,43.7,40.4,55.3,45.3,57,40.4,35.5,26.9,26.9,27.2,20.7,50.9,48.8,39.2,46.8,30387252
2012:Q2,age40to54,28.9,31.8,32.1,31,27.7,25.5,17.1,19.3,18.8,20.6,15.5,15.5,15.7,27.1,30.6,37.4,40.1,25,34.1,25.7,40.8,40.8,43.1,36.2,25.5,27.7,31.4,26.6,35613141
2012:Q2,ageunder40,8.2,14.1,12.6,20,5.7,9.6,2.9,1.1,1.6,0,1.7,1.1,6.4,5.1,10.8,4.9,8.9,3.1,7.5,14.5,26,26,23.8,38,13.2,4,10.5,4.6,35116523
2012:Q3,age70plus,19.7,18.2,18.8,15.7,20.2,28.1,24.9,33.7,32.8,35.7,31,30.3,36.3,24.4,18.2,2.4,5.8,14.8,18,24.4,6.3,6.3,5.9,5.2,9.8,20.2,18.9,22.3,19312577
2012:Q3,age55to69,43.5,36.2,36.8,33.5,46.4,37.2,55.8,46.3,47.1,44.3,51.5,53.1,39.8,43.7,41,55.7,45,57.3,40,35.7,27.3,27.2,27.6,20.9,51.8,49.4,39.8,46.6,30728567
2012:Q3,age40to54,28.6,31.5,31.7,30.7,27.5,25,16.4,18.9,18.3,20,15.9,15.7,17.2,26.6,30.1,37,40.1,24.7,34.3,25.4,40.4,40.4,42.7,35.8,25.1,26.4,30.9,26.3,35514895
2012:Q3,ageunder40,8.2,14.1,12.6,20,5.9,9.8,2.9,1.2,1.7,0,1.5,0.8,6.7,5.3,10.7,4.9,9.1,3.1,7.7,14.5,26.1,26.1,23.8,38.2,13.3,4,10.4,4.8,35215789
2012:Q4,age70plus,19.7,18.3,19,15.8,20.3,28.3,25,34.1,33.4,35.8,33,32.8,35,24.3,18.2,2.4,5.8,14.8,17.8,24.5,6.5,6.5,6.1,5.4,9.1,19.9,16.2,22.3,19433187
2012:Q4,age55to69,43.5,36.4,37.1,33.7,46.4,36.9,56.3,46.7,47.3,45.4,49.4,50.7,39.4,43.8,41.6,56,44.9,57.6,39.6,35.9,27.3,27.3,27.6,21.2,52.6,49.1,41.4,46.7,31069272
2012:Q4,age40to54,28.4,31.1,31.3,30.4,27.3,24.6,15.8,18.1,17.8,18.8,16.1,15.8,18.7,26.4,29.6,36.6,40,24.4,34.7,25.1,40.2,40.3,42.6,35.4,24.9,27,30.8,26.1,35418779
2012:Q4,ageunder40,8.3,14.2,12.7,20.1,6,10.3,2.9,1.1,1.6,0,1.4,0.7,6.9,5.4,10.6,5,9.3,3.1,7.9,14.5,26,26,23.6,38,13.4,4,11.7,5,35308882
2013:Q1,age70plus,20,18.6,19.2,16,20.5,28.7,25.2,34.7,34.2,36,34.2,34.2,34,25,18.2,2.5,5.9,14.9,17.7,24.6,6.2,6.2,5.7,5.2,8.4,20.9,16.7,22.5,19556904
2013:Q1,age55to69,43.6,36.7,37.4,33.8,46.3,36.7,57,46.5,46.6,46.1,48.1,49.2,39.3,43.8,42.2,56.4,44.6,57.8,39.2,36.1,28,27.9,28.4,21.4,53.4,50.2,41.8,46.5,31405871
2013:Q1,age40to54,28,30.5,30.7,29.9,27,24.1,15,17.4,17.3,17.7,16.6,16.2,19.6,25.5,29.1,36.2,40,24.1,35.2,24.8,39.6,39.6,42,35,24.6,24.9,30.2,25.9,35326256
2013:Q1,ageunder40,8.4,14.2,12.7,20.3,6.2,10.5,2.8,1.4,1.8,0.3,1.2,0.4,7.1,5.7,10.5,5,9.4,3.1,8,14.5,26.3,26.3,23.9,38.5,13.6,4,11.3,5.1,35391314
2013:Q2,age70plus,20,18.6,19.3,16,20.6,29.1,25.4,35.2,35.3,34.8,36.6,37,33.1,25,18.2,2.5,6,15,17.7,24.7,6.3,6.3,5.8,5.3,7.6,21.5,17.8,22.5,19683630
2013:Q2,age55to69,43.6,36.8,37.5,34,46.2,36.4,57.6,45.5,45.3,46.2,45.6,46.4,39.2,43.8,42.7,56.6,44.4,58,38.9,36.3,28.3,28.3,28.7,21.7,53.9,51,41.9,46.3,31734865
2013:Q2,age40to54,27.8,30.2,30.4,29.7,26.8,23.6,14.2,16.7,17,15.6,16.5,16,20.4,25.4,28.6,35.8,40,23.8,35.1,24.5,39.2,39.2,41.7,34.5,24.6,23.5,29.6,25.7,35238793
2013:Q2,ageunder40,8.6,14.3,12.8,20.3,6.4,10.8,2.8,2.7,2.4,3.4,1.2,0.5,7.3,5.8,10.4,5,9.6,3.2,8.3,14.5,26.2,26.3,23.8,38.5,13.9,4,10.7,5.4,35458600
2013:Q3,age70plus,20.1,18.6,19.3,15.9,20.7,29.5,25.5,35.8,36,34.8,37.8,38.5,32.2,25.2,18.4,2.6,6.1,15.1,17.8,24.8,6.3,6.3,5.8,5.3,7,21.9,16.9,22.5,19813267
2013:Q3,age55to69,43.6,37,37.7,34.4,46.2,36.2,58,45.2,44.8,46.4,44.3,44.9,39.1,43.9,43.3,57,44.2,58.1,38.6,36.5,28.5,28.5,29,21.9,55.3,51.3,42.8,46.3,32052757
2013:Q3,age40to54,27.6,30,30,29.6,26.6,23.2,13.7,16.1,16.6,14.4,16.9,16.3,21.2,24.9,28.1,35.4,40.1,23.6,35,24.2,38.9,38.9,41.4,34.2,23.8,22.8,29.3,25.6,35157853
2013:Q3,ageunder40,8.8,14.4,13,20.1,6.5,11.1,2.8,2.9,2.5,4.4,1,0.2,7.5,5.9,10.2,5,9.7,3.2,8.6,14.5,26.3,26.3,23.8,38.5,13.8,4.1,11.1,5.7,35506254
2013:Q4,age70plus,20.4,18.9,19.5,16.1,21,29.5,26.1,35.7,36,34.5,37.7,38.2,34.3,25.9,18.8,2.5,6.3,15.5,18.4,25.3,6.7,6.7,5.9,5.5,6.9,24.7,17.7,22.8,19945692
2013:Q4,age55to69,43.8,37,37.6,34.5,46.5,36.6,57.5,44.6,44.1,46.3,44.5,45.2,38.6,44.2,43.3,57.6,44.8,58.2,39.3,36.3,28.9,28.8,29.1,21.9,54.2,53.3,42.7,46.4,32356560
2013:Q4,age40to54,27.2,29.9,30,29.5,26.1,23.1,13.6,16.1,16.5,14.5,16.5,16,20.3,24.3,27.8,34.9,39.5,23.2,33.9,24,38.4,38.4,41.4,34.3,24.2,18,28.9,25.2,35084281
2013:Q4,ageunder40,8.6,14.2,12.8,19.9,6.4,10.9,2.8,3.7,3.4,4.7,1.3,0.6,6.8,5.6,10.1,5,9.5,3.2,8.4,14.4,26,26,23.5,38.4,14.7,4,10.7,5.5,35531400
2014:Q1,age70plus,20.8,19.2,19.9,16.3,21.4,29.3,26.7,35.4,35.8,34.2,37.9,38.1,36.3,26.5,19.2,2.5,6.5,15.8,18.8,25.6,7,7,6.2,5.6,6.9,26,18.5,23.1,20080701
2014:Q1,age55to69,44,37.1,37.7,34.5,46.7,36.9,57,44.6,44.2,46.1,44.5,45.2,38.2,44.4,43.4,58.1,45.2,58.3,40,36.3,28.8,28.8,29.1,21.5,53.9,53.2,42.5,46.6,32645325
2014:Q1,age40to54,26.8,29.7,29.8,29.3,25.7,23,13.5,15.9,16.3,14.5,16,15.6,19.5,23.7,27.5,34.6,39,22.7,33.1,23.9,38.4,38.4,41.4,34.5,23.8,16.9,28.5,24.8,35016426
2014:Q1,ageunder40,8.4,14,12.6,19.9,6.3,10.8,2.8,4,3.7,5.2,1.6,1.1,6.1,5.4,10,4.9,9.3,3.2,8,14.3,25.8,25.8,23.2,38.5,15.4,3.8,10.4,5.5,35537607
2014:Q2,age70plus,21.1,19.4,20.1,16.4,21.8,29.3,27.3,35.4,35.6,34.5,37,36.9,38.3,27,19.6,2.4,6.6,16.2,19.5,25.9,7.3,7.3,6.5,5.8,6.9,27.2,19.5,23.4,20218065
2014:Q2,age55to69,44.2,37,37.5,34.6,46.9,37.3,56.5,44.5,44,46,45.4,46.2,37.7,44.7,43.4,58.6,45.7,58.4,40.7,36.1,28.7,28.7,29.1,21.4,53.2,52.8,42.3,46.7,32918610
2014:Q2,age40to54,26.4,29.7,29.8,29.2,25.2,22.9,13.3,15.9,16.2,15,15.9,15.6,18.6,23.2,27.1,34.2,38.5,22.3,31.9,23.8,38.4,38.4,41.5,34.5,23.7,16.3,28.2,24.5,34952018
2014:Q2,ageunder40,8.3,13.9,12.6,19.7,6.1,10.5,2.8,4.2,4.2,4.5,1.7,1.3,5.4,5.1,9.9,4.9,9.2,3.1,7.9,14.2,25.6,25.6,22.9,38.3,16.2,3.7,10,5.4,35530052
2014:Q3,age70plus,21.4,19.7,20.4,16.7,22,29.2,27.9,35.2,35.4,34.3,36.9,36.6,40.2,27.2,20,2.3,6.8,16.5,20.1,26.2,7.4,7.4,6.7,5.9,7,28.1,19.2,23.7,20357555
2014:Q3,age55to69,44.3,37,37.5,34.6,47.2,37.6,55.8,44.5,44.1,45.9,45.6,46.4,37.2,44.9,43.4,58.9,46.1,58.5,41.4,36,28.3,28.3,29.1,21.2,53,50.2,42.6,47,33175977
2014:Q3,age40to54,26.2,29.5,29.6,29,24.9,22.9,13.3,15.8,16,15,15.5,15.3,17.9,23.1,26.9,33.9,38,21.9,30.8,23.7,38.7,38.7,41.6,34.6,23.1,18.4,27.9,24.1,34888787
2014:Q3,ageunder40,8.2,13.8,12.4,19.7,6,10.4,2.9,4.5,4.4,4.8,2,1.7,4.7,4.8,9.8,4.8,9.1,3.1,7.7,14.1,25.6,25.6,22.7,38.2,16.9,3.4,10.2,5.3,35513915
2014:Q4,age70plus,21.7,20.1,20.8,16.9,22.3,29.2,28.6,35,35.3,33.8,35.6,34.9,42.1,27.6,20.5,2.3,7,16.9,20.6,26.6,7.6,7.6,6.9,6.1,6.9,29.5,19.1,24,20498945
2014:Q4,age55to69,44.5,37,37.6,34.6,47.4,37.9,55.2,44.4,44.1,45.7,46.8,47.9,36.7,45.1,43.4,59.4,46.5,58.6,42,35.9,28.2,28.2,29.1,21.2,52.1,49.1,42.9,47.1,33416986
2014:Q4,age40to54,25.8,29.3,29.4,28.8,24.5,22.8,13.3,15.6,15.9,14.9,15.6,15.4,17.1,22.7,26.6,33.6,37.6,21.5,29.8,23.5,38.7,38.7,41.6,34.7,23.1,18.3,27.7,23.7,34824461
2014:Q4,ageunder40,8,13.6,12.2,19.7,5.9,10.2,2.9,5,4.8,5.6,2,1.8,4.1,4.5,9.6,4.8,8.9,3,7.6,14,25.5,25.5,22.5,38.1,17.9,3.1,10.4,5.2,35494372
2015:Q1,age70plus,21.9,20.4,21.1,17.1,22.5,29,29.3,34.6,35,32.8,34.7,33.8,44,28,20.9,2.2,7.1,17.3,21.1,26.9,7.8,7.8,7.1,6.1,6.9,31,19.9,24.2,20642006
2015:Q1,age55to69,44.6,37,37.5,34.6,47.5,38,54.5,44.8,44.6,45.4,47.6,48.8,36,45.3,43.3,59.8,46.9,58.6,42.6,35.7,28.1,28.1,29.1,20.8,50.9,48.5,42.7,47.2,33641197
2015:Q1,age40to54,25.5,29.1,29.2,28.7,24.2,22.8,13.2,15.4,15.6,14.6,15.4,15.3,16.5,22.4,26.3,33.3,37.2,21.2,28.9,23.4,38.7,38.7,41.6,34.8,23.1,17.6,27.4,23.4,34756768
2015:Q1,ageunder40,7.9,13.4,12.1,19.6,5.8,10.2,3,5.3,4.8,7.2,2.2,2.1,3.5,4.3,9.5,4.7,8.8,3,7.4,13.9,25.4,25.4,22.2,38.2,19,3,10.1,5.1,35476604
2015:Q2,age70plus,22.2,20.7,21.5,17.4,22.7,29,30,34.4,34.9,31.6,33.3,32,45.9,28.3,21.3,2.1,7.3,17.6,21.7,27.3,8,8,7.2,6.2,6.8,32.4,20.6,24.4,20786510
2015:Q2,age55to69,44.7,36.9,37.4,34.5,47.7,38.3,53.8,44.7,44.6,45.2,48.9,50.3,35.4,45.5,43.3,60.2,47.3,58.7,43.1,35.6,28.1,28.1,29.1,20.9,49.5,48,42.5,47.3,33848169
2015:Q2,age40to54,25.3,29,29.2,28.5,23.8,22.7,13.1,15.2,15.4,14.1,15.5,15.4,15.9,22.2,26,33,36.7,20.8,27.9,23.3,38.6,38.6,41.6,34.8,23.4,16.8,27.1,23.2,34683438
2015:Q2,ageunder40,7.8,13.4,12,19.6,5.7,10,3,5.7,5,9.1,2.3,2.2,2.9,4,9.4,4.7,8.7,2.9,7.3,13.8,25.3,25.3,22.1,38.1,20.3,2.8,9.8,5,35465788
2015:Q3,age70plus,22.3,20.8,21.6,17.5,22.9,29,30.6,33.9,34.4,31.3,31.8,30.2,47.7,28.2,21.6,2,7.5,18,22.1,27.7,8.2,8.1,7.4,6.3,6.8,34.1,20.6,24.6,20932229
2015:Q3,age55to69,44.8,36.8,37.2,34.7,48.1,38.6,53.1,45.9,46,44.9,50.3,51.8,34.7,45.8,43.3,60.5,47.6,58.7,43.6,35.3,28,27.9,29.1,20.8,48.2,46.6,42.6,47.6,34037464
2015:Q3,age40to54,25.2,29.1,29.3,28.5,23.6,22.6,13.2,14.9,15,14.2,15.5,15.5,15.4,22.4,25.8,32.9,36.3,20.4,27.1,23.2,38.6,38.6,41.6,34.9,23.4,16.7,26.8,23,34602200
2015:Q3,ageunder40,7.7,13.2,11.9,19.3,5.5,9.8,3.1,5.3,4.6,9.6,2.4,2.4,2.3,3.5,9.4,4.7,8.6,2.9,7.2,13.8,25.3,25.3,21.9,38,21.6,2.6,9.9,4.9,35467102
2015:Q4,age70plus,22.5,21,21.8,17.7,23.1,28.9,31.3,33.8,34.2,28.6,30.2,28.3,49.5,28.7,22,1.9,7.6,18.4,22.5,28.2,8.4,8.3,7.6,6.4,6.5,35.8,20.8,24.8,21078935
2015:Q4,age55to69,44.9,36.7,37.1,34.8,48.2,38.8,52.3,46.1,46.2,44.5,51.7,53.4,34,45.9,43.2,60.9,48,58.7,44.1,35.1,27.8,27.8,29,20.4,45.8,45.3,42.7,47.6,34208642
2015:Q4,age40to54,25,29.2,29.3,28.5,23.3,22.5,13.2,14.7,14.9,12.8,15.5,15.6,14.8,22.1,25.5,32.5,35.9,20.1,26.5,23,38.7,38.7,41.6,35,24.4,16.5,26.6,22.8,34510783
2015:Q4,ageunder40,7.6,13.1,11.8,19.1,5.4,9.7,3.1,5.4,4.7,14.1,2.6,2.7,1.7,3.3,9.3,4.6,8.5,2.8,6.9,13.7,25.2,25.2,21.8,38.2,23.3,2.3,9.9,4.8,35485725
2016:Q1,age70plus,22.8,21.4,22.1,18,23.4,28.8,32.2,33.7,34,28.1,29.9,27.9,51.4,29,22.5,1.9,7.8,18.8,22.9,28.6,8.5,8.5,7.8,6.4,6.5,37.6,21.6,25.1,21226400
2016:Q1,age55to69,44.9,36.6,37,34.7,48.3,38.9,51.5,46.5,46.6,44.2,51.9,53.7,33.5,46.1,43.1,61.3,48.3,58.7,44.5,34.9,27.6,27.6,29.1,20.1,44.1,44.3,42.5,47.7,34361261
2016:Q1,age40to54,24.7,29,29.2,28.2,23,22.5,13.2,14.5,14.6,12.8,15.2,15.3,14,21.8,25.2,32.3,35.5,19.7,26,22.9,38.6,38.7,41.5,35,24.5,16,26.3,22.5,34406916
2016:Q1,ageunder40,7.5,13,11.7,19.1,5.3,9.7,3.1,5.3,4.7,14.9,3,3.2,1.1,3.1,9.2,4.6,8.4,2.8,6.7,13.6,25.2,25.2,21.6,38.5,25,2.1,9.7,4.7,35526836
2016:Q2,age70plus,23.2,21.8,22.5,18.4,23.7,28.9,33.2,33.5,33.8,27.1,28.7,26.5,53.2,29.4,23,1.9,8,19.2,23.3,29,8.7,8.7,7.9,6.5,6.5,39,22.2,25.4,21374396
2016:Q2,age55to69,45,36.5,36.9,34.5,48.4,39.2,50.7,47,47.1,43.8,52.9,54.8,33,46.2,43,61.6,48.6,58.6,44.9,34.7,27.6,27.6,29.1,20.2,42.7,43.9,42.3,47.7,34494884
2016:Q2,age40to54,24.4,28.8,29,27.9,22.7,22.4,13,14.3,14.4,12.6,15,15.2,13.2,21.5,24.9,31.9,35.1,19.4,25.2,22.7,38.5,38.5,41.4,35,24.1,15.1,26,22.2,34288327
2016:Q2,ageunder40,7.4,12.9,11.6,19.3,5.2,9.5,3.2,5.2,4.7,16.5,3.3,3.5,0.6,3,9.1,4.6,8.3,2.8,6.6,13.6,25.2,25.2,21.6,38.4,26.7,2,9.5,4.6,35595612
2016:Q3,age70plus,23.4,21.8,22.6,18.4,24,28.9,34.1,33.8,33.9,25.8,26.6,24,55,29.8,23.4,1.8,8.1,19.6,23.8,29.4,8.9,8.9,8.1,6.6,6.5,40.3,21.9,25.6,21522696
2016:Q3,age55to69,45,36.3,36.6,34.7,48.5,39.3,49.8,46.6,46.7,43.4,54.8,56.8,32.4,46.2,42.9,62,48.8,58.5,45.2,34.4,27.5,27.5,29,20,40.9,43.6,42.5,47.7,34609070
2016:Q3,age40to54,24.3,29,29.1,28,22.4,22.3,12.9,14.3,14.3,12.2,15.2,15.4,12.6,21.2,24.6,31.6,34.8,19.1,24.5,22.6,38.4,38.4,41.3,34.9,23.7,14.2,25.8,22.1,34152746
2016:Q3,ageunder40,7.4,12.9,11.7,18.9,5.1,9.5,3.2,5.3,5.1,18.7,3.5,3.8,0.1,2.8,9,4.5,8.3,2.8,6.5,13.6,25.2,25.3,21.5,38.4,28.8,1.9,9.8,4.6,35697233
2016:Q4,age70plus,23.4,21.8,22.5,18.5,24,29,34.4,34.5,34.5,NA,27,24.3,54.8,29.6,23.3,2.1,8.3,19.8,23.3,29.5,9,8.9,8.2,6.8,6.8,39.3,20.9,25.6,21671136
2016:Q4,age55to69,44.8,36.3,36.7,34.6,48.2,39.1,49.4,46,46,NA,53.8,55.8,32,46.2,42.4,61.9,48.6,58.3,44.9,34.3,27.3,27.3,28.8,20.2,43.4,43.2,42.4,47.5,34703774
2016:Q4,age40to54,24.5,29,29.2,28.2,22.6,22.4,13,14.2,14.2,NA,16,16.3,13.1,21.4,25.2,31.4,34.8,19.1,25.4,22.6,38.2,38.2,41.1,34.6,22.5,15.5,26.4,22.3,33998888
2016:Q4,ageunder40,7.4,12.9,11.7,18.7,5.1,9.5,3.2,5.3,5.3,NA,3.2,3.5,0.1,2.8,9.2,4.6,8.3,2.8,6.4,13.6,25.5,25.6,21.9,38.4,27.3,1.9,10.3,4.5,35835056
2017:Q1,age70plus,23.4,21.8,22.5,18.7,24.1,29.1,34.7,35,35,NA,28.6,26.2,54.7,29.6,23.3,2.4,8.5,20,22.9,29.5,9.1,9.1,8.4,6.8,7.1,37.4,21.4,25.6,21819820
2017:Q1,age55to69,44.6,36.3,36.6,34.4,48,38.8,49,45.7,45.7,NA,51.7,53.5,31.4,46.1,41.8,61.8,48.3,58.1,44.5,34.2,27.2,27.1,28.5,20,45.9,44.7,41.6,47.3,34780535
2017:Q1,age40to54,24.6,29,29.1,28.2,22.8,22.5,13.1,14,14,NA,16.6,16.8,13.8,21.4,25.6,31.1,34.8,19.1,26.2,22.6,37.9,38,40.9,34.3,21.1,15.7,26.8,22.5,33829418
2017:Q1,ageunder40,7.4,12.9,11.8,18.7,5.2,9.6,3.2,5.3,5.3,NA,3.2,3.4,0.2,2.9,9.2,4.7,8.3,2.9,6.4,13.7,25.8,25.9,22.2,38.8,25.8,2.2,10.2,4.6,36005164
2017:Q2,age70plus,23.5,21.8,22.4,18.8,24.1,29.4,35,35.4,35.4,NA,29.4,27.1,54.5,29.5,23.2,2.7,8.8,20.1,22.7,29.6,9.2,9.2,8.6,7,7.2,35.6,21.4,25.6,21968913
2017:Q2,age55to69,44.4,36.1,36.5,34.3,47.8,38.8,48.6,45.9,45.9,NA,50.3,52.1,31,46,41.3,61.7,48.1,57.8,44.2,34,27.1,27,28.2,20.1,47,46,41,47,34841288
2017:Q2,age40to54,24.6,29,29.1,28.3,22.9,22.4,13.2,13.7,13.7,NA,17.3,17.6,14.3,21.5,26.1,30.9,34.8,19,26.5,22.6,37.6,37.6,40.6,34,21.1,15.9,27.3,22.7,33647988
2017:Q2,ageunder40,7.5,13.1,11.9,18.6,5.2,9.4,3.2,5.1,5.1,NA,3,3.2,0.2,3,9.4,4.7,8.3,3,6.6,13.8,26.1,26.1,22.6,38.9,24.8,2.5,10.3,4.7,36201819
2017:Q3,age70plus,23.5,21.7,22.3,18.8,24.2,29.6,35,36,36,NA,30.1,27.9,54.3,29.5,23.2,3,9,20.3,22.3,29.7,9.3,9.2,8.7,7.1,7.5,34.1,21.2,25.6,22118584
2017:Q3,age55to69,44.2,36.1,36.4,34.2,47.5,38.6,48.3,45.2,45.2,NA,49,50.8,30.1,45.9,40.8,61.6,47.9,57.6,43.9,33.9,26.9,26.9,27.9,20.1,49.3,46.8,40.5,46.8,34887966
2017:Q3,age40to54,24.7,29,29.1,28.5,23,22.4,13.4,13.5,13.5,NA,18.1,18.3,15.3,21.6,26.5,30.6,34.8,19,27.2,22.5,37.3,37.4,40.3,33.7,19.8,16.4,27.8,22.8,33458248
2017:Q3,ageunder40,7.5,13.1,12.1,18.5,5.3,9.4,3.2,5.2,5.2,NA,2.8,3,0.3,3,9.5,4.8,8.4,3.1,6.6,13.9,26.5,26.5,23.1,39.1,23.4,2.7,10.5,4.7,36419281
2017:Q4,age70plus,23.5,21.7,22.2,18.9,24.3,29.7,35,36.5,36.5,NA,29.8,27.5,54.1,29.5,23.2,3.3,9.2,20.5,22,29.8,9.4,9.3,8.9,7.2,7.6,32.5,21,25.6,22268999
2017:Q4,age55to69,44.1,36,36.3,34.1,47.3,38.4,48.1,45.1,45.1,NA,48.6,50.4,29.4,45.8,40.2,61.5,47.6,57.4,43.5,33.7,26.9,26.8,27.6,20.2,50.9,48.5,40,46.6,34922504
2017:Q4,age40to54,24.8,29.1,29.2,28.6,23.1,22.4,13.7,13.3,13.3,NA,19.2,19.5,16.2,21.5,26.9,30.3,34.8,18.9,27.8,22.5,37,37,40.1,33.3,19.2,16.1,28.3,23,33263849
2017:Q4,ageunder40,7.6,13.2,12.2,18.4,5.3,9.4,3.3,5.1,5.1,NA,2.4,2.6,0.3,3.2,9.6,4.9,8.4,3.2,6.7,14,26.8,26.8,23.5,39.2,22.3,3,10.7,4.7,36651813
2018:Q1,age70plus,23.6,21.7,22.2,19.2,24.3,29.8,35.3,37,37,NA,30.6,28.4,53.9,29.3,23.2,3.6,9.4,20.7,21.6,29.8,9.5,9.5,9.1,7.3,7.7,31,22.1,25.6,22420327
2018:Q1,age55to69,43.8,35.9,36.3,33.9,47.1,38.1,47.6,45.1,45.1,NA,47.2,49,28.5,45.8,39.7,61.3,47.4,57.2,43.2,33.6,26.7,26.7,27.3,20,52.2,49.5,39.2,46.4,34946834
2018:Q1,age40to54,24.9,29.1,29.2,28.5,23.3,22.5,13.8,13,13,NA,20,20.3,17.2,21.8,27.4,30.1,34.7,18.9,28.4,22.5,36.7,36.8,39.8,33,18.8,16.2,28.5,23.2,33068444
2018:Q1,ageunder40,7.7,13.4,12.4,18.4,5.4,9.6,3.3,5,5,NA,2.2,2.4,0.4,3.1,9.7,4.9,8.4,3.3,6.7,14.1,27.1,27.1,23.8,39.7,21.3,3.2,10.3,4.8,36893677
2018:Q2,age70plus,23.6,21.7,22.2,19.3,24.4,30.1,35.4,37.3,37.3,NA,31.6,29.6,53.6,29.3,23.2,3.9,9.6,20.9,21.3,29.9,9.6,9.5,9.2,7.5,7.6,29.7,21.8,25.7,22572734
2018:Q2,age55to69,43.7,35.7,36.1,33.8,46.9,38,47.3,45.3,45.3,NA,45.6,47.3,27.4,45.7,39.2,61.2,47.2,56.9,42.9,33.4,26.5,26.5,27,20,52.5,49.9,38.7,46.2,34962893
2018:Q2,age40to54,25,29,29.1,28.6,23.4,22.5,14,12.7,12.7,NA,20.7,20.9,18.5,21.9,27.8,29.9,34.7,18.8,29,22.5,36.5,36.5,39.6,32.7,19.3,17,29,23.3,32875683
2018:Q2,ageunder40,7.7,13.5,12.6,18.3,5.4,9.4,3.3,4.7,4.7,NA,2.1,2.2,0.5,3.1,9.8,5,8.5,3.4,6.8,14.2,27.4,27.5,24.2,39.9,20.6,3.4,10.6,4.8,37139135
2018:Q3,age70plus,23.7,21.7,22.1,19.5,24.5,30.4,35.6,37.6,37.6,NA,32.8,30.9,53.3,29.3,23.3,4.2,9.8,21,21,30,9.6,9.6,9.4,7.6,7.9,28.3,22,25.8,22726387
2018:Q3,age55to69,43.5,35.6,36,33.6,46.7,37.9,46.9,45.9,45.9,NA,44,45.6,26.3,45.6,38.6,61,46.9,56.7,42.5,33.2,26.3,26.3,26.7,20,54.2,50.6,38.1,46,34972613
2018:Q3,age40to54,25,29,29.1,28.6,23.4,22.4,14.1,12.3,12.3,NA,21.3,21.4,19.9,21.9,28.1,29.7,34.7,18.8,29.7,22.5,36.2,36.3,39.3,32.4,18.4,17.6,29.3,23.4,32689219
2018:Q3,ageunder40,7.7,13.6,12.7,18.3,5.4,9.3,3.3,4.2,4.2,NA,1.9,2.1,0.6,3.2,10,5.1,8.5,3.5,6.8,14.3,27.8,27.8,24.7,40.1,19.4,3.6,10.6,4.8,37382448
2018:Q4,age70plus,23.5,21.7,22.1,19.6,24.3,30.6,35.3,37.9,37.9,NA,33.2,31.4,52.8,28.4,23.1,4.5,10.2,21.2,20.5,30.1,9.7,9.7,9.5,7.8,7.7,26.6,21.1,25.6,22881456
2018:Q4,age55to69,43.3,35.5,35.9,33.5,46.6,37.7,46.8,46.4,46.4,NA,42.9,44.5,25,45.8,38.1,60.7,46.6,56.4,42.2,33.1,26.1,26.1,26.4,20.1,53.9,50.6,37.8,45.9,34977928
2018:Q4,age40to54,25.4,29.1,29.1,28.7,23.8,22.4,14.4,11.9,11.9,NA,22.3,22.3,21.5,23.1,28.7,29.7,34.6,18.7,30.5,22.4,36.1,36.1,39.1,32,19.4,19,29.9,23.7,32512701
2018:Q4,ageunder40,7.8,13.7,12.9,18.1,5.3,9.3,3.4,3.8,3.8,NA,1.7,1.8,0.6,2.7,10.2,5.2,8.6,3.6,6.8,14.4,28.1,28.2,25,40.1,19,3.7,11.1,4.7,37617878
2019:Q1,age70plus,23.8,21.9,22.2,19.9,24.6,30.7,35.2,38.2,38.2,NA,34.3,32.6,52.3,29,23.2,4.8,10.3,21.4,20.2,30.1,9.8,9.7,9.7,7.8,8.2,25,21.7,25.9,23038105
2019:Q1,age55to69,43.2,35.5,36,33.1,46.3,37.4,46.7,46.9,46.9,NA,41.3,42.9,23.7,45.5,37.6,60.6,46.4,56.2,41.9,32.9,25.9,25.9,26.1,19.9,57.1,51.1,37.2,45.7,34980774
2019:Q1,age40to54,25.1,28.8,28.8,28.5,23.6,22.5,14.7,11.6,11.6,NA,22.9,22.9,23.2,22.4,29,29.4,34.6,18.7,31,22.4,35.9,35.9,38.9,31.8,17.3,19.9,30.1,23.6,32349782
2019:Q1,ageunder40,7.8,13.8,13,18.4,5.4,9.4,3.5,3.3,3.3,NA,1.5,1.6,0.8,3.2,10.3,5.3,8.6,3.7,6.9,14.6,28.5,28.5,25.4,40.5,17.5,3.9,11,4.9,37839688
2019:Q2,age70plus,23.9,22,22.3,20.1,24.7,31,35.5,38.4,38.4,NA,35.7,34.3,51.7,29,23.2,5.1,10.5,21.5,20,30.2,9.8,9.8,9.8,7.9,8.3,23.6,21.1,25.9,23196504
2019:Q2,age55to69,43.1,35.4,35.8,32.9,46.2,37.3,46.2,47.6,47.6,NA,39.4,41,22.2,45.4,37.1,60.5,46.2,56,41.6,32.7,25.8,25.8,25.8,20,57.9,52.1,36.7,45.5,34983083
2019:Q2,age40to54,25.1,28.7,28.7,28.6,23.7,22.5,14.8,11.2,11.2,NA,23.4,23.2,25.3,22.4,29.3,29.1,34.6,18.7,31.3,22.4,35.6,35.6,38.6,31.5,17.1,20.2,30.7,23.7,32204112
2019:Q2,ageunder40,7.9,14,13.1,18.4,5.4,9.2,3.5,2.8,2.8,NA,1.5,1.5,0.9,3.2,10.4,5.3,8.6,3.8,7.1,14.6,28.8,28.8,25.8,40.6,16.7,4.2,11.4,4.9,38042139
2019:Q3,age70plus,23.9,21.8,22.1,20.1,24.7,31.3,35,39,39,NA,37.4,36.2,50.9,28.8,23.2,5.4,10.8,21.6,19.7,30.2,9.8,9.8,9.9,8,8.6,22.1,21.4,25.9,23356819
2019:Q3,age55to69,42.9,35.1,35.5,32.9,46,37.1,46.3,47.5,47.5,NA,37.4,38.9,20.4,45.3,36.6,60.3,45.9,55.8,41.3,32.6,25.7,25.6,25.6,19.9,60,52.9,36.2,45.3,34986790
2019:Q3,age40to54,25.4,29,29,28.8,23.9,22.5,15.1,11,11,NA,23.7,23.3,27.7,22.8,29.7,28.9,34.6,18.8,31.9,22.5,35.4,35.4,38.4,31.2,15.9,20.7,31,23.9,32079344
2019:Q3,ageunder40,7.9,14.1,13.3,18.1,5.4,9.1,3.6,2.6,2.6,NA,1.5,1.5,1.1,3.2,10.5,5.4,8.7,3.9,7.1,14.7,29.1,29.1,26.2,40.8,15.4,4.4,11.4,4.9,38219493
2019:Q4,age70plus,24.3,22,22.3,20.3,25.2,31.1,35.2,39.2,39.2,NA,36.7,35.8,47.9,29.9,23.5,5.2,10.5,21.7,20.3,30.6,9.8,9.8,9.8,8.1,9.1,21.9,21.5,26.3,23519205
2019:Q4,age55to69,42.8,35.2,35.6,33,45.8,36.9,46.4,46.6,46.6,NA,39.2,40.7,22.1,44.9,36.9,59.8,46.6,55.3,41.4,32.4,25.7,25.7,25.6,20.2,57.3,53.4,36.6,45.2,34993750
2019:Q4,age40to54,24.9,28.8,28.8,28.6,23.4,22.4,14.9,10.9,10.9,NA,22.3,22,26.3,21.5,29.2,29.5,34.2,19,31.1,22.2,35.3,35.3,38.2,31.2,18,20.1,30.6,23.4,31978931
2019:Q4,ageunder40,8.1,14.1,13.3,18.1,5.7,9.6,3.6,3.3,3.3,NA,1.8,1.6,3.6,3.6,10.4,5.5,8.7,4,7.2,14.8,29.2,29.2,26.4,40.5,15.6,4.6,11.3,5.1,38366375
2020:Q1,age70plus,24.2,22.1,22.4,20.4,25.1,31,34.6,39.4,39.4,36.4,39.2,38.8,45.3,29.3,23.7,5.1,10.6,21.8,20.9,30.8,9.8,9.8,9.8,7.9,9.1,22,23,26.3,23683763
2020:Q1,age55to69,42.5,35.2,35.6,33,45.6,36.7,46.9,46,46,49.4,38.6,39.7,23.7,45,37.3,58.9,47,54.8,41.6,32.3,25.7,25.7,25.5,20.1,53,54.1,36.7,45,35005501
2020:Q1,age40to54,25,28.6,28.6,28.4,23.5,22.4,14.8,10.8,10.8,12.4,19.6,19.2,25.1,22.6,28.7,30.3,33.6,19.2,30.1,22,35.3,35.3,38.1,31.4,21.5,19.2,29.6,23.5,31905537
2020:Q1,ageunder40,8.3,14.1,13.4,18.1,5.8,10,3.6,3.8,3.8,1.8,2.6,2.4,5.9,3,10.3,5.7,8.7,4.1,7.4,14.8,29.2,29.3,26.5,40.6,16.4,4.7,10.6,5.2,38478868
2020:Q2,age70plus,24.7,22.3,22.6,20.5,25.7,30.6,34.7,40,40,39.4,38.7,38.4,42.9,31,24.1,5,10.3,21.9,21.5,31.1,9.7,9.7,9.8,7.9,9.7,21.4,22.7,26.8,23850581
2020:Q2,age55to69,42.4,35.2,35.6,33,45.3,36.3,47.1,44.1,43.9,47.8,39.9,41.1,25.1,44.4,37.7,58.6,47.6,54.4,41.7,32.2,25.6,25.6,25.5,20.1,51.8,54.3,37.2,44.7,35023503
2020:Q2,age40to54,24.4,28.3,28.3,28.4,22.9,22.5,14.7,11,10.9,12.8,18.5,18.1,24.1,20.6,28.1,30.7,33.3,19.4,29.3,21.8,35.4,35.4,38.1,31.5,22.4,19.3,29.4,22.9,31861630
2020:Q2,ageunder40,8.5,14.1,13.4,18.1,6.2,10.6,3.6,4.9,5.1,0,2.8,2.4,8,3.9,10.1,5.7,8.8,4.3,7.5,14.8,29.3,29.3,26.7,40.5,16.1,4.9,10.8,5.6,38553415
2020:Q3,age70plus,25.1,22.5,22.8,20.9,26.2,30.5,35.4,40.1,40.1,NA,37.6,37.4,40.7,32,24.5,4.8,10.1,22,22.2,31.5,9.8,9.8,9.7,7.9,10.4,22.4,22.6,27.2,24019748
2020:Q3,age55to69,42.2,35.2,35.6,32.9,45.1,36.1,46.7,43.6,43.6,NA,41.7,42.9,26.4,44.1,38.1,58.2,48.1,53.9,41.8,32.1,25.8,25.7,25.4,20.3,50.8,55.4,37.6,44.4,35049214
2020:Q3,age40to54,24.1,28.1,28.1,28,22.4,22.5,14.3,10.8,10.8,NA,17.8,17.4,23.1,19.6,27.6,31.1,33,19.7,28.2,21.6,35.3,35.3,38,31.7,23.1,17.2,29,22.5,31849675
2020:Q3,ageunder40,8.6,14.2,13.5,18.2,6.4,10.8,3.5,5.4,5.4,NA,2.9,2.4,9.8,4.3,9.9,5.8,8.8,4.4,7.8,14.8,29.2,29.2,26.8,40.2,15.8,5,10.8,5.8,38586463
2020:Q4,age70plus,25.6,22.7,23,21.2,26.8,30.3,36.1,40.2,40.2,NA,38,37.9,38.8,33.1,25,4.7,9.9,22.1,22.9,31.8,10,9.9,9.8,7.9,10.7,23.4,22.2,27.6,24191352
2020:Q4,age55to69,42.1,35.2,35.6,32.9,44.8,35.9,46.4,43.5,43.5,NA,42.3,43.4,27.5,43.7,38.5,57.9,48.5,53.4,42,32,25.9,25.9,25.3,20.5,48.9,56.4,38.1,44.2,35084095
2020:Q4,age40to54,23.5,27.9,28,27.7,21.9,22.6,14.1,10.7,10.7,NA,16.5,16.1,22.2,18.4,27,31.6,32.8,19.9,27.2,21.4,35.2,35.2,38.1,31.9,24.6,15.1,28.8,22,31872140
2020:Q4,ageunder40,8.7,14.2,13.5,18.3,6.6,11.2,3.4,5.7,5.7,NA,3.2,2.6,11.4,4.8,9.6,5.9,8.8,4.5,8,14.8,29,29,26.8,39.7,15.8,5,11,6.1,38574457
2021:Q1,age70plus,26,23,23.2,21.5,27.2,30,36.3,40.9,40.9,NA,37.9,37.9,37.2,33.8,25.2,4.6,9.8,22.2,23.5,32,10.1,10,9.8,7.9,11.2,24,23.5,28,24365481
2021:Q1,age55to69,41.9,35.2,35.6,32.7,44.5,35.6,46.4,41.3,41.3,NA,43.2,44.3,28.9,43.4,38.8,57.2,48.9,53,42.1,31.9,25.9,25.9,25.2,20.5,47.5,57,38.2,43.9,35129604
2021:Q1,age40to54,23.2,27.6,27.7,27.3,21.5,22.7,13.9,10.9,10.9,NA,15.6,15.1,21.1,17.7,26.6,32.2,32.6,20.2,26.2,21.3,35.2,35.3,38.2,32.1,25.6,13.9,28.1,21.7,31931492
2021:Q1,ageunder40,8.9,14.2,13.5,18.4,6.8,11.7,3.4,6.9,6.9,NA,3.4,2.7,12.8,5.1,9.4,6,8.8,4.6,8.2,14.8,28.8,28.8,26.8,39.5,15.6,5.1,10.3,6.4,38513841
2021:Q2,age70plus,26.4,23.2,23.4,22,27.6,30.1,36.7,41.2,41.1,43.4,38,38.2,35.8,34.4,25.5,4.4,9.6,22.3,24.3,32.3,10,9.9,9.7,8,11.6,24.1,23.2,28.4,24542224
2021:Q2,age55to69,41.7,35.2,35.7,32.5,44.3,35.5,46.3,40.7,40.6,43.6,43.8,44.8,30.1,43.1,39.1,56.8,49.2,52.5,42.2,31.8,26.1,26.1,25.3,21.1,46.2,57.4,38.6,43.7,35187201
2021:Q2,age40to54,22.9,27.3,27.3,26.7,21.2,22.7,13.8,10.9,10.9,11.3,14.6,14.2,20.2,17.1,26.1,32.7,32.4,20.5,25,21.2,35.2,35.2,38.1,32.2,26.7,13.3,27.8,21.3,32030198
2021:Q2,ageunder40,9,14.3,13.5,18.7,7,11.7,3.3,7.2,7.3,1.7,3.6,2.8,14,5.4,9.2,6,8.7,4.7,8.5,14.7,28.7,28.7,26.9,38.6,15.5,5.1,10.4,6.6,38401060
2021:Q3,age70plus,26.6,23.4,23.6,22.4,27.9,30.1,37.2,41.3,41.1,44.9,38.5,38.9,34.5,34.9,25.8,4.3,9.5,22.4,25.1,32.6,9.9,9.8,9.5,7.9,11.9,24.2,23.3,28.7,24721669
2021:Q3,age55to69,41.6,35.3,35.8,32.4,44.1,35.4,46,40.7,40.6,42.8,44,45,31.1,42.9,39.4,56.3,49.6,52.1,42.4,31.7,26.3,26.2,25.4,21.4,44.4,57.8,39,43.5,35258345
2021:Q3,age40to54,22.7,27,27.1,26.4,20.9,22.7,13.6,10.9,10.8,11.5,13.6,13.2,19.3,16.7,25.8,33.3,32.2,20.8,23.8,21.1,35.3,35.3,38.1,32.5,28.2,12.8,27.5,21.1,32170724
2021:Q3,ageunder40,9.1,14.2,13.4,18.8,7.1,11.8,3.2,7.1,7.4,0.8,3.8,3,15.1,5.5,9,6,8.7,4.8,8.8,14.6,28.6,28.6,27,38.2,15.5,5.2,10.2,6.7,38232561
2021:Q4,age70plus,26.9,23.6,23.8,22.7,28.2,30,37.4,41.4,41.4,NA,38.6,39,33.3,35.4,26,4.2,9.4,22.5,25.6,32.8,9.7,9.7,9.3,7.9,11.7,24.1,23.5,29,24903904
2021:Q4,age55to69,41.5,35.3,35.8,32.4,43.9,35.2,46,40,40,NA,44.6,45.5,32.1,42.7,39.7,55.7,49.8,51.6,42.4,31.6,26.4,26.4,25.5,21.8,41.5,58.1,39.3,43.3,35344495
2021:Q4,age40to54,22.5,26.9,27.1,26.2,20.7,22.8,13.5,10.9,10.9,NA,12.8,12.4,18.6,16.3,25.5,34,32.1,21.1,23,21.1,35.4,35.4,38.2,32.7,30.7,12.6,27.1,20.9,32355537
2021:Q4,ageunder40,9.2,14.2,13.3,18.8,7.2,11.9,3.2,7.8,7.8,NA,4,3.1,16,5.6,8.8,6.1,8.6,4.8,8.9,14.5,28.4,28.5,27,37.5,16,5.3,10,6.8,38004788
2022:Q1,age70plus,27,23.8,23.9,23,28.5,30,37.8,41.3,41.3,NA,40.1,40.6,31.9,35.8,26.1,4,9.3,22.6,26.2,33,9.5,9.5,9,7.8,11.9,23.9,24.5,29.2,25089018
2022:Q1,age55to69,41.2,35.5,36.1,32.3,43.7,35.1,45.8,40.2,40.2,NA,43.9,44.7,32.6,42.5,40,54.7,50.2,51.1,42.5,31.5,26.6,26.6,25.7,22.1,39.9,58.3,39.4,43,35447110
2022:Q1,age40to54,22.5,26.7,26.8,25.9,20.6,22.9,13.3,10.7,10.7,NA,11.8,11.3,18.5,16.1,25.3,35.1,31.9,21.4,22.3,21.1,35.6,35.6,38.2,33,32.2,12.4,26.7,20.9,32587104
2022:Q1,ageunder40,9.3,14,13.2,18.8,7.2,12,3.1,7.7,7.7,NA,4.2,3.4,16.9,5.6,8.7,6.2,8.5,4.9,9,14.3,28.3,28.4,27,37,16,5.3,9.4,7,37714186
2022:Q2,age70plus,26.9,23.8,24,23.2,28.5,30.1,37.9,41.1,41.1,NA,39.3,39.8,30.6,36.1,26,3.7,9.3,22.8,26.8,33.3,9.3,9.3,8.9,7.8,12,23,24.3,29.2,25277098
2022:Q2,age55to69,40.9,35.6,36.1,32.3,43.6,35.1,45.8,40.8,40.8,NA,45.2,46,33.1,42.3,40.3,53.6,50.8,50.6,42.6,31.5,26.6,26.6,25.8,22.6,38.1,58.5,39.9,42.8,35567651
2022:Q2,age40to54,22.7,26.7,26.8,26,20.7,23,13.3,10.6,10.6,NA,11.4,10.9,18.5,16.2,25.1,36.4,31.6,21.7,21.5,21.1,35.9,35.9,38.4,33.4,33.9,13,26.5,20.9,32867893
2022:Q2,ageunder40,9.5,13.9,13.1,18.5,7.3,11.8,3,7.5,7.5,NA,4.2,3.3,17.8,5.4,8.5,6.3,8.4,4.9,9.1,14.2,28.1,28.2,26.9,36.2,16,5.5,9.4,7,37357200
2022:Q3,age70plus,27.2,24.2,24.3,23.4,28.8,30.2,38.1,40.7,40.7,NA,38.1,38.7,29.4,36.6,26.2,3.5,9.2,23,27.2,33.6,9.4,9.3,9,7.9,12.2,22.7,24.4,29.7,25468234
2022:Q3,age55to69,40.7,35.2,35.7,32.4,43.5,35.1,45.8,42.1,42.1,NA,46.8,47.7,33.7,42.1,40.6,52.5,51.2,50,42.7,31.4,26.6,26.6,25.7,22.8,36.7,58.9,40.2,42.7,35707576
2022:Q3,age40to54,22.6,26.7,26.8,26,20.6,23.1,13.2,10.3,10.3,NA,11.1,10.6,18.5,15.9,24.9,37.6,31.4,22.1,21.2,21.1,36.3,36.3,38.7,33.8,35.2,13,26.3,20.7,33200369
2022:Q3,ageunder40,9.4,13.9,13.2,18.3,7.2,11.6,2.9,6.9,6.9,NA,4.1,3.1,18.5,5.4,8.3,6.4,8.3,4.9,9,14,27.7,27.8,26.6,35.5,15.9,5.5,9.2,6.9,36930277
2022:Q4,age70plus,27.5,24.2,24.4,23.6,29.1,30.6,38,40.2,40.2,NA,37.5,38.1,29.4,36.8,26.5,3.5,9.2,23.2,27.3,33.9,9.4,9.4,9.1,8.1,12,21.4,23.2,30,25754848
2022:Q4,age55to69,40.8,35.3,35.8,32.2,43.4,35,45.7,44.1,44.1,NA,47.3,48.2,33.3,41.9,40.5,52.5,51,49.8,42.5,31.3,26.4,26.4,25.6,22.9,35.9,58.6,40.6,42.8,35692564
2022:Q4,age40to54,22.5,26.8,27,25.9,20.4,23,13.3,9.9,9.9,NA,11.2,10.7,18.8,15.8,24.8,37.6,31.5,22.1,21.4,21,36.5,36.5,38.8,33.8,35.9,14.3,26.5,20.6,33277069
2022:Q4,ageunder40,9.2,13.7,12.8,18.3,7.1,11.4,3,5.8,5.8,NA,4,3,18.6,5.4,8.2,6.3,8.2,4.9,8.8,13.9,27.7,27.8,26.5,35.2,16.1,5.7,9.7,6.7,36888503
2023:Q1,age70plus,27.9,24.5,24.6,23.9,29.5,31.1,37.7,40.1,40.1,NA,37.4,38,29.7,37.2,26.9,3.7,9.4,23.5,27.5,34.3,9.6,9.6,9.4,8.2,12.5,21.5,24,30.4,26119493
2023:Q1,age55to69,40.6,35,35.5,32,43.3,34.7,45.7,45.3,45.3,NA,47.3,48.3,33.1,41.6,40.2,52.7,50.6,49.5,42.2,31,26.1,26.1,25.3,22.7,36.7,58.2,40.1,42.6,35541568
2023:Q1,age40to54,22.4,26.8,27,25.9,20.3,23,13.5,9.6,9.6,NA,11.3,10.8,18.7,15.8,24.7,37.4,31.7,22.1,21.6,20.9,36.6,36.7,39,33.9,35,14.5,26.4,20.5,33390763
2023:Q1,ageunder40,9.1,13.7,12.8,18.3,6.9,11.2,3,5.1,5.1,NA,3.9,2.9,18.5,5.5,8.1,6.3,8.3,4.9,8.7,13.8,27.6,27.7,26.3,35.2,15.8,5.8,9.5,6.6,36995247
2023:Q2,age70plus,28.1,24.6,24.7,24.1,29.8,31.4,37.7,40.3,40.3,NA,37.7,38.3,29.8,37.5,27.3,3.7,9.4,23.7,27.8,34.6,9.8,9.8,9.5,8.4,12.7,21.9,24.2,30.5,26348750
2023:Q2,age55to69,40.5,35.1,35.7,31.8,43.1,34.6,45.6,45.1,45.1,NA,47,48,32.8,41.3,40,52.8,50.4,49.3,42,30.8,26,25.9,25.2,22.7,36.8,58,39.9,42.4,35379277
2023:Q2,age40to54,22.3,26.7,26.8,25.8,20.2,22.9,13.6,9.5,9.5,NA,11.3,10.8,18.9,15.7,24.7,37.2,31.9,22.1,21.4,20.8,36.6,36.7,39,33.9,34.8,14.3,26.4,20.4,33425049
2023:Q2,ageunder40,9.1,13.6,12.8,18.3,6.9,11.2,3.1,5.1,5.1,NA,3.9,2.9,18.6,5.5,8.1,6.2,8.3,4.9,8.8,13.8,27.6,27.6,26.3,35.1,15.6,5.7,9.5,6.7,37022539
2023:Q3,age70plus,28.2,24.7,24.8,24.3,29.9,31.6,37.5,40.5,40.5,NA,36.7,37.2,30,37.7,27.4,3.9,9.5,23.8,27.9,34.8,9.9,9.9,9.6,8.5,12.9,22.6,24.7,30.6,26475731
2023:Q3,age55to69,40.4,35.1,35.6,31.7,43,34.4,45.6,45.1,45.1,NA,47.9,49,32.7,41.1,39.8,53.6,50.3,49.1,41.8,30.7,26,25.9,25.1,22.7,36.8,57.9,39.6,42.3,35215392
2023:Q3,age40to54,22.3,26.6,26.8,25.7,20.2,22.8,13.7,9.5,9.5,NA,11.6,11,18.8,15.7,24.7,36.3,31.8,22.1,21.4,20.7,36.5,36.6,38.9,33.8,34.7,13.8,26.3,20.4,33335479
2023:Q3,ageunder40,9.1,13.6,12.8,18.4,6.9,11.1,3.1,5,5,NA,3.8,2.7,18.6,5.5,8.1,6.1,8.3,4.9,8.8,13.8,27.6,27.6,26.4,35,15.7,5.7,9.4,6.7,37086718
2023:Q4,age70plus,28.5,25,25.1,24.5,30.2,31.8,37.4,40.4,40.4,NA,37.4,37.9,30.1,37.9,27.6,3.8,9.6,24,28,35.1,10,10,9.8,8.6,12.9,22.7,25.2,30.9,26676973
2023:Q4,age55to69,40.4,34.9,35.5,31.5,42.9,34.3,45.6,45.8,45.8,NA,47.3,48.4,32.5,41,39.7,52.8,50.1,49.1,41.7,30.6,25.9,25.9,25,22.8,36.6,57.8,39.4,42.3,35147574
2023:Q4,age40to54,22.1,26.5,26.6,25.6,20.1,22.8,13.8,9.3,9.3,NA,11.4,10.9,18.8,15.5,24.6,37.1,32,22,21.6,20.6,36.5,36.5,38.9,33.7,34.7,13.9,26.2,20.2,33272381
2023:Q4,ageunder40,9,13.6,12.8,18.4,6.8,11.1,3.1,4.6,4.6,NA,3.9,2.8,18.6,5.6,8.1,6.3,8.3,4.9,8.7,13.8,27.6,27.6,26.3,34.9,15.7,5.7,9.2,6.6,37083630
2024:Q1,age70plus,28.7,25.1,25.2,24.7,30.4,31.9,37.5,40.7,40.7,NA,37.5,38,30.2,38.1,28,3.9,9.6,24.1,28.1,35.3,10.2,10.2,9.9,8.7,12.9,23.5,26.1,31,26925597
2024:Q1,age55to69,40.4,35.1,35.7,31.4,42.8,34.2,45.6,45.3,45.3,NA,47.3,48.3,32.4,40.9,39.6,53,49.9,49,41.6,30.5,25.8,25.8,24.9,22.6,36.3,57.7,39,42.2,35211512
2024:Q1,age40to54,22,26.3,26.4,25.5,20,22.8,13.8,9.3,9.3,NA,11.4,10.9,18.9,15.4,24.4,36.8,32.1,22,21.7,20.5,36.5,36.5,39,33.8,35,13.2,26,20.2,33360276
2024:Q1,ageunder40,8.9,13.5,12.7,18.4,6.8,11.1,3.1,4.7,4.7,NA,3.8,2.8,18.6,5.6,8,6.2,8.3,4.9,8.6,13.7,27.4,27.5,26.2,34.9,15.8,5.6,8.9,6.6,37119238
2024:Q2,age70plus,28.8,25.1,25.2,24.8,30.6,32.1,37.6,40.7,40.7,NA,37.4,37.9,30.2,38.3,28.2,3.9,9.7,24.2,28.3,35.5,10.3,10.3,10,8.8,13.1,24,26.2,31.1,27105894
2024:Q2,age55to69,40.2,35.2,35.8,31.3,42.6,34.1,45.4,45.5,45.5,NA,47.3,48.4,32.1,40.7,39.4,53,49.7,48.8,41.4,30.3,25.8,25.7,24.8,22.6,36.4,57.5,38.9,42,35112526
2024:Q2,age40to54,22,26.2,26.4,25.5,20,22.8,13.8,9.3,9.3,NA,11.5,11,19,15.4,24.5,36.8,32.3,22.1,21.7,20.5,36.5,36.6,39.1,33.8,34.8,13,26.1,20.2,33499459
2024:Q2,ageunder40,8.9,13.4,12.6,18.4,6.8,11,3.2,4.5,4.5,NA,3.8,2.7,18.6,5.6,7.9,6.2,8.3,4.9,8.6,13.7,27.4,27.4,26.2,34.8,15.7,5.5,8.9,6.7,37176598
2024:Q3,age70plus,29.1,25.2,25.3,24.9,30.8,32.2,37.5,40.7,40.7,NA,38.7,39.3,30.2,38.4,28.4,4,9.7,24.3,28.4,35.7,10.3,10.3,10,8.8,13.2,24.1,25.5,31.3,27240106
2024:Q3,age55to69,40.2,35,35.7,31.1,42.5,34,45.4,46,46,NA,46.1,47,31.9,40.6,39.3,53.1,49.5,48.7,41.3,30.2,25.7,25.7,24.7,22.4,36.4,57.4,39.1,41.9,35045162
2024:Q3,age40to54,21.9,26.3,26.4,25.5,19.9,22.8,13.9,9.1,9.1,NA,11.3,10.7,19.2,15.4,24.4,36.7,32.4,22.1,21.7,20.5,36.6,36.6,39.1,33.9,34.8,12.9,26.3,20.1,33574767
2024:Q3,ageunder40,8.9,13.5,12.6,18.5,6.8,11,3.2,4.3,4.3,NA,3.9,2.9,18.7,5.7,7.9,6.2,8.4,4.9,8.6,13.7,27.4,27.4,26.2,34.9,15.6,5.5,9.2,6.6,37229237
2024:Q4,age70plus,29.3,25.4,25.5,25.2,31,32.4,37.3,41,41,NA,34.5,34.9,30.3,38.7,28.6,4,9.8,24.5,28.6,36,10.5,10.5,10.2,8.8,15.2,25,25.7,31.5,27470333
2024:Q4,age55to69,40,34.8,35.4,31,42.3,33.7,45.4,45.4,45.4,NA,49.7,51.1,31.6,40.3,39.1,52.8,49.4,48.5,41.1,30,25.5,25.5,24.5,22.2,41.5,57.2,38.9,41.7,34894745
2024:Q4,age40to54,21.9,26.3,26.4,25.4,19.9,22.8,14,9.2,9.2,NA,12.3,11.7,19.4,15.3,24.4,37,32.5,22.1,21.7,20.4,36.5,36.5,39.1,33.9,29.9,12.4,26.2,20.1,33585438
2024:Q4,ageunder40,8.9,13.5,12.7,18.5,6.8,11.1,3.2,4.4,4.4,NA,3.5,2.3,18.8,5.7,7.9,6.2,8.4,4.9,8.7,13.6,27.4,27.4,26.2,35.1,13.4,5.4,9.2,6.7,37326628
2025:Q1,age70plus,29.3,25.7,25.7,25.4,31,32.4,37.3,41.1,41.1,NA,35.3,35.7,30.2,38.7,28.6,4,9.8,24.5,28.6,36.1,10.6,10.6,10.3,8.8,16.4,25,27,31.6,27732372
2025:Q1,age55to69,39.9,34.7,35.4,30.8,42.3,33.7,45.4,45.3,45.3,NA,49.1,50.4,31.4,40.3,39.1,52.6,49.4,48.5,41.1,30,25.4,25.4,24.5,22,44.7,57.2,38.3,41.7,35134893
2025:Q1,age40to54,21.9,26.1,26.2,25.1,19.9,22.8,14,9.2,9.2,NA,12.1,11.5,19.5,15.3,24.4,37.1,32.3,22,21.7,20.3,36.5,36.5,39.1,33.9,26.8,12.4,25.9,20.1,33749682
2025:Q1,ageunder40,8.9,13.5,12.7,18.7,6.8,11.2,3.2,4.4,4.4,NA,3.5,2.4,18.9,5.6,7.9,6.3,8.4,4.9,8.6,13.6,27.5,27.5,26.2,35.2,12.1,5.4,8.7,6.7,37601541
2025:Q2,age70plus,29.5,25.8,25.8,25.5,31.2,32.5,37.4,41.2,41.2,NA,35,35.4,30.1,38.9,28.9,4.1,9.9,24.6,28.7,36.2,10.7,10.7,10.3,8.9,16.8,25.5,26.8,31.7,28031369
2025:Q2,age55to69,39.9,34.8,35.5,30.7,42.2,33.7,45.3,45.4,45.4,NA,49.3,50.7,31.2,40.2,39,52.9,49.3,48.4,41,29.9,25.5,25.4,24.5,22,45.3,57.1,38.4,41.6,35324691
2025:Q2,age40to54,21.7,25.9,26.1,25,19.8,22.7,14,9.1,9.1,NA,12.2,11.6,19.7,15.2,24.3,36.8,32.5,22,21.8,20.3,36.4,36.5,39.1,33.9,26.2,12,26,20,33928434
2025:Q2,ageunder40,8.8,13.5,12.6,18.7,6.8,11.1,3.2,4.3,4.3,NA,3.5,2.3,18.9,5.7,7.8,6.2,8.4,4.9,8.6,13.6,27.4,27.4,26.1,35.1,11.8,5.4,8.8,6.7,37792277
