Date,Category,Net worth,Assets,Real estate,Consumer durables,Corporate equities and mutual fund shares,DB pension entitlements,DC pension entitlements,Private businesses,Other assets,Liabilities,Home mortgages,Consumer credit,Other liabilities
1989:Q3,TopPt1,8.6,7.6,2,10.3,14.6,0.4,2.3,19.7,10.2,1.4,0.7,2.7,6.1
1989:Q3,RemainingTop1,14.2,12.7,7,8.6,28.2,4.2,8.3,24.4,15.3,2.7,3,0.7,8.7
1989:Q3,Next9,38,35,29.4,22.1,38.8,45.2,44.7,34.2,37.2,15.3,16.9,7.5,30.6
1989:Q3,Next40,35.7,37.5,49.7,39.8,17.2,46.5,39.3,20.3,32.2,49.3,52,45.3,32
1989:Q3,Bottom50,3.5,7.2,12,19.2,1.1,3.7,5.3,1.4,5.1,31.3,27.5,43.8,22.6
1989:Q4,TopPt1,8.7,7.7,2.2,10.3,14.8,0.5,2.2,19.8,10.3,1.4,0.6,2.4,6.1
1989:Q4,RemainingTop1,14.3,12.7,7.2,8.5,28,4.4,8.4,24.4,15.2,2.8,3.1,0.8,9.6
1989:Q4,Next9,37.9,34.9,29.6,21.6,38.6,44.6,44.7,34.2,37,15.5,17.1,7.8,31
1989:Q4,Next40,35.7,37.5,49.3,40.2,17.4,46.9,39.4,20.2,32.3,48.9,51.6,44.7,31.8
1989:Q4,Bottom50,3.4,7.2,11.8,19.5,1.2,3.6,5.3,1.4,5.1,31.4,27.5,44.3,21.5
1990:Q1,TopPt1,8.6,7.6,2.3,9.5,14.1,0.6,2,19.8,10.4,1.3,0.7,2.2,5.9
1990:Q1,RemainingTop1,14.1,12.6,7.2,8.4,27.9,4.5,8.4,24.4,15.1,2.9,3.1,0.8,10.4
1990:Q1,Next9,37.7,34.7,29.2,21.8,38.5,44,44.9,34.2,37,15.8,17.5,7.7,31.5
1990:Q1,Next40,36.1,37.8,49.2,40.6,18.2,47.3,39.4,20.1,32.3,48.5,51.2,43.9,31.4
1990:Q1,Bottom50,3.5,7.3,12.1,19.8,1.2,3.6,5.2,1.4,5.1,31.5,27.6,45.3,20.8
1990:Q2,TopPt1,8.7,7.7,2.5,9.5,14.4,0.6,1.8,19.9,10.3,1.2,0.7,1.9,5.9
1990:Q2,RemainingTop1,14.2,12.7,7.4,8.2,27.6,4.7,8.4,24.4,15.1,3,3.2,0.9,11.1
1990:Q2,Next9,37.6,34.6,29.4,21.3,38.3,43.4,45.4,34.3,37,16.2,17.9,7.9,31.9
1990:Q2,Next40,36.2,37.8,49,40.9,18.4,47.7,39.2,20,32.4,48.1,50.8,43.3,31.2
1990:Q2,Bottom50,3.4,7.2,11.8,20,1.2,3.6,5.1,1.4,5.2,31.5,27.5,45.9,20
1990:Q3,TopPt1,8.5,7.4,2.6,8.6,12.4,0.7,1.7,20.1,10.4,1.2,0.7,1.7,5.9
1990:Q3,RemainingTop1,14,12.5,7.4,8.3,27.7,4.9,8.5,24.4,15.1,3.1,3.2,1,11.8
1990:Q3,Next9,37.3,34.4,28.9,21.7,38.4,42.9,45.5,34.3,36.9,16.4,18.1,8.1,32.3
1990:Q3,Next40,36.7,38.2,48.9,41.3,20.2,48.1,39.2,19.9,32.4,47.8,50.5,42.7,31.3
1990:Q3,Bottom50,3.5,7.5,12.2,20.2,1.3,3.5,5.1,1.4,5.1,31.6,27.5,46.5,18.7
1990:Q4,TopPt1,8.7,7.6,2.8,8,13.6,0.7,1.6,20.1,10.7,1.1,0.7,1.5,5.8
1990:Q4,RemainingTop1,14.1,12.6,7.4,8.2,27.2,5,8.5,24.4,15.1,3.2,3.3,1.1,12.6
1990:Q4,Next9,37.2,34.3,28.7,21.7,38,42.3,45.5,34.3,36.7,16.5,18.2,8.2,32.8
1990:Q4,Next40,36.5,38,48.5,41.7,19.8,48.4,39.4,19.8,32.4,47.4,50.3,42.1,30.8
1990:Q4,Bottom50,3.6,7.5,12.7,20.4,1.3,3.5,5,1.4,5.1,31.8,27.6,47.2,17.9
1991:Q1,TopPt1,8.9,7.8,2.9,7.8,15.1,0.8,1.5,20,10.6,1,0.6,1.3,5.8
1991:Q1,RemainingTop1,14.3,12.8,7.5,8.1,26.8,5.2,8.6,24.5,15.1,3.4,3.4,1.1,13.4
1991:Q1,Next9,37,34.2,28.8,21.4,37.6,41.8,45.2,34.3,36.6,16.6,18.2,8.1,33.2
1991:Q1,Next40,36.3,37.8,48.1,42,19.1,48.8,39.7,19.7,32.5,47.1,50,41.2,30.5
1991:Q1,Bottom50,3.5,7.4,12.6,20.6,1.3,3.4,5,1.4,5.2,31.9,27.7,48.3,17.1
1991:Q2,TopPt1,8.8,7.8,3,7.4,15,0.8,1.4,20,10.5,1,0.7,1.1,5.7
1991:Q2,RemainingTop1,14.3,12.8,7.6,8,26.5,5.4,8.7,24.5,15.2,3.4,3.5,1.2,14.1
1991:Q2,Next9,36.8,34.1,28.7,21.4,37.5,41.3,45.3,34.4,36.5,16.9,18.6,8.2,33.7
1991:Q2,Next40,36.5,37.9,48,42.4,19.6,49.1,39.8,19.7,32.6,46.7,49.7,40.5,30.3
1991:Q2,Bottom50,3.5,7.5,12.7,20.8,1.4,3.4,4.9,1.4,5.2,31.9,27.6,49.1,16.2
1991:Q3,TopPt1,8.8,7.8,3.2,6.5,15.7,0.9,1.3,20,10.4,0.9,0.7,0.9,5.4
1991:Q3,RemainingTop1,14.3,12.8,7.6,8.1,26.2,5.5,8.7,24.5,15.2,3.5,3.5,1.3,14.5
1991:Q3,Next9,36.6,33.9,28.1,21.7,37.2,40.9,45.2,34.4,36.6,17.3,19,8.3,34.2
1991:Q3,Next40,36.6,38,47.9,42.8,19.5,49.4,39.9,19.6,32.7,46.5,49.6,40,29.7
1991:Q3,Bottom50,3.7,7.6,13.1,21,1.4,3.4,4.9,1.5,5.2,31.7,27.3,49.6,16.2
1991:Q4,TopPt1,9.1,8,3.3,6,17.1,0.9,1.2,19.9,10.4,0.9,0.7,0.7,5.2
1991:Q4,RemainingTop1,14.4,12.9,7.7,8,25.9,5.7,8.8,24.5,15.1,3.6,3.5,1.3,14.8
1991:Q4,Next9,36.4,33.9,28,21.7,36.9,40.4,45,34.4,36.6,17.7,19.4,8.5,34.6
1991:Q4,Next40,36.3,37.7,47.6,43.1,18.7,49.7,40.1,19.6,32.8,46.1,49.3,39.5,29.1
1991:Q4,Bottom50,3.7,7.6,13.3,21.2,1.4,3.3,4.9,1.5,5.2,31.6,27.1,50,16.2
1992:Q1,TopPt1,9,7.9,3.5,5.9,17,1,1.1,19.9,10.3,0.9,0.7,0.5,5.3
1992:Q1,RemainingTop1,14.4,12.9,7.8,7.9,25.6,5.8,8.8,24.5,15.3,3.6,3.5,1.4,15.6
1992:Q1,Next9,36.3,33.8,28.1,21.4,36.8,40.1,45.1,34.4,36.5,18.2,20,8.5,35
1992:Q1,Next40,36.5,37.8,47.3,43.5,19.2,49.9,40.2,19.6,32.7,46,49.2,38.8,29
1992:Q1,Bottom50,3.8,7.6,13.3,21.4,1.5,3.3,4.9,1.5,5.2,31.3,26.6,50.8,15.1
1992:Q2,TopPt1,8.9,7.8,3.6,5.6,17,0.9,1,19.9,10,0.9,0.8,0.3,5.2
1992:Q2,RemainingTop1,14.3,12.8,7.9,7.8,25.4,5.3,8.8,24.5,15.3,3.7,3.5,1.5,16
1992:Q2,Next9,36.3,33.8,28.1,21.1,36.6,40.8,45.2,34.4,36.5,18.7,20.5,8.6,35.3
1992:Q2,Next40,36.7,38,47.2,43.9,19.5,49.8,40.2,19.5,33,45.7,49.1,38.3,28.6
1992:Q2,Bottom50,3.8,7.6,13.2,21.6,1.5,3.3,4.8,1.5,5.3,31,26.2,51.3,14.9
1992:Q3,TopPt1,8.9,7.8,3.7,4.5,17.4,0.9,0.9,20.1,9.8,0.8,0.8,0.1,5.1
1992:Q3,RemainingTop1,14.1,12.7,7.8,7.8,25.1,4.7,8.9,24.5,15.4,3.8,3.5,1.6,16.7
1992:Q3,Next9,36.2,33.8,27.4,21.7,36.5,41.4,45.2,34.5,36.4,18.9,20.7,8.8,35.7
1992:Q3,Next40,36.8,38,47.2,44.2,19.5,49.7,40.3,19.4,33.1,45.4,48.8,37.6,28.4
1992:Q3,Bottom50,4.1,7.8,13.9,21.7,1.5,3.3,4.8,1.6,5.3,31,26.2,51.9,14.1
1992:Q4,TopPt1,9.2,8,3.7,4.7,18.1,0.8,0.9,19.9,10.6,0.8,0.7,0.1,5.2
1992:Q4,RemainingTop1,14.3,12.9,7.7,7.8,25.9,4.5,8.9,25.1,15.3,3.7,3.6,1.5,16.3
1992:Q4,Next9,36.1,33.7,27.3,21.6,36,42.1,44.9,34,35.7,18.6,20.4,8.6,34
1992:Q4,Next40,36.4,37.6,47.2,43.9,18.4,49.4,40.2,19.4,33,45.2,48.5,37.5,28.5
1992:Q4,Bottom50,4,7.8,14.1,22,1.5,3.2,5.1,1.6,5.4,31.7,26.8,52.3,16
1993:Q1,TopPt1,9.5,8.3,3.6,6.1,18.3,0.7,0.9,20,11.4,0.8,0.7,0.1,5.2
1993:Q1,RemainingTop1,14.5,13,7.9,7.6,26.6,4.2,9.1,25.6,15.2,3.8,3.6,1.4,15.7
1993:Q1,Next9,36.1,33.7,28.1,20.4,35.7,42.6,44.4,33.5,35.2,18.3,20.2,8.1,32.3
1993:Q1,Next40,36.1,37.3,46.9,43.6,17.9,49.2,40.2,19.3,32.9,44.9,48.3,37,28.4
1993:Q1,Bottom50,3.8,7.7,13.5,22.4,1.5,3.2,5.4,1.6,5.4,32.2,27.2,53.4,18.4
1993:Q2,TopPt1,9.6,8.4,3.5,6.1,18.3,0.7,0.9,20.1,12,0.8,0.7,0,5.3
1993:Q2,RemainingTop1,14.5,13,7.8,7.5,27.3,4,9.1,26.1,15,3.8,3.6,1.4,15.4
1993:Q2,Next9,36,33.5,27.7,20.4,35.3,43.2,44.1,33.1,34.6,17.9,19.9,7.9,30.6
1993:Q2,Next40,36.1,37.3,47.2,43.3,17.7,49,40.2,19.1,32.9,44.6,48,36.7,28.6
1993:Q2,Bottom50,3.8,7.8,13.8,22.7,1.5,3.1,5.6,1.6,5.4,32.9,27.8,54,20.2
1993:Q3,TopPt1,9.8,8.5,3.4,6,18.5,0.6,1,20.2,12.6,0.8,0.7,0,5.2
1993:Q3,RemainingTop1,14.7,13.2,7.7,7.6,27.9,3.7,9.2,26.5,15.1,3.8,3.7,1.3,14.7
1993:Q3,Next9,35.7,33.2,27.2,20.6,35,43.7,43.9,32.6,33.9,17.5,19.4,7.7,29.2
1993:Q3,Next40,36.1,37.2,47.6,43,17.2,48.8,40.1,19,32.9,44.3,47.6,36.5,28.5
1993:Q3,Bottom50,3.8,7.9,14.2,22.9,1.5,3.1,5.8,1.6,5.5,33.7,28.6,54.5,22.4
1993:Q4,TopPt1,10.1,8.8,3.3,6.3,18.7,0.6,1,20.4,13.4,0.8,0.6,0.1,5.1
1993:Q4,RemainingTop1,14.8,13.3,7.6,7.5,28.4,3.5,9.3,27,15.2,3.8,3.7,1.3,14.2
1993:Q4,Next9,35.6,33,27.1,20.4,34.7,44.2,43.6,32.1,33.2,17.1,19.1,7.7,27.8
1993:Q4,Next40,35.9,37,47.7,42.7,16.7,48.7,40.1,18.8,32.7,44,47.3,36.6,28.4
1993:Q4,Bottom50,3.7,7.9,14.3,23.1,1.5,3.1,6.1,1.7,5.5,34.3,29.2,54.3,24.3
1994:Q1,TopPt1,10.2,8.9,3.2,7.1,18.3,0.5,1,20.6,14.3,0.7,0.6,0,5.2
1994:Q1,RemainingTop1,14.9,13.4,7.7,7.3,29.1,3.3,9.4,27.5,15.3,3.8,3.8,1.2,13.9
1994:Q1,Next9,35.5,32.9,27.4,19.7,34.2,44.7,43.3,31.6,32.6,16.7,18.7,7.4,26.3
1994:Q1,Next40,35.9,37,47.8,42.5,16.9,48.5,40,18.6,32.3,43.7,47,36.2,28.6
1994:Q1,Bottom50,3.5,7.9,13.9,23.4,1.5,3,6.3,1.7,5.5,35,29.8,55.2,26
1994:Q2,TopPt1,10.3,9,3.1,7.4,18,0.4,1,20.9,15.1,0.7,0.6,0,5.3
1994:Q2,RemainingTop1,15,13.4,7.7,7.2,29.8,3,9.5,27.9,15.5,3.8,3.8,1.2,13.6
1994:Q2,Next9,35.3,32.6,27.2,19.6,33.8,45.2,42.8,31.2,31.9,16.4,18.5,7.4,24.7
1994:Q2,Next40,36,37,48.1,42.2,16.8,48.4,40.1,18.3,31.9,43.5,46.8,36.2,28.7
1994:Q2,Bottom50,3.4,7.9,13.9,23.7,1.5,3,6.6,1.7,5.5,35.6,30.3,55.3,27.7
1994:Q3,TopPt1,10.5,9.1,3,7.2,18,0.4,1.1,21.1,15.8,0.7,0.6,0.1,5.4
1994:Q3,RemainingTop1,15.1,13.5,7.5,7.2,30.4,2.8,9.6,28.4,15.6,3.8,3.9,1.1,13.3
1994:Q3,Next9,35,32.4,26.7,19.8,33.5,45.7,42.4,30.7,31.4,16.1,18.3,7.4,23.1
1994:Q3,Next40,35.9,37,48.5,42,16.6,48.2,40.2,18.1,31.7,43.3,46.5,36.3,28.9
1994:Q3,Bottom50,3.5,8.1,14.3,23.8,1.5,3,6.8,1.7,5.5,36.1,30.8,55.2,29.3
1994:Q4,TopPt1,10.7,9.3,2.9,7.4,17.8,0.3,1.1,21.4,16.9,0.7,0.6,0.1,5.3
1994:Q4,RemainingTop1,15.2,13.6,7.4,7.2,31.1,2.6,9.7,28.8,15.9,3.7,3.9,1.1,12.8
1994:Q4,Next9,34.8,32.1,26.5,19.7,33.1,46.1,42.1,30.2,30.6,15.9,18.1,7.6,22.1
1994:Q4,Next40,35.7,36.8,48.4,41.7,16.5,48,40.1,17.9,31.2,43.1,46.2,36.6,28.9
1994:Q4,Bottom50,3.5,8.2,14.7,24,1.6,2.9,7,1.7,5.4,36.6,31.2,54.6,30.9
1995:Q1,TopPt1,10.9,9.5,2.8,7.6,18.2,0.3,1.1,21.5,17.3,0.7,0.5,0.1,5.4
1995:Q1,RemainingTop1,15.4,13.7,7.4,7.1,31.4,2.4,9.7,29.3,15.9,3.8,4,1,12.6
1995:Q1,Next9,34.7,32,26.3,19.6,32.9,46.6,41.8,29.7,30.1,15.5,17.8,7.3,20.3
1995:Q1,Next40,35.5,36.6,48.5,41.5,16,47.9,40.2,17.8,31.2,42.9,46,36.3,29.2
1995:Q1,Bottom50,3.5,8.3,15,24.2,1.6,2.9,7.2,1.7,5.5,37.2,31.7,55.3,32.5
1995:Q2,TopPt1,11.1,9.6,2.7,7.3,18.6,0.2,1.1,21.8,17.8,0.7,0.5,0.1,5.5
1995:Q2,RemainingTop1,15.6,13.9,7.2,7.2,31.6,2.6,9.7,29.8,16,3.8,4,1,12.3
1995:Q2,Next9,34.3,31.5,25.6,20,32.7,45.8,41.7,29.2,29.6,15.1,17.4,7.3,18.8
1995:Q2,Next40,35.5,36.5,48.7,41.3,15.5,48.5,40.2,17.6,31,42.6,45.7,36.3,29.4
1995:Q2,Bottom50,3.6,8.5,15.8,24.3,1.5,2.9,7.2,1.7,5.6,37.8,32.4,55.4,33.9
1995:Q3,TopPt1,11.4,9.9,2.7,7.2,19,0.2,1.1,22.1,18.4,0.7,0.5,0.1,5.4
1995:Q3,RemainingTop1,15.9,14.2,7,7.2,31.8,2.9,9.8,30.2,16.1,3.8,4,1,11.9
1995:Q3,Next9,33.9,31.2,25.1,20.2,32.6,45,41.5,28.7,29,14.9,17.2,7.3,18.1
1995:Q3,Next40,35.1,36.1,48.4,41.1,15.1,49,40.2,17.4,30.9,42.4,45.5,36.4,29.4
1995:Q3,Bottom50,3.7,8.6,16.8,24.4,1.5,2.9,7.3,1.7,5.6,38.3,32.8,55.2,35.2
1995:Q4,TopPt1,11.5,10,2.7,7.1,19.4,0.3,1.2,21.9,18.4,0.7,0.5,0.2,6.2
1995:Q4,RemainingTop1,15.9,14.2,7.1,7.2,30.9,3,10,29.7,16.1,3.8,4.1,1,12.2
1995:Q4,Next9,34,31.3,25.3,20.3,32.9,45.1,40.9,29.1,29,15,17.2,7.9,19
1995:Q4,Next40,34.9,36,48.4,41.3,15.2,48.7,40.7,17.5,31,42.5,45.7,36.5,29.5
1995:Q4,Bottom50,3.6,8.5,16.5,24.2,1.6,2.9,7.3,1.8,5.5,37.9,32.5,54.5,33.1
1996:Q1,TopPt1,11.5,9.9,2.7,7.1,19.5,0.3,1.2,21.7,18,0.8,0.5,0.2,6.6
1996:Q1,RemainingTop1,15.9,14.2,7.3,7.1,30.4,3.1,10.2,29.3,16,3.8,4.1,1,12.1
1996:Q1,Next9,34.2,31.5,25.5,20.2,33.1,45.3,40.3,29.5,29.1,15.3,17.3,7.9,21.6
1996:Q1,Next40,35,36.1,48.5,41.5,15.5,48.4,41.1,17.6,31.3,42.5,45.8,36.1,28.4
1996:Q1,Bottom50,3.5,8.3,16.1,24.1,1.6,3,7.2,1.8,5.5,37.6,32.2,54.9,31.3
1996:Q2,TopPt1,11.4,9.9,2.6,6.7,19.6,0.3,1.2,21.6,17.8,0.8,0.5,0.2,7.3
1996:Q2,RemainingTop1,15.9,14.2,7.3,7.1,29.8,3.2,10.4,28.9,16.2,3.9,4.2,1,12.2
1996:Q2,Next9,34.2,31.5,25.4,20.5,33.2,45.4,39.7,29.9,29,15.6,17.6,8.3,22.6
1996:Q2,Next40,35.1,36.1,48.7,41.7,15.8,48.2,41.5,17.7,31.5,42.6,46,36,28.4
1996:Q2,Bottom50,3.4,8.2,16,23.9,1.6,3,7.1,1.9,5.5,37.2,31.7,54.5,29.4
1996:Q3,TopPt1,11.3,9.8,2.7,6.5,19.5,0.3,1.3,21.4,17.5,0.9,0.5,0.2,8
1996:Q3,RemainingTop1,15.8,14.1,7.4,7.1,29.4,3.3,10.6,28.5,16.3,3.9,4.1,1,12.4
1996:Q3,Next9,34.3,31.6,25.5,20.7,33.3,45.5,39.1,30.3,29.2,15.9,17.8,8.6,23.8
1996:Q3,Next40,35.2,36.3,48.6,41.9,16.2,47.9,42,17.8,31.6,42.7,46.2,36,28.2
1996:Q3,Bottom50,3.4,8.2,15.9,23.8,1.6,3,7.1,2,5.5,36.7,31.3,54.2,27.6
1996:Q4,TopPt1,11.4,9.9,2.7,6.7,19.7,0.3,1.4,21.5,17.4,0.9,0.5,0.2,8.6
1996:Q4,RemainingTop1,15.8,14.1,7.6,7,28.9,3.4,10.8,28,16.2,3.9,4.2,1,12.4
1996:Q4,Next9,34.5,31.8,26,20.5,33.4,45.6,37.9,30.7,29.4,16.2,18,8.9,25.4
1996:Q4,Next40,35,36.1,48.1,42.1,16.3,47.6,42.9,17.8,31.6,42.7,46.4,36.1,27.5
1996:Q4,Bottom50,3.4,8.1,15.6,23.7,1.6,3,7,2,5.4,36.3,30.9,53.8,26.1
1997:Q1,TopPt1,11.2,9.8,2.8,6.8,19.7,0.4,1.4,21.6,16.6,1,0.6,0.2,9.1
1997:Q1,RemainingTop1,15.7,14,7.7,6.9,28.5,3.5,11,27.4,16.1,3.9,4.2,1,12.5
1997:Q1,Next9,34.6,32,26.3,20.5,33.5,45.8,37.4,31.2,29.8,16.4,18.2,8.9,26.4
1997:Q1,Next40,35,36.1,47.9,42.3,16.7,47.4,43.3,17.8,31.9,42.8,46.6,35.6,27.5
1997:Q1,Bottom50,3.4,8,15.3,23.6,1.7,3.1,7,2,5.5,35.9,30.4,54.3,24.4
1997:Q2,TopPt1,11.4,9.9,2.7,6.4,20.4,0.4,1.4,21.5,16.3,1,0.6,0.2,9.5
1997:Q2,RemainingTop1,15.9,14.2,7.7,6.9,27.9,3.6,10.9,27,16.1,3.9,4.2,1,12.5
1997:Q2,Next9,34.8,32.2,26.1,20.8,33.8,45.9,37.3,31.6,29.9,16.7,18.4,9.1,27.6
1997:Q2,Next40,34.6,35.8,48.1,42.5,16.2,47.1,43.6,17.8,32.2,42.8,46.8,35.5,27.4
1997:Q2,Bottom50,3.4,7.9,15.3,23.4,1.6,3.1,6.8,2,5.5,35.5,30.1,54.1,23
1997:Q3,TopPt1,11.4,10,2.8,6.1,20.7,0.4,1.4,21.6,15.9,1.1,0.6,0.2,9.8
1997:Q3,RemainingTop1,15.9,14.3,7.7,6.9,27.5,3.7,11,26.6,16.3,3.9,4.2,1,12.5
1997:Q3,Next9,34.8,32.4,26.1,21.1,34,46,37.1,31.9,29.9,17.1,18.7,9.3,29.6
1997:Q3,Next40,34.4,35.6,48,42.7,16.2,46.8,43.9,17.9,32.4,42.8,46.9,35.5,26.1
1997:Q3,Bottom50,3.4,7.8,15.4,23.2,1.6,3.1,6.6,2.1,5.5,35.2,29.7,54,22
1997:Q4,TopPt1,11.5,10.1,2.8,6.4,20.8,0.4,1.5,21.8,15.7,1.1,0.6,0.3,10.4
1997:Q4,RemainingTop1,16,14.3,8,6.8,27.2,3.8,11.2,26,16.3,3.9,4.2,1,12.5
1997:Q4,Next9,35,32.5,26.7,20.7,34,46.1,36.4,32.3,30.1,17.4,19,9.6,30.2
1997:Q4,Next40,34.2,35.5,47.6,42.9,16.4,46.6,44.3,17.7,32.4,42.9,47.1,35.6,26.5
1997:Q4,Bottom50,3.3,7.6,15,23.2,1.7,3.1,6.6,2.1,5.4,34.6,29.1,53.6,20.5
1998:Q1,TopPt1,11.7,10.3,2.8,6.2,21.4,0.4,1.5,21.7,15.3,1.2,0.6,0.2,10.8
1998:Q1,RemainingTop1,16.1,14.4,8,6.8,26.8,3.9,11.1,25.7,16.3,3.9,4.1,1,12.5
1998:Q1,Next9,35.1,32.8,26.7,20.9,34.3,46.3,36.4,32.7,30.3,17.7,19.3,9.6,31.1
1998:Q1,Next40,33.8,35.1,47.6,43.1,16,46.3,44.6,17.8,32.6,43,47.3,35.2,26.3
1998:Q1,Bottom50,3.3,7.5,14.9,23,1.6,3.1,6.4,2.1,5.4,34.2,28.7,54,19.3
1998:Q2,TopPt1,11.7,10.3,2.8,6.1,21.4,0.5,1.5,21.8,15.2,1.2,0.6,0.3,11.1
1998:Q2,RemainingTop1,16.1,14.5,8.1,6.8,26.5,4.2,11.3,25.3,16.6,3.9,4.1,1,12.6
1998:Q2,Next9,35.2,32.8,26.9,21,34.3,46.6,36.1,33,30.3,18,19.5,9.9,32.3
1998:Q2,Next40,33.8,35,47.6,43.3,16.2,45.7,44.8,17.8,32.6,43,47.4,35.2,25.8
1998:Q2,Bottom50,3.2,7.4,14.7,22.9,1.6,3.1,6.3,2.1,5.3,33.9,28.4,53.6,18.2
1998:Q3,TopPt1,11.2,9.8,2.8,5.2,20.6,0.5,1.5,21.7,15.1,1.3,0.7,0.3,11.8
1998:Q3,RemainingTop1,15.9,14.2,8,6.8,26.4,4.5,11.7,25,16.6,3.9,4.1,1,12.6
1998:Q3,Next9,35.1,32.7,26.3,21.8,34.2,46.8,35.1,33.3,30.7,18.2,19.7,10.1,33.1
1998:Q3,Next40,34.3,35.5,47.6,43.5,17.1,45.1,45.2,17.9,32.3,43.1,47.4,35.2,25.8
1998:Q3,Bottom50,3.5,7.7,15.3,22.7,1.7,3.1,6.4,2.2,5.2,33.6,28.1,53.4,16.7
1998:Q4,TopPt1,11.5,10.1,2.9,5.6,20.9,0.5,1.5,21.5,14.9,1.2,0.6,0.3,10.9
1998:Q4,RemainingTop1,16.2,14.6,8.2,7.2,26.1,4.7,11.2,25.3,16.8,4,4.2,1,13
1998:Q4,Next9,35.4,33.1,27.1,21,34.8,46.6,36.2,33.1,30.8,18,19.6,9.8,33.5
1998:Q4,Next40,33.6,34.9,46.9,43.4,16.6,45.3,44.9,18,32.3,43.3,47.6,35.6,26.5
1998:Q4,Bottom50,3.3,7.4,14.8,22.7,1.6,3,6.3,2.1,5.2,33.5,28,53.3,16.1
1999:Q1,TopPt1,11.2,9.8,3,5.2,20.4,0.5,1.4,21.1,14.9,1.1,0.6,0.2,10
1999:Q1,RemainingTop1,16.3,14.6,8.3,7.7,26,4.8,11.1,25.7,16.9,4.1,4.3,1,13.6
1999:Q1,Next9,35.5,33.1,27,21,35.1,46.3,36.5,32.8,30.7,17.9,19.4,9.3,34.1
1999:Q1,Next40,33.7,35,46.6,43.3,16.9,45.4,44.7,18.3,32.3,43.5,47.7,35.8,26.7
1999:Q1,Bottom50,3.4,7.5,15.1,22.7,1.6,3,6.2,2.1,5.3,33.4,28,53.7,15.5
1999:Q2,TopPt1,11.3,9.9,3,5.3,20.3,0.5,1.4,21.2,14.5,1,0.6,0.2,8.8
1999:Q2,RemainingTop1,16.4,14.7,8.4,8.1,25.8,5,10.9,25.9,16.9,4.2,4.4,1,13.8
1999:Q2,Next9,35.7,33.2,27.3,20.6,35.5,46.1,37,32.7,30.7,17.8,19.3,9,34.7
1999:Q2,Next40,33.5,34.8,46.5,43.2,16.8,45.6,44.4,18.3,32.5,43.6,47.8,36.1,26.9
1999:Q2,Bottom50,3.2,7.3,14.8,22.7,1.6,2.9,6.2,1.9,5.3,33.4,28,53.7,15.8
1999:Q3,TopPt1,11,9.6,3,4.9,19.5,0.5,1.4,21.6,14.4,0.9,0.5,0.2,8
1999:Q3,RemainingTop1,16.3,14.7,8.4,8.6,25.7,5.1,11,26,16.8,4.2,4.4,1,14.4
1999:Q3,Next9,35.6,33.1,27.2,20.7,35.8,45.8,37,32.5,30.8,17.7,19.2,8.7,35.4
1999:Q3,Next40,33.7,35.1,46.4,43.1,17.5,45.7,44.4,18.1,32.6,43.8,47.9,36.5,27
1999:Q3,Bottom50,3.3,7.5,15,22.7,1.6,2.9,6.3,1.8,5.4,33.3,27.9,53.6,15.2
1999:Q4,TopPt1,11.3,9.9,3.1,5,20,0.5,1.3,21.5,14.1,0.9,0.5,0.2,6.7
1999:Q4,RemainingTop1,16.6,15,8.6,9,25.6,5.3,10.7,26.2,16.5,4.3,4.4,1,14.4
1999:Q4,Next9,35.9,33.5,27.5,20.3,36.1,45.6,37.9,32.4,31.2,17.9,19.4,8.5,35.9
1999:Q4,Next40,32.9,34.4,46,43,16.8,45.8,44,18.2,32.6,43.9,48.1,37,26.9
1999:Q4,Bottom50,3.2,7.2,14.9,22.7,1.5,2.8,6.1,1.7,5.6,33,27.6,53.3,16.2
2000:Q1,TopPt1,11.2,9.8,3.1,4.8,19.9,0.5,1.2,21.1,13.8,0.8,0.5,0.2,5.7
2000:Q1,RemainingTop1,16.7,15,8.6,9.4,25.5,5.4,10.6,26.6,16.5,4.4,4.4,1,14.3
2000:Q1,Next9,35.9,33.5,27.4,20.2,36.4,45.4,38.3,32.2,31.3,18.1,19.5,8.1,36.2
2000:Q1,Next40,33,34.5,46.3,42.9,16.8,45.9,43.8,18.4,32.8,44.1,48.3,37.3,27
2000:Q1,Bottom50,3.2,7.2,14.6,22.7,1.5,2.8,6.1,1.7,5.6,32.7,27.2,53.4,16.8
2000:Q2,TopPt1,10.9,9.5,3.1,4.7,19.1,0.5,1.2,21.4,13.6,0.7,0.5,0.2,5.2
2000:Q2,RemainingTop1,16.6,15,8.7,9.7,25.4,5.5,10.6,26.7,16.6,4.4,4.5,1,15
2000:Q2,Next9,35.9,33.4,27.5,20,36.6,45.2,38.4,32.1,31.1,18,19.6,7.9,36.8
2000:Q2,Next40,33.4,34.9,46.3,42.8,17.4,46.1,43.7,18.3,33,44.4,48.4,37.8,27.3
2000:Q2,Bottom50,3.2,7.2,14.3,22.8,1.5,2.7,6.1,1.6,5.7,32.5,27,53.2,15.6
2000:Q3,TopPt1,10.7,9.3,3.1,4.2,18.6,0.4,1.2,21.7,13.6,0.7,0.5,0.2,4.5
2000:Q3,RemainingTop1,16.6,14.9,8.7,10.1,25.3,5.7,10.5,26.7,16.5,4.4,4.5,1.1,15.4
2000:Q3,Next9,35.8,33.4,27.3,20.2,36.9,45,38.7,32.1,31.1,17.9,19.6,7.7,37.5
2000:Q3,Next40,33.6,35.1,46.5,42.7,17.7,46.2,43.6,18.1,33,44.6,48.5,38.3,27.5
2000:Q3,Bottom50,3.2,7.3,14.4,22.7,1.5,2.7,6.1,1.5,5.7,32.4,26.9,52.7,15.2
2000:Q4,TopPt1,10.3,9,3.1,4.4,17.4,0.4,1.2,21.7,14.1,0.6,0.4,0.2,4.1
2000:Q4,RemainingTop1,16.4,14.7,8.9,10.4,25.2,5.8,10.6,26.9,16.5,4.4,4.6,1.1,16.6
2000:Q4,Next9,35.8,33.3,27.5,19.8,37.2,44.7,38.6,31.9,31.3,17.7,19.5,7.7,38
2000:Q4,Next40,34.2,35.7,46.6,42.6,18.7,46.4,43.5,18.1,32.5,45,48.6,38.8,28.4
2000:Q4,Bottom50,3.2,7.3,13.9,22.8,1.5,2.7,6.2,1.4,5.6,32.3,26.8,52.2,12.9
2001:Q1,TopPt1,9.9,8.6,3.1,4.4,16.3,0.4,1.1,21.5,14.1,0.5,0.4,0.1,3.4
2001:Q1,RemainingTop1,16.2,14.5,9,10.7,25.1,5.9,10.6,27.1,16.5,4.5,4.6,1.1,17.7
2001:Q1,Next9,35.7,33.1,27.6,19.5,37.5,44.5,38.6,31.8,31.1,17.5,19.5,7.2,39.2
2001:Q1,Next40,35,36.5,47,42.5,19.6,46.5,43.4,18.2,32.6,45.3,48.8,39.1,29.1
2001:Q1,Bottom50,3.2,7.4,13.3,22.8,1.5,2.6,6.2,1.4,5.6,32.3,26.7,52.5,10.6
2001:Q2,TopPt1,9.9,8.6,3.1,4.2,16.4,0.4,1.1,21.6,13.9,0.4,0.4,0.1,2.6
2001:Q2,RemainingTop1,16.3,14.6,9.1,11.1,25,5.6,10.5,27.2,16.4,4.5,4.7,1.1,18.1
2001:Q2,Next9,35.8,33.1,27.5,19.5,37.7,44.7,38.9,31.7,31.1,17.3,19.3,6.9,39.9
2001:Q2,Next40,34.9,36.4,47,42.5,19.4,46.7,43.3,18.2,32.8,45.4,48.7,39.2,29.4
2001:Q2,Bottom50,3.1,7.3,13.3,22.8,1.5,2.6,6.2,1.3,5.7,32.4,26.9,52.6,10
2001:Q3,TopPt1,9.6,8.2,3.1,3.8,14.8,0.4,1.1,21.5,14.3,0.4,0.4,0.1,1.9
2001:Q3,RemainingTop1,16,14.3,9.1,11.5,24.8,5.4,10.6,27.4,16.3,4.6,4.7,1.1,17.2
2001:Q3,Next9,35.8,33,27.3,19.6,38.1,44.8,39,31.6,31.5,17.6,19.5,6.7,39.4
2001:Q3,Next40,35.6,37.1,47.1,42.4,20.8,47,43.1,18.2,32.3,45.3,48.8,39.6,28.9
2001:Q3,Bottom50,3.1,7.5,13.3,22.7,1.5,2.6,6.2,1.2,5.6,32.1,26.7,52.5,12.5
2001:Q4,TopPt1,9.7,8.3,3.1,4.3,15.8,0.4,1.1,21,13.9,0.4,0.3,0.1,1.9
2001:Q4,RemainingTop1,16.2,14.5,9.3,11.1,25.1,5.1,10.4,27.9,16.6,4.7,4.9,1.2,20
2001:Q4,Next9,35.9,33.1,27.3,19.6,37.8,45.3,39.3,31.2,31.5,16.8,18.7,7,40
2001:Q4,Next40,35.3,36.8,47.3,42.4,19.9,46.7,43.1,18.6,32.4,45.7,49.1,39.5,28.8
2001:Q4,Bottom50,3,7.3,13.1,22.7,1.4,2.5,6.1,1.3,5.6,32.4,27,52.2,9.3
2002:Q1,TopPt1,9.6,8.2,3.1,4.8,16,0.4,1.1,20.6,13.5,0.4,0.4,0.2,2
2002:Q1,RemainingTop1,16.2,14.5,9.5,10.7,25.2,4.9,10.3,28.2,16.7,4.8,4.9,1.2,21.5
2002:Q1,Next9,36,33.2,27.4,19.6,37.7,45.8,39.4,30.9,31.6,16.9,18.7,7.1,39.6
2002:Q1,Next40,35.3,36.9,47.2,42.4,19.7,46.5,43.2,18.9,32.7,46,49.5,39.4,27.8
2002:Q1,Bottom50,3,7.3,12.8,22.6,1.4,2.5,6.1,1.3,5.6,32,26.5,52.2,9.1
2002:Q2,TopPt1,9.4,8,3.1,5.3,15.6,0.4,1.1,20.4,13.3,0.4,0.4,0.2,1.9
2002:Q2,RemainingTop1,16.2,14.4,9.7,10.3,25.4,4.6,10.2,28.5,17.2,4.8,4.9,1.2,23.8
2002:Q2,Next9,36,33.1,27.6,19.5,37.5,46.2,39.6,30.6,31.4,16.8,18.7,7.3,39.8
2002:Q2,Next40,35.5,37.1,46.9,42.3,20.1,46.3,43.1,19.1,32.6,46.3,49.8,39.3,26.9
2002:Q2,Bottom50,2.9,7.3,12.7,22.6,1.4,2.5,6,1.3,5.5,31.7,26.2,52,7.5
2002:Q3,TopPt1,9,7.6,3.1,5.3,14.4,0.4,1.1,20.3,13.1,0.4,0.4,0.2,2.1
2002:Q3,RemainingTop1,16,14.2,9.8,9.9,25.5,4.4,10.1,28.8,17.3,4.9,4.9,1.2,26.2
2002:Q3,Next9,36,32.9,27.3,20,37.5,46.7,39.9,30.4,31.4,16.6,18.4,7.4,39.5
2002:Q3,Next40,36,37.7,46.9,42.3,21.2,46.1,42.9,19.3,32.8,46.4,50,39.2,25.8
2002:Q3,Bottom50,3,7.6,12.9,22.5,1.3,2.5,5.9,1.3,5.4,31.6,26.2,51.9,6.5
2002:Q4,TopPt1,9,7.6,3.1,5.4,15.1,0.4,1.1,19.4,13,0.4,0.4,0.2,2
2002:Q4,RemainingTop1,16.1,14.3,9.9,9.6,25.8,4.1,9.9,29.4,17.7,5,4.9,1.3,28
2002:Q4,Next9,36,32.9,27.1,20.3,37.2,47.2,40.5,29.9,31.3,16.5,18.2,7.6,39.2
2002:Q4,Next40,36,37.7,46.9,42.3,20.7,45.9,42.8,19.9,32.7,46.6,50.2,39.1,24.5
2002:Q4,Bottom50,2.9,7.5,13,22.4,1.3,2.5,5.8,1.4,5.3,31.5,26.2,51.8,6.2
2003:Q1,TopPt1,8.8,7.5,3.1,5.9,15,0.4,1.1,19.3,12.6,0.5,0.4,0.2,2.3
2003:Q1,RemainingTop1,16,14.2,10,9.3,26,3.9,9.7,29.6,17.7,5.1,5,1.3,28.9
2003:Q1,Next9,36.2,33,27.3,20.2,36.9,47.6,40.8,29.6,31.5,16.4,18,7.6,38.3
2003:Q1,Next40,36.1,37.8,46.9,42.3,20.9,45.7,42.7,20,32.9,46.7,50.5,38.8,23.1
2003:Q1,Bottom50,2.8,7.5,12.7,22.3,1.2,2.5,5.7,1.4,5.3,31.4,26.1,52,7.4
2003:Q2,TopPt1,9.2,7.7,3.1,6.2,16.4,0.4,1.1,19.3,12.3,0.5,0.4,0.3,2.4
2003:Q2,RemainingTop1,16.2,14.4,10.2,8.9,26.2,3.7,9.5,29.8,17.2,5.1,5,1.3,25.9
2003:Q2,Next9,36.5,33.2,27.3,20.3,36.7,48,41.2,29.4,32.2,16.6,17.9,7.8,37
2003:Q2,Next40,35.5,37.3,46.8,42.3,19.6,45.5,42.6,20.1,33,46.5,50.6,38.7,22.1
2003:Q2,Bottom50,2.6,7.3,12.6,22.2,1.1,2.5,5.6,1.4,5.3,31.3,26.1,52,12.5
2003:Q3,TopPt1,9.2,7.8,3.1,6.2,17,0.4,1.1,19.2,11.9,0.5,0.5,0.3,2.4
2003:Q3,RemainingTop1,16.3,14.5,10.2,8.7,26.4,3.4,9.3,30,17.4,5.1,4.9,1.3,28.4
2003:Q3,Next9,36.5,33.2,27.1,20.7,36.4,48.4,41.6,29.2,32.5,16.6,18.1,7.9,36.9
2003:Q3,Next40,35.3,37.2,46.7,42.3,19.1,45.3,42.5,20.2,33,46.7,50.7,38.7,20.9
2003:Q3,Bottom50,2.6,7.3,12.8,22.1,1.1,2.5,5.5,1.4,5.3,31.1,25.9,51.8,11.4
2003:Q4,TopPt1,9.5,8,3.1,6.4,18,0.4,1.1,19.1,11.8,0.6,0.5,0.3,3.9
2003:Q4,RemainingTop1,16.5,14.7,10.3,8.3,26.6,3.2,9.2,30.2,17.8,5.3,5,1.3,32.7
2003:Q4,Next9,36.6,33.3,27,21,36.2,48.9,41.9,28.9,32.4,16.4,17.8,8.1,34.4
2003:Q4,Next40,34.8,36.8,46.7,42.3,18.2,45.1,42.4,20.4,32.9,46.8,50.8,38.6,19.6
2003:Q4,Bottom50,2.6,7.2,12.8,22.1,1,2.4,5.4,1.4,5.2,31,25.9,51.7,9.3
2004:Q1,TopPt1,9.9,8.4,3.1,6.7,18.6,0.4,1.1,19.2,13,0.6,0.5,0.3,4.1
2004:Q1,RemainingTop1,16.7,14.9,10.5,8,26.8,3,9,30.3,18.6,5.4,5,1.3,33.7
2004:Q1,Next9,36.5,33.3,27.1,21.1,35.9,49.3,42.3,28.7,32.2,16.3,17.7,8.1,33.9
2004:Q1,Next40,34.4,36.3,46.8,42.2,17.7,44.9,42.3,20.4,31.5,46.9,51,38.4,18.5
2004:Q1,Bottom50,2.5,7,12.5,22,1,2.4,5.3,1.4,4.8,30.8,25.8,51.9,9.9
2004:Q2,TopPt1,9.9,8.4,3.1,6.5,18.9,0.4,1.1,19.7,12.4,0.6,0.5,0.3,4.2
2004:Q2,RemainingTop1,16.7,14.9,10.5,7.7,27,3.1,8.9,30.1,18.4,5.4,4.9,1.4,34.3
2004:Q2,Next9,36.5,33.3,26.9,21.6,35.7,49.3,42.7,28.8,32.6,16.4,17.8,8.2,33.3
2004:Q2,Next40,34.3,36.4,46.7,42.2,17.5,44.8,42.2,20.1,31.8,46.9,51.1,38.3,17.5
2004:Q2,Bottom50,2.6,7.1,12.8,21.9,0.9,2.4,5.2,1.3,4.8,30.6,25.7,51.9,10.8
2004:Q3,TopPt1,10,8.5,3.1,6.9,19.2,0.4,1.1,20.1,12.4,0.6,0.5,0.3,3.8
2004:Q3,RemainingTop1,16.8,15,10.6,7.4,27.2,3.1,8.7,29.9,18.8,5.4,4.9,1.4,35.9
2004:Q3,Next9,36.5,33.3,27.1,21.5,35.4,49.3,43.1,28.8,32.5,16.3,17.7,8.3,33.6
2004:Q3,Next40,34.2,36.3,46.5,42.2,17.3,44.8,42,19.8,31.6,47,51.2,38.3,15.9
2004:Q3,Bottom50,2.5,7,12.6,21.9,0.9,2.3,5.1,1.3,4.7,30.6,25.7,51.7,10.8
2004:Q4,TopPt1,10.2,8.7,3.1,6.6,19.7,0.5,1.1,20.4,12.7,0.6,0.5,0.3,3.8
2004:Q4,RemainingTop1,16.8,14.9,10.5,7.6,27.2,3.3,9,29.3,18.3,5.2,4.8,1.4,31.8
2004:Q4,Next9,36.6,33.4,27.1,21.6,35.5,49.2,42.9,29.6,32.9,16.7,18,8.5,34.4
2004:Q4,Next40,33.9,35.9,46.5,42.1,16.8,44.6,41.8,19.3,31.4,46.4,50.4,38.3,16.9
2004:Q4,Bottom50,2.5,7.1,12.8,22.1,0.9,2.3,5.1,1.4,4.7,31.1,26.3,51.4,13.2
2005:Q1,TopPt1,10.2,8.6,3.1,6.5,19.8,0.7,1.2,20.7,12.5,0.5,0.5,0.3,3.6
2005:Q1,RemainingTop1,16.7,14.9,10.5,7.7,27.2,3.5,9.3,28.7,18.2,5.1,4.8,1.4,30.3
2005:Q1,Next9,36.7,33.5,27.3,21.5,35.5,49.1,42.8,30.4,32.8,16.7,17.9,8.3,35.7
2005:Q1,Next40,33.9,35.8,46.2,41.9,16.6,44.5,41.6,18.8,31.7,45.9,49.6,37.9,17
2005:Q1,Bottom50,2.5,7.2,12.9,22.4,0.9,2.3,5.2,1.5,4.9,31.8,27.3,52,13.5
2005:Q2,TopPt1,10.4,8.8,3.1,6.6,20,0.8,1.2,21.2,12.6,0.6,0.5,0.3,4
2005:Q2,RemainingTop1,16.8,14.9,10.5,7.8,27.3,3.6,9.5,27.9,18,5,4.6,1.5,28.9
2005:Q2,Next9,36.9,33.6,27.8,21.1,35.5,49,42.7,31.2,32.8,16.9,18.2,8.3,36
2005:Q2,Next40,33.6,35.5,45.6,41.8,16.3,44.4,41.3,18.1,31.6,45.3,48.8,37.9,17.3
2005:Q2,Bottom50,2.4,7.3,13,22.7,0.9,2.2,5.2,1.5,4.9,32.2,27.9,52.1,13.8
2005:Q3,TopPt1,10.5,8.9,3.1,6.3,20.3,0.9,1.3,21.8,12.2,0.6,0.5,0.3,4.1
2005:Q3,RemainingTop1,16.8,14.8,10.4,7.9,27.3,3.8,9.8,27.2,17.7,4.8,4.5,1.5,27.1
2005:Q3,Next9,36.9,33.7,27.8,21.2,35.6,48.8,42.5,32,33,17.2,18.5,8.4,36.6
2005:Q3,Next40,33.3,35.2,45.4,41.7,15.9,44.3,41.2,17.4,32,44.8,48.1,37.9,17.7
2005:Q3,Bottom50,2.5,7.4,13.3,22.9,0.9,2.2,5.2,1.6,5.1,32.6,28.5,52,14.5
2005:Q4,TopPt1,10.6,8.9,3,5.9,20.5,1,1.3,22.1,12.4,0.6,0.4,0.2,4.6
2005:Q4,RemainingTop1,16.7,14.7,10.3,8.1,27.3,4,10.1,26.7,17.6,4.6,4.4,1.5,26.5
2005:Q4,Next9,36.9,33.7,27.9,21.3,35.6,48.7,42.3,32.6,32.9,17.4,18.8,8.5,37.2
2005:Q4,Next40,33.3,35.1,45.3,41.5,15.7,44.2,41,17,32,44.4,47.4,37.9,17.7
2005:Q4,Bottom50,2.5,7.5,13.5,23.2,0.9,2.2,5.3,1.7,5.1,33,29,51.8,14
2006:Q1,TopPt1,11,9.3,3,6.1,21.2,1.1,1.4,22.2,12.5,0.6,0.5,0.2,4.9
2006:Q1,RemainingTop1,16.9,14.9,10.3,8.2,27.2,4.1,10.3,26.2,17.3,4.5,4.2,1.6,24.2
2006:Q1,Next9,37.1,34,28.2,20.9,35.7,48.6,42.2,33.2,33,17.8,19.2,8.5,37.2
2006:Q1,Next40,32.6,34.4,44.9,41.4,15,44.1,40.9,16.6,32,43.9,46.7,37.9,18.4
2006:Q1,Bottom50,2.4,7.4,13.7,23.5,0.9,2.1,5.3,1.8,5.1,33.3,29.5,51.9,15.4
2006:Q2,TopPt1,11,9.2,3,5.7,21.1,1.2,1.4,22.5,12.5,0.6,0.5,0.2,5.3
2006:Q2,RemainingTop1,16.8,14.7,10.2,8.3,27.3,4.3,10.5,25.7,17,4.3,4.1,1.6,22.3
2006:Q2,Next9,37.2,34,28.2,21,35.7,48.5,42.1,33.8,33.2,18,19.4,8.4,37.3
2006:Q2,Next40,32.6,34.4,44.6,41.3,15,44,40.6,16.2,32.2,43.4,46,37.7,18.9
2006:Q2,Bottom50,2.4,7.6,14,23.7,0.9,2.1,5.3,1.8,5.2,33.7,30,52.1,16.3
2006:Q3,TopPt1,11.1,9.3,2.9,5.3,21.4,1.3,1.4,22.8,12.5,0.6,0.4,0.2,5.5
2006:Q3,RemainingTop1,16.9,14.7,10,8.5,27.3,4.4,10.8,25.2,16.8,4.2,4,1.6,20.5
2006:Q3,Next9,37.3,34.1,28.2,21.1,35.7,48.4,42,34.3,33.3,18.1,19.6,8.4,37.6
2006:Q3,Next40,32.4,34.1,44.5,41.1,14.7,43.9,40.5,15.8,32.2,42.9,45.4,37.4,19.3
2006:Q3,Bottom50,2.4,7.7,14.3,23.9,1,2,5.3,1.9,5.2,34.2,30.5,52.4,17.1
2006:Q4,TopPt1,11.3,9.5,2.9,5.1,21.8,1.4,1.5,23,12.4,0.6,0.4,0.2,5.8
2006:Q4,RemainingTop1,16.9,14.8,10,8.7,27.2,4.6,10.9,24.8,16.5,4.1,3.9,1.6,18.4
2006:Q4,Next9,37.4,34.2,28.3,21,35.8,48.3,41.9,34.8,33.4,18.4,19.8,8.5,37.1
2006:Q4,Next40,32,33.8,44.4,41,14.2,43.8,40.4,15.4,32.4,42.4,44.9,37.4,20.1
2006:Q4,Bottom50,2.3,7.7,14.4,24.2,1,2,5.4,1.9,5.3,34.5,30.9,52.3,18.6
2007:Q1,TopPt1,11.6,9.7,2.8,5.3,22.1,1.4,1.5,23,12.6,0.6,0.4,0.2,5.8
2007:Q1,RemainingTop1,17,14.9,10,8.7,27.2,4.7,11.2,24.5,16.3,4,3.8,1.6,16.8
2007:Q1,Next9,37.6,34.4,28.6,20.6,35.8,48.2,41.7,35.3,33.5,18.6,20.1,8.3,38.1
2007:Q1,Next40,31.6,33.4,44.1,40.9,13.9,43.7,40.2,15.2,32.3,42,44.4,37,20.2
2007:Q1,Bottom50,2.2,7.6,14.5,24.5,1,2,5.4,2,5.3,34.8,31.2,52.9,19.1
2007:Q2,TopPt1,11.7,9.8,2.8,5.2,22.3,1.5,1.6,23.1,12.6,0.6,0.4,0.2,5.6
2007:Q2,RemainingTop1,17,14.8,9.9,8.8,27.2,4.8,11.3,24.1,15.8,3.8,3.7,1.6,14.7
2007:Q2,Next9,37.8,34.6,28.8,20.5,35.9,48.2,41.7,35.8,33.8,18.9,20.3,8.3,38.3
2007:Q2,Next40,31.3,33.1,43.8,40.7,13.6,43.5,40.1,14.8,32.4,41.6,43.9,37,20.8
2007:Q2,Bottom50,2.1,7.7,14.7,24.7,1,2,5.4,2.1,5.4,35,31.6,52.8,20.6
2007:Q3,TopPt1,11.9,10,2.7,5,22.4,1.6,1.6,23.2,13.3,0.6,0.4,0.2,6.4
2007:Q3,RemainingTop1,17.1,14.8,9.9,9,27.3,4.9,11.5,23.8,15.8,3.7,3.7,1.6,13.7
2007:Q3,Next9,38,34.7,28.9,20.4,35.9,48.2,41.6,36.3,33.9,18.9,20.5,8.4,38.6
2007:Q3,Next40,31,32.8,43.6,40.6,13.4,43.3,39.9,14.6,31.8,41.2,43.4,36.9,20.9
2007:Q3,Bottom50,2,7.7,14.9,25,1,2,5.4,2.2,5.2,35.5,32,52.9,20.4
2007:Q4,TopPt1,11.8,9.9,2.8,5.3,22.1,1.6,1.6,22.8,13.4,0.7,0.4,0.2,6.4
2007:Q4,RemainingTop1,17,14.7,9.9,8.7,27.3,5.1,11.5,24.1,15.6,3.7,3.7,1.7,13.8
2007:Q4,Next9,38.3,34.9,29.1,20.4,36,48,42,36,34.6,18.9,20.4,8.4,37.4
2007:Q4,Next40,31.2,32.9,43.7,40.8,13.6,43.4,39.5,14.9,31.3,41,43.1,36.8,21.4
2007:Q4,Bottom50,1.7,7.6,14.6,24.9,1,1.9,5.4,2.2,5.1,35.8,32.4,52.8,21.1
2008:Q1,TopPt1,11.6,9.6,2.9,5.3,21.6,1.6,1.6,22,13.7,0.7,0.5,0.2,6.1
2008:Q1,RemainingTop1,16.9,14.6,9.8,8.4,27.5,5.2,11.6,24.5,15.5,3.7,3.6,1.8,13.5
2008:Q1,Next9,38.5,35,29.1,20.6,36.1,47.8,42.2,35.7,35.1,18.9,20.4,8.3,36.1
2008:Q1,Next40,31.5,33.1,43.5,41,13.8,43.5,39.1,15.4,30.8,40.7,42.9,36.3,21.9
2008:Q1,Bottom50,1.5,7.6,14.7,24.8,0.9,1.9,5.4,2.3,5,36,32.6,53.3,22.4
2008:Q2,TopPt1,11.4,9.5,2.9,5.1,21.3,1.6,1.6,21.7,13.6,0.7,0.5,0.3,6.4
2008:Q2,RemainingTop1,17,14.6,9.8,8.2,27.5,5.3,11.7,24.9,15.9,3.7,3.5,1.9,14.1
2008:Q2,Next9,38.6,35.1,29,21,36.3,47.6,42.5,35.4,35.3,19,20.7,8.4,36
2008:Q2,Next40,31.5,33.1,43.3,41.1,13.9,43.6,38.7,15.7,30.3,40.7,42.8,36.4,21.8
2008:Q2,Bottom50,1.5,7.7,15,24.6,0.9,1.9,5.4,2.4,4.9,35.9,32.4,53,21.7
2008:Q3,TopPt1,11.1,9.2,3,5.2,20.5,1.6,1.7,21.1,13.8,0.7,0.5,0.3,6
2008:Q3,RemainingTop1,17,14.5,9.8,7.9,27.8,5.5,11.8,25.2,16.3,3.8,3.6,2,13.5
2008:Q3,Next9,38.9,35.1,29.1,21.1,36.5,47.4,42.9,35.1,35.3,18.8,20.4,8.2,34.1
2008:Q3,Next40,31.9,33.4,43.1,41.3,14.3,43.7,38.1,16.1,29.9,40.3,42.5,35.9,22.7
2008:Q3,Bottom50,1.2,7.8,15,24.5,0.9,1.9,5.4,2.5,4.8,36.4,32.9,53.5,23.8
2008:Q4,TopPt1,10.6,8.7,3,5.4,18.9,1.6,1.8,20.2,14,0.7,0.5,0.3,8.2
2008:Q4,RemainingTop1,17.1,14.5,9.8,7.6,28.3,5.6,12.2,25.8,17.8,3.8,3.6,2.1,16
2008:Q4,Next9,38.8,34.9,29.3,21.1,36.7,47.2,43.1,34.7,34.3,18.4,20.3,8.2,32.7
2008:Q4,Next40,32.5,34,43.1,41.5,15.3,43.8,37.4,16.7,29.3,40.3,42.3,35.6,22.5
2008:Q4,Bottom50,1,7.9,14.8,24.4,0.8,1.9,5.5,2.6,4.7,36.8,33.3,53.8,20.7
2009:Q1,TopPt1,10.3,8.4,3.1,5.5,18,1.6,1.8,19.3,14,0.7,0.5,0.3,8.4
2009:Q1,RemainingTop1,17.1,14.5,9.7,7.4,28.5,5.7,12.3,26.3,18.3,3.8,3.6,2.2,16.5
2009:Q1,Next9,38.9,34.9,29.4,21.2,37,47,43.6,34.4,34.1,18.2,20.1,7.9,32
2009:Q1,Next40,32.9,34.3,43,41.6,15.8,43.9,36.9,17.3,28.9,40.1,42.1,34.9,22.7
2009:Q1,Bottom50,0.7,7.9,14.7,24.3,0.7,1.8,5.5,2.7,4.6,37.3,33.7,54.7,20.4
2009:Q2,TopPt1,10.3,8.4,3.2,5.3,19.2,1.6,1.8,18.1,13.4,0.8,0.5,0.3,8.3
2009:Q2,RemainingTop1,17.3,14.7,9.7,7.2,28.1,5.8,12,27,18.3,3.8,3.6,2.3,16.3
2009:Q2,Next9,39.2,35.1,29.5,21.5,37.1,46.8,44,34,34.5,18.2,20.1,7.8,30.6
2009:Q2,Next40,32.5,33.9,42.7,41.8,14.8,44,36.7,18,29.1,39.9,41.9,34.7,23.2
2009:Q2,Bottom50,0.7,7.8,15,24.1,0.8,1.8,5.4,2.9,4.7,37.4,33.8,54.9,21.5
2009:Q3,TopPt1,10.6,8.7,3.2,5.1,20,1.6,1.7,17.7,13.5,0.8,0.5,0.4,8.2
2009:Q3,RemainingTop1,17.5,15,9.6,7,27.8,5.9,11.8,27.3,18.4,3.9,3.6,2.4,16.2
2009:Q3,Next9,39.4,35.3,29.5,21.9,37.2,46.6,44.5,33.6,34.8,18,20,7.7,29.2
2009:Q3,Next40,31.9,33.3,42.4,42,14.1,44.1,36.6,18.4,28.7,39.6,41.7,34.3,23.8
2009:Q3,Bottom50,0.7,7.7,15.2,24,0.8,1.8,5.4,2.9,4.6,37.8,34.2,55.3,22.7
2009:Q4,TopPt1,10.5,8.7,3.3,5.4,20.1,1.6,1.7,17.2,13.2,0.8,0.5,0.4,7.9
2009:Q4,RemainingTop1,17.6,15,9.6,6.7,27.8,6,11.7,27.8,18.5,3.9,3.6,2.5,15.8
2009:Q4,Next9,39.6,35.5,29.7,21.9,37.4,46.4,44.9,33.2,35,18,20,7.6,28.4
2009:Q4,Next40,31.8,33.2,42.2,42.2,13.9,44.2,36.3,18.8,28.7,39.4,41.5,34,24.2
2009:Q4,Bottom50,0.6,7.6,15.1,23.9,0.8,1.8,5.4,3,4.6,37.9,34.3,55.6,23.8
2010:Q1,TopPt1,10.6,8.8,3.4,5.3,20.3,1.5,1.7,17.3,13.2,0.9,0.6,0.4,7.8
2010:Q1,RemainingTop1,17.6,15.1,9.6,6.5,27.7,6.1,11.6,27.9,18.7,4,3.6,2.6,16
2010:Q1,Next9,39.7,35.7,29.9,22.1,37.5,46.3,45.3,32.9,35.2,18,20,7.3,26.6
2010:Q1,Next40,31.6,33,42.1,42.3,13.7,44.2,36.1,18.9,28.4,39.1,41.4,33.4,25
2010:Q1,Bottom50,0.5,7.4,15,23.8,0.8,1.8,5.3,3,4.5,38,34.4,56.3,24.6
2010:Q2,TopPt1,10.5,8.7,3.5,5.4,19.6,1.5,1.7,17.9,13.4,0.9,0.6,0.4,7.7
2010:Q2,RemainingTop1,17.6,15.1,9.6,6.3,27.9,6.2,11.7,27.8,18.8,4,3.6,2.7,16
2010:Q2,Next9,39.9,35.8,30.1,22.2,37.7,46.5,45.7,32.8,35.4,18,20.1,7.3,25.8
2010:Q2,Next40,31.5,32.9,41.7,42.5,13.9,44.1,35.5,18.7,27.9,39,41.3,33.2,25.3
2010:Q2,Bottom50,0.5,7.5,15.1,23.6,0.8,1.7,5.3,2.8,4.4,38,34.4,56.4,25.2
2010:Q3,TopPt1,10.7,9,3.5,5.3,20.2,1.5,1.7,18.1,13.4,0.9,0.6,0.5,7.6
2010:Q3,RemainingTop1,17.7,15.2,9.6,6.1,27.7,6.3,11.6,27.8,18.9,4,3.6,2.7,15.8
2010:Q3,Next9,40,36.1,30,22.5,37.8,46.6,46.1,32.5,35.7,18,20.1,7.2,25.3
2010:Q3,Next40,31,32.4,41.5,42.7,13.5,44,35.4,18.8,27.6,38.8,41.1,33,25.4
2010:Q3,Bottom50,0.5,7.3,15.4,23.5,0.8,1.7,5.3,2.8,4.4,38.3,34.6,56.6,25.9
2010:Q4,TopPt1,11,9.2,3.5,5.7,20.7,1.4,1.6,18.6,13.3,0.9,0.6,0.5,7.2
2010:Q4,RemainingTop1,17.8,15.4,9.7,6.1,27.5,6.3,11.5,27.4,18.9,4,3.6,2.6,15.9
2010:Q4,Next9,40.1,36.2,30.3,22.2,37.6,46.7,45.7,32.8,35.7,18,20.2,7.6,26.2
2010:Q4,Next40,30.7,32.2,41.7,42.5,13.4,44,36,18.5,27.7,39,41.5,33.5,24.5
2010:Q4,Bottom50,0.4,7,14.8,23.5,0.8,1.7,5.2,2.7,4.4,38,34.1,55.8,26.3
2011:Q1,TopPt1,11.2,9.4,3.5,5.9,21.1,1.3,1.6,19.1,13.2,0.9,0.6,0.5,6.6
2011:Q1,RemainingTop1,17.9,15.5,9.8,6.2,27.2,6.4,11.5,27,19,4,3.6,2.5,15.6
2011:Q1,Next9,40,36.2,30.3,22.1,37.5,46.7,45.1,33.1,35.8,18.3,20.5,7.5,27.3
2011:Q1,Next40,30.5,32,41.8,42.3,13.3,44,36.6,18.2,27.7,39.1,41.9,33.1,23.6
2011:Q1,Bottom50,0.4,6.8,14.6,23.5,0.8,1.7,5.2,2.6,4.4,37.7,33.5,56.5,26.8
2011:Q2,TopPt1,11.3,9.5,3.5,6.4,21.1,1.2,1.6,19.5,13.2,0.8,0.6,0.5,6.4
2011:Q2,RemainingTop1,17.9,15.5,10,6.3,27.1,6.4,11.5,26.7,18.9,4,3.6,2.4,15.9
2011:Q2,Next9,39.9,36.3,30.6,21.7,37.5,46.6,44.8,33.4,35.7,18.4,20.7,7.5,28.1
2011:Q2,Next40,30.5,32,41.6,42.1,13.5,44.1,37,18,27.7,39.4,42.2,33.1,22.7
2011:Q2,Bottom50,0.4,6.8,14.4,23.6,0.8,1.7,5.1,2.5,4.4,37.4,33,56.5,26.9
2011:Q3,TopPt1,11,9.3,3.5,6.2,20.4,1.1,1.6,20,13.5,0.8,0.5,0.5,6.2
2011:Q3,RemainingTop1,17.7,15.3,10,6.5,27.1,6.5,11.7,26.2,19.1,3.9,3.6,2.2,16.2
2011:Q3,Next9,39.8,36.1,30.3,21.9,37.5,46.6,44.4,33.7,35.5,18.5,20.9,7.5,28.4
2011:Q3,Next40,31,32.5,41.7,41.9,14.2,44.2,37.2,17.7,27.6,39.5,42.5,33,22
2011:Q3,Bottom50,0.4,6.9,14.4,23.5,0.7,1.7,5.1,2.4,4.3,37.1,32.4,56.7,27.2
2011:Q4,TopPt1,11.2,9.4,3.5,6.5,20.8,1,1.6,20.6,13.3,0.8,0.5,0.5,6.2
2011:Q4,RemainingTop1,17.8,15.4,10.1,6.6,26.9,6.5,11.6,25.8,19.2,3.9,3.6,2.1,16.8
2011:Q4,Next9,39.7,36.1,30.4,21.7,37.4,46.6,43.9,34,35.4,18.6,21,7.6,28.5
2011:Q4,Next40,30.8,32.4,41.9,41.7,14.1,44.2,37.8,17.4,27.6,39.7,42.9,33,21.2
2011:Q4,Bottom50,0.4,6.7,14.1,23.5,0.7,1.7,5,2.2,4.4,36.9,32,56.8,27.4
2012:Q1,TopPt1,11.5,9.7,3.5,7,21.4,0.8,1.5,21,13.1,0.8,0.5,0.5,5.8
2012:Q1,RemainingTop1,17.9,15.6,10.3,6.6,26.7,6.6,11.5,25.4,19.3,3.9,3.6,2,16.7
2012:Q1,Next9,39.7,36.2,30.7,21.3,37.3,46.6,43.7,34.2,35.4,18.9,21.3,7.5,29.4
2012:Q1,Next40,30.4,32,41.7,41.5,13.8,44.3,38.4,17.2,27.8,39.9,43.3,32.7,20.4
2012:Q1,Bottom50,0.4,6.5,13.8,23.6,0.8,1.7,5,2.1,4.4,36.6,31.3,57.3,27.7
2012:Q2,TopPt1,11.6,9.7,3.6,7,21.4,0.8,1.5,21.6,13.3,0.7,0.5,0.5,5.6
2012:Q2,RemainingTop1,17.8,15.5,10.3,6.8,26.5,6.6,11.6,25,19.4,3.9,3.6,1.8,17.1
2012:Q2,Next9,39.6,36.2,30.7,21.3,37.2,46.5,43,34.5,35.5,19,21.5,7.6,30
2012:Q2,Next40,30.5,32.1,41.6,41.3,14.1,44.3,38.9,16.9,27.6,40.1,43.6,32.8,19.5
2012:Q2,Bottom50,0.6,6.5,13.9,23.6,0.8,1.7,4.9,2,4.4,36.3,30.8,57.3,27.9
2012:Q3,TopPt1,11.8,10,3.6,7.1,21.7,0.7,1.5,22.3,13.3,0.7,0.5,0.5,5.3
2012:Q3,RemainingTop1,17.9,15.6,10.4,6.9,26.4,6.7,11.5,24.5,19.5,3.9,3.6,1.7,17.2
2012:Q3,Next9,39.5,36.1,30.6,21.3,37.1,46.5,42.6,34.8,35.3,19,21.5,7.7,30.6
2012:Q3,Next40,30.3,31.9,41.7,41.1,14,44.4,39.5,16.5,27.5,40.2,44,32.7,18.7
2012:Q3,Bottom50,0.6,6.4,13.7,23.6,0.8,1.7,4.9,1.9,4.4,36.2,30.4,57.5,28.2
2012:Q4,TopPt1,11.8,10,3.6,7.3,21.8,0.6,1.5,22.8,13.2,0.7,0.5,0.5,5.2
2012:Q4,RemainingTop1,17.8,15.6,10.5,7,26.2,6.7,11.5,24.1,19.5,3.8,3.6,1.6,17.8
2012:Q4,Next9,39.3,36.1,30.6,21.2,37.1,46.5,42.2,35.1,35.5,19.3,22,7.8,31
2012:Q4,Next40,30.3,32,41.8,40.9,14.1,44.5,40,16.2,27.5,40.5,44.4,32.9,17.6
2012:Q4,Bottom50,0.7,6.3,13.5,23.6,0.8,1.7,4.8,1.8,4.4,35.7,29.6,57.2,28.4
2013:Q1,TopPt1,12,10.2,3.6,7.6,22.4,0.4,1.5,23.3,12.8,0.6,0.4,0.4,4.8
2013:Q1,RemainingTop1,17.8,15.7,10.6,7.1,26,6.8,11.4,23.7,19.5,3.9,3.7,1.4,17.7
2013:Q1,Next9,39.4,36.2,30.8,20.9,36.9,46.6,41.8,35.4,35.5,19,21.6,7.6,31.7
2013:Q1,Next40,30.1,31.7,41.9,40.8,13.8,44.4,40.6,15.9,27.7,40.5,44.6,32.4,17
2013:Q1,Bottom50,0.7,6.2,13.1,23.6,0.8,1.7,4.8,1.7,4.5,36,29.8,58.1,28.8
2013:Q2,TopPt1,12,10.2,3.7,7.7,22.5,0.3,1.5,24.1,12.4,0.6,0.4,0.4,4.5
2013:Q2,RemainingTop1,17.7,15.6,10.7,7.2,25.9,6.7,11.4,23.2,19.4,3.9,3.7,1.3,17.7
2013:Q2,Next9,39.4,36.2,30.8,20.9,36.9,46.8,41.4,35.7,35.7,19.1,21.7,7.8,32.1
2013:Q2,Next40,30.2,31.8,41.8,40.6,13.9,44.4,41.1,15.5,28,40.6,44.9,32.5,16.4
2013:Q2,Bottom50,0.8,6.2,13.1,23.6,0.8,1.8,4.7,1.5,4.6,35.8,29.2,58,29.3
2013:Q3,TopPt1,12.1,10.4,3.7,7.6,22.8,0.2,1.4,24.8,12.2,0.5,0.3,0.4,4.2
2013:Q3,RemainingTop1,17.6,15.6,10.7,7.4,25.8,6.7,11.3,22.7,19.4,3.9,3.7,1.2,18.1
2013:Q3,Next9,39.2,36.2,30.5,21.1,36.8,47,41.1,36,35.6,19.2,21.9,7.8,32.9
2013:Q3,Next40,30.1,31.7,41.9,40.4,13.8,44.3,41.6,15.1,28.1,40.8,45.3,32.5,15.4
2013:Q3,Bottom50,0.9,6.1,13.1,23.5,0.8,1.8,4.6,1.4,4.6,35.6,28.8,58.1,29.4
2013:Q4,TopPt1,12.2,10.5,3.7,7.7,23,0.2,1.5,25,12,0.6,0.3,0.4,3.8
2013:Q4,RemainingTop1,17.7,15.6,10.7,7.4,26,6.4,11.1,23.3,19.4,4,3.8,1.3,16.1
2013:Q4,Next9,39.3,36.3,30.5,20.9,36.6,47.5,41.7,35.3,35.8,19.2,21.8,7.9,32.8
2013:Q4,Next40,29.9,31.6,42.2,40.5,13.5,44,41.1,15,28.2,41,45.7,32.9,17.2
2013:Q4,Bottom50,0.9,6,12.9,23.5,0.8,1.8,4.6,1.4,4.7,35.3,28.4,57.5,30
2014:Q1,TopPt1,12.3,10.6,3.7,8.1,23.2,0.3,1.6,25,12,0.6,0.4,0.4,3.8
2014:Q1,RemainingTop1,17.8,15.8,10.8,7.3,26.2,6.2,11,24,19.3,4,3.9,1.4,15.8
2014:Q1,Next9,39.3,36.4,30.7,20.5,36.5,48,42.2,34.7,35.9,19.2,21.7,7.7,32.8
2014:Q1,Next40,29.7,31.3,42.2,40.7,13.3,43.9,40.7,15,28.2,41.3,46.1,33,17.6
2014:Q1,Bottom50,0.9,5.9,12.6,23.4,0.8,1.7,4.5,1.4,4.7,34.9,27.9,57.5,30
2014:Q2,TopPt1,12.5,10.8,3.7,8.2,23.4,0.3,1.6,25.2,11.9,0.6,0.4,0.4,3.8
2014:Q2,RemainingTop1,17.9,15.9,10.9,7.3,26.4,5.9,10.9,24.5,19.4,4.1,4,1.5,15.6
2014:Q2,Next9,39.3,36.4,30.7,20.4,36.4,48.4,42.6,34.1,35.9,19.1,21.8,7.8,32.6
2014:Q2,Next40,29.3,31.1,42.2,40.8,13,43.7,40.4,14.9,28.2,41.6,46.5,33.4,18
2014:Q2,Bottom50,1,5.8,12.5,23.4,0.8,1.7,4.5,1.4,4.7,34.5,27.4,56.8,30
2014:Q3,TopPt1,12.5,10.8,3.7,8.5,23.3,0.3,1.7,25.4,11.9,0.6,0.4,0.5,4
2014:Q3,RemainingTop1,17.9,16,11,7.2,26.7,5.7,10.9,24.9,19.3,4.1,4,1.6,16.5
2014:Q3,Next9,39.3,36.4,30.7,20.1,36.3,48.8,42.9,33.6,36,18.9,21.7,7.9,32.4
2014:Q3,Next40,29.3,31.1,42.3,41,13,43.5,40,14.7,28.1,42.1,46.9,33.7,17.4
2014:Q3,Bottom50,1,5.8,12.3,23.3,0.8,1.7,4.5,1.3,4.6,34.3,27,56.4,29.7
2014:Q4,TopPt1,12.6,10.9,3.7,8.8,23.4,0.3,1.8,25.6,11.8,0.6,0.4,0.5,4.1
2014:Q4,RemainingTop1,18,16.1,11.1,7.1,26.8,5.5,10.8,25.4,19.4,4.2,4.1,1.7,16.5
2014:Q4,Next9,39.3,36.5,30.8,19.7,36.1,49.2,43.4,33.1,36,18.8,21.7,7.9,32.1
2014:Q4,Next40,29.1,30.9,42.5,41.2,12.8,43.4,39.6,14.6,28.2,42.4,47.3,34.1,17.7
2014:Q4,Bottom50,1,5.6,12,23.3,0.8,1.6,4.4,1.3,4.6,33.9,26.5,55.8,29.7
2015:Q1,TopPt1,12.6,11,3.7,9,23.5,0.4,1.9,25.7,11.7,0.6,0.4,0.5,4.1
2015:Q1,RemainingTop1,18.1,16.2,11.1,7,27,5.2,10.7,25.8,19.4,4.2,4.2,1.7,16.4
2015:Q1,Next9,39.3,36.5,30.9,19.4,36,49.6,43.7,32.6,36.1,18.7,21.6,7.8,31.8
2015:Q1,Next40,28.9,30.8,42.5,41.3,12.7,43.2,39.3,14.5,28.2,42.7,47.7,34.1,18.1
2015:Q1,Bottom50,1,5.6,11.7,23.2,0.8,1.6,4.4,1.3,4.6,33.7,26.1,56,29.6
2015:Q2,TopPt1,12.7,11,3.7,9.3,23.5,0.4,1.9,25.9,11.6,0.7,0.5,0.5,4
2015:Q2,RemainingTop1,18.1,16.2,11.2,6.9,27.2,5,10.6,26.2,19.4,4.3,4.2,1.8,16.3
2015:Q2,Next9,39.4,36.5,31,19.1,35.9,50,44.2,32.2,36.1,18.6,21.5,7.9,31.5
2015:Q2,Next40,28.8,30.7,42.4,41.5,12.6,43,39,14.4,28.3,43,48,34.4,18.7
2015:Q2,Bottom50,1.1,5.5,11.6,23.2,0.7,1.6,4.3,1.3,4.7,33.4,25.8,55.4,29.4
2015:Q3,TopPt1,12.5,10.8,3.7,9.2,23.3,0.4,2,26,11.7,0.7,0.5,0.5,4
2015:Q3,RemainingTop1,18.1,16.1,11.2,6.9,27.5,4.8,10.6,26.6,19.6,4.4,4.3,1.9,16.6
2015:Q3,Next9,39.4,36.4,30.8,19.2,35.8,50.4,44.6,31.8,36.2,18.5,21.4,7.9,31.2
2015:Q3,Next40,29,31,42.7,41.6,12.7,42.9,38.5,14.3,28,43.3,48.4,34.7,19.1
2015:Q3,Bottom50,1.1,5.6,11.6,23.1,0.7,1.5,4.3,1.3,4.6,33.2,25.5,55.1,29.1
2015:Q4,TopPt1,12.5,10.9,3.7,9.1,23.4,0.5,2.1,26.1,11.6,0.7,0.5,0.5,4
2015:Q4,RemainingTop1,18.1,16.2,11.2,6.9,27.6,4.5,10.5,27,19.5,4.5,4.3,2,17
2015:Q4,Next9,39.3,36.4,30.6,19.2,35.7,50.8,45,31.4,36.1,18.5,21.4,7.7,30.5
2015:Q4,Next40,28.9,31,43,41.8,12.6,42.7,38.2,14.3,28.2,43.6,48.7,34.7,19.8
2015:Q4,Bottom50,1.2,5.5,11.5,23.1,0.7,1.5,4.2,1.3,4.6,32.8,25.1,55.2,28.7
2016:Q1,TopPt1,12.5,10.9,3.7,9.4,23.4,0.5,2.2,26,11.6,0.7,0.5,0.4,4
2016:Q1,RemainingTop1,18.1,16.2,11.3,6.8,27.8,4.3,10.4,27.5,19.4,4.5,4.4,2.1,17.3
2016:Q1,Next9,39.3,36.5,30.7,18.9,35.6,51.2,45.4,30.9,36.2,18.3,21.3,7.6,30.2
2016:Q1,Next40,28.9,30.9,43,41.9,12.5,42.6,37.9,14.3,28.2,43.9,49.1,34.6,20.4
2016:Q1,Bottom50,1.2,5.5,11.2,23,0.7,1.5,4.2,1.3,4.6,32.6,24.7,55.3,28.1
2016:Q2,TopPt1,12.6,11,3.7,9.8,23.5,0.5,2.2,26.1,11.6,0.7,0.5,0.5,4
2016:Q2,RemainingTop1,18.2,16.3,11.4,6.6,27.9,4.2,10.3,27.8,19.4,4.6,4.5,2.1,17.5
2016:Q2,Next9,39.3,36.5,30.9,18.4,35.5,51.4,45.8,30.5,36.2,18.2,21.1,7.7,30.1
2016:Q2,Next40,28.7,30.8,43,42.1,12.3,42.5,37.6,14.2,28.1,44.2,49.4,34.9,21
2016:Q2,Bottom50,1.2,5.4,10.9,23,0.7,1.5,4.2,1.3,4.6,32.3,24.4,54.8,27.5
2016:Q3,TopPt1,12.6,11,3.7,9.5,23.6,0.5,2.2,26.3,11.4,0.7,0.5,0.5,3.9
2016:Q3,RemainingTop1,18.2,16.4,11.3,6.7,28.1,4,10.2,28.1,19.4,4.7,4.6,2.2,17.7
2016:Q3,Next9,39.2,36.4,30.5,18.7,35.5,51.6,46.1,30.2,36.1,18.1,21.1,7.7,29.9
2016:Q3,Next40,28.7,30.8,43.3,42.2,12.2,42.4,37.3,14.1,28.3,44.4,49.7,35.1,21.6
2016:Q3,Bottom50,1.3,5.5,11.2,22.9,0.7,1.4,4.1,1.3,4.7,32.1,24.1,54.6,26.9
2016:Q4,TopPt1,12.5,10.9,3.7,9.2,23.4,0.5,2.2,26.4,11.2,0.7,0.5,0.5,4.3
2016:Q4,RemainingTop1,18.2,16.3,11.3,6.6,28.3,4,10,27.8,19.3,4.7,4.6,2.1,17.7
2016:Q4,Next9,39.2,36.4,30.4,19,35.5,51.5,46.3,30.4,36,18.1,21.2,7.6,28.3
2016:Q4,Next40,28.8,30.9,43.6,42.2,12.1,42.5,37.3,14.1,28.7,44.4,49.6,35.2,22.4
2016:Q4,Bottom50,1.3,5.4,11,22.9,0.7,1.4,4.2,1.3,4.8,32.1,24,54.6,27.3
2017:Q1,TopPt1,12.5,10.9,3.7,9.1,23.3,0.5,2,26.5,11.1,0.7,0.5,0.5,4.5
2017:Q1,RemainingTop1,18.2,16.4,11.3,6.5,28.5,4.1,9.8,27.6,19.1,4.7,4.7,2,17.3
2017:Q1,Next9,39.3,36.5,30.5,19.2,35.6,51.5,46.5,30.6,36.1,18.1,21.4,7.4,27.2
2017:Q1,Next40,28.7,30.8,43.6,42.2,12,42.5,37.3,14,29,44.3,49.6,34.9,23.2
2017:Q1,Bottom50,1.3,5.4,10.9,23,0.7,1.5,4.3,1.4,4.8,32.2,23.8,55.3,27.8
2017:Q2,TopPt1,12.5,11,3.7,8.9,23.1,0.5,1.9,26.9,11,0.7,0.5,0.5,4.7
2017:Q2,RemainingTop1,18.2,16.4,11.3,6.5,28.8,4.1,9.6,27,19,4.7,4.7,1.9,17.2
2017:Q2,Next9,39.3,36.5,30.5,19.4,35.6,51.5,46.8,30.9,36.1,18.1,21.6,7.3,25.7
2017:Q2,Next40,28.6,30.6,43.5,42.2,11.8,42.5,37.3,13.8,29.1,44.3,49.5,34.9,24.3
2017:Q2,Bottom50,1.4,5.4,11.1,23.1,0.7,1.5,4.3,1.3,4.8,32.2,23.7,55.4,28.1
2017:Q3,TopPt1,12.5,10.9,3.7,8.6,23,0.4,1.8,27,10.8,0.8,0.5,0.5,5
2017:Q3,RemainingTop1,18.2,16.4,11.2,6.4,29,4.1,9.5,26.7,18.9,4.7,4.7,1.8,17
2017:Q3,Next9,39.3,36.6,30.4,19.8,35.7,51.4,47,31.2,36.2,18.1,21.8,7.2,24.5
2017:Q3,Next40,28.6,30.6,43.6,42.2,11.7,42.5,37.4,13.8,29.3,44.2,49.4,34.8,25.1
2017:Q3,Bottom50,1.4,5.4,11.1,23.1,0.7,1.5,4.4,1.4,4.8,32.3,23.5,55.8,28.5
2017:Q4,TopPt1,12.5,11,3.7,8.2,22.9,0.4,1.7,27.2,10.7,0.8,0.5,0.5,5.1
2017:Q4,RemainingTop1,18.3,16.5,11.2,6.4,29.1,4.1,9.3,26.3,18.9,4.7,4.8,1.7,16.5
2017:Q4,Next9,39.3,36.6,30.3,20.1,35.8,51.4,47.2,31.4,36.1,18.1,21.9,7.2,23.5
2017:Q4,Next40,28.4,30.5,43.7,42.1,11.6,42.6,37.4,13.7,29.5,44.2,49.4,34.8,25.9
2017:Q4,Bottom50,1.4,5.4,11.1,23.1,0.7,1.5,4.5,1.4,4.9,32.3,23.4,55.8,29
2018:Q1,TopPt1,12.4,10.9,3.7,8.1,22.7,0.4,1.6,27.4,10.6,0.8,0.5,0.5,5.2
2018:Q1,RemainingTop1,18.2,16.5,11.2,6.3,29.4,4.1,9.1,26,18.7,4.7,4.8,1.6,16.4
2018:Q1,Next9,39.3,36.6,30.3,20.3,35.8,51.4,47.4,31.6,36.1,18.1,22.1,6.9,22.4
2018:Q1,Next40,28.6,30.6,43.7,42.1,11.5,42.6,37.3,13.6,29.7,44.1,49.3,34.5,26.8
2018:Q1,Bottom50,1.5,5.4,11.1,23.2,0.6,1.5,4.5,1.4,4.9,32.3,23.2,56.5,29.2
2018:Q2,TopPt1,12.3,10.9,3.7,7.9,22.5,0.4,1.6,27.6,10.5,0.8,0.5,0.5,5.4
2018:Q2,RemainingTop1,18.2,16.5,11.1,6.2,29.7,4.2,9,25.6,18.7,4.7,4.8,1.6,16.5
2018:Q2,Next9,39.4,36.7,30.3,20.6,35.8,51.4,47.6,31.9,36.2,18.1,22.3,6.8,20.7
2018:Q2,Next40,28.5,30.5,43.6,42.1,11.4,42.6,37.3,13.5,29.7,44.1,49.2,34.5,27.9
2018:Q2,Bottom50,1.6,5.5,11.2,23.2,0.6,1.5,4.6,1.4,4.9,32.3,23.1,56.6,29.4
2018:Q3,TopPt1,12.4,10.9,3.7,7.7,22.4,0.4,1.5,27.7,10.5,0.8,0.5,0.5,5.6
2018:Q3,RemainingTop1,18.3,16.5,11.1,6.1,29.8,4.2,8.8,25.3,18.6,4.6,4.9,1.5,16.5
2018:Q3,Next9,39.4,36.7,30.3,20.8,35.9,51.3,47.7,32.1,36.3,18.1,22.5,6.8,19.5
2018:Q3,Next40,28.4,30.4,43.7,42.1,11.3,42.7,37.4,13.4,29.7,44.1,49.2,34.4,28.7
2018:Q3,Bottom50,1.5,5.5,11.2,23.3,0.6,1.5,4.6,1.5,4.8,32.3,23,56.9,29.7
2018:Q4,TopPt1,11.9,10.4,3.7,7.3,21.5,0.3,1.4,27.8,10.5,0.8,0.5,0.5,5.8
2018:Q4,RemainingTop1,18.1,16.3,11.1,6.1,30.7,4.2,8.6,25,18.6,4.7,4.9,1.4,16.8
2018:Q4,Next9,39.6,36.8,30.1,21.2,35.9,51.3,48.3,32.3,36.4,18.1,22.6,6.7,17.3
2018:Q4,Next40,28.8,30.8,43.6,42.1,11.4,42.7,36.9,13.4,29.7,44.1,49.1,34.5,30.2
2018:Q4,Bottom50,1.6,5.7,11.6,23.3,0.5,1.5,4.7,1.5,4.8,32.3,22.8,56.9,29.9
2019:Q1,TopPt1,12.3,10.8,3.7,7.5,21.9,0.3,1.3,28,10.5,0.8,0.5,0.5,6.4
2019:Q1,RemainingTop1,18.3,16.6,11.2,5.9,30.4,4.2,8.5,24.7,18.5,4.6,5,1.3,16.7
2019:Q1,Next9,39.7,36.9,30.4,21.1,36,51.3,48.4,32.5,36.4,18,22.8,6.5,16
2019:Q1,Next40,28.1,30.2,43.3,42.1,11.1,42.7,37.2,13.3,29.8,44.1,49.1,34.2,30.7
2019:Q1,Bottom50,1.6,5.5,11.4,23.4,0.6,1.5,4.7,1.5,4.7,32.4,22.7,57.5,30.3
2019:Q2,TopPt1,12.3,10.8,3.7,7.4,21.8,0.3,1.2,28.3,10.5,0.9,0.5,0.5,6.5
2019:Q2,RemainingTop1,18.3,16.6,11.1,5.9,30.6,4.3,8.3,24.3,18.4,4.6,5,1.2,16.6
2019:Q2,Next9,39.6,36.9,30.4,21.2,36,50.9,48.6,32.8,36.6,18,22.8,6.4,14.8
2019:Q2,Next40,28.2,30.2,43.5,42.1,11,43,37.1,13.1,29.8,44,49,34.3,31.5
2019:Q2,Bottom50,1.6,5.5,11.3,23.5,0.6,1.5,4.8,1.5,4.7,32.5,22.6,57.6,30.6
2019:Q3,TopPt1,12.1,10.7,3.6,6.9,21.5,0.3,1.1,28.5,10.5,0.9,0.5,0.5,6.9
2019:Q3,RemainingTop1,18.3,16.6,11,5.9,30.9,4.3,8.1,24,18.3,4.6,5,1.1,16.5
2019:Q3,Next9,39.7,36.9,30.2,21.8,36.1,50.5,48.9,33,36.8,18,23,6.4,13.6
2019:Q3,Next40,28.2,30.2,43.3,42.1,11,43.3,37,13,29.8,44,48.9,34.2,32.2
2019:Q3,Bottom50,1.7,5.6,11.9,23.5,0.6,1.6,4.8,1.6,4.6,32.6,22.6,57.9,30.9
2019:Q4,TopPt1,12.4,11,3.7,6.8,21.9,0.4,1.1,28.3,10.6,0.9,0.5,0.5,6.9
2019:Q4,RemainingTop1,18.2,16.5,10.9,5.8,30.1,4.4,8.4,24.1,18,4.6,4.9,1.2,17.6
2019:Q4,Next9,39.5,36.8,30.1,21.9,36.3,49.4,48.3,32.8,36.6,18,23,6.7,13.4
2019:Q4,Next40,28.2,30.2,43.4,42.1,11.1,44.1,37.4,13.2,30.1,44,49,34.3,31.3
2019:Q4,Bottom50,1.7,5.5,11.8,23.4,0.6,1.7,4.8,1.5,4.7,32.4,22.5,57.2,30.9
2020:Q1,TopPt1,11.7,10.3,3.7,6.7,20.7,0.5,1.2,28.2,11.1,0.9,0.6,0.5,6.5
2020:Q1,RemainingTop1,17.5,15.8,10.7,5.8,30.7,4.4,8.6,24.2,17.5,4.7,4.8,1.3,18.7
2020:Q1,Next9,39.3,36.5,30.1,22,36.4,48.3,48.5,32.6,36.6,18.1,23,6.8,13.4
2020:Q1,Next40,29.6,31.5,43.6,42.1,11.6,44.9,36.9,13.4,30,44,49.2,33.9,30.7
2020:Q1,Bottom50,1.8,5.8,11.8,23.3,0.5,1.8,4.7,1.5,4.7,32.2,22.4,57.5,30.7
2020:Q2,TopPt1,12.3,10.9,3.8,6.7,21.8,0.6,1.2,28.1,11.3,0.9,0.6,0.6,6.9
2020:Q2,RemainingTop1,17.6,16,10.6,5.8,29.5,4.5,8.8,24.4,17.2,4.7,4.7,1.4,19.8
2020:Q2,Next9,38.9,36.4,30.1,22.2,36.6,47.3,47.9,32.5,36.2,18.2,23,7,12.6
2020:Q2,Next40,29.3,31.1,43.8,42.1,11.5,45.7,37.4,13.6,30.4,44.1,49.3,33.8,29.8
2020:Q2,Bottom50,2,5.7,11.8,23.3,0.7,1.9,4.7,1.5,4.8,32,22.3,57.3,30.9
2020:Q3,TopPt1,12.5,11.1,3.8,6.7,22.2,0.7,1.2,28.1,11.2,1,0.6,0.6,6.7
2020:Q3,RemainingTop1,17.5,16,10.4,5.7,28.8,4.6,8.9,24.4,16.9,4.7,4.6,1.5,19.9
2020:Q3,Next9,38.6,36.2,30.1,22.2,36.7,46.2,47.5,32.4,36.1,18.4,23.1,7.3,13.9
2020:Q3,Next40,29.3,31.1,44,42.2,11.5,46.5,37.6,13.7,30.9,44.1,49.4,33.7,28.4
2020:Q3,Bottom50,2.1,5.7,11.7,23.3,0.7,2,4.7,1.4,5,31.9,22.3,56.9,31.1
2020:Q4,TopPt1,13,11.6,3.8,6.8,22.8,0.8,1.2,28.1,11.3,1,0.6,0.7,6.3
2020:Q4,RemainingTop1,17.6,16.1,10.3,5.6,28.1,4.7,9.1,24.5,16.5,4.7,4.4,1.6,19.8
2020:Q4,Next9,38.2,36,30.2,22.2,36.8,45.2,46.9,32.2,35.9,18.7,23.3,7.6,15.3
2020:Q4,Next40,29,30.7,44.1,42.2,11.5,47.2,38,13.8,31.2,44,49.5,33.9,27.4
2020:Q4,Bottom50,2.2,5.6,11.7,23.3,0.8,2.1,4.7,1.4,5,31.6,22.1,56.3,31.2
2021:Q1,TopPt1,13.2,11.9,3.9,7,23.1,0.9,1.3,28.1,11.3,1,0.7,0.7,6.1
2021:Q1,RemainingTop1,17.5,16.1,10.2,5.5,27.6,4.7,9.3,24.5,16.2,4.7,4.3,1.7,20
2021:Q1,Next9,37.9,35.8,30.3,22.1,36.9,44.2,46.5,32.1,35.5,18.9,23.4,7.8,16.2
2021:Q1,Next40,29.1,30.8,44.2,42.2,11.5,48,38.3,14,31.8,44,49.6,33.7,26.5
2021:Q1,Bottom50,2.3,5.5,11.5,23.3,0.9,2.2,4.7,1.3,5.2,31.4,22,56.1,31.2
2021:Q2,TopPt1,13.4,12.1,3.9,7.3,23.4,1,1.3,28.2,11.4,1.1,0.7,0.8,6.1
2021:Q2,RemainingTop1,17.4,16,10,5.3,27.2,4.8,9.4,24.5,16,4.6,4.1,1.8,20.4
2021:Q2,Next9,37.6,35.6,30.4,21.8,37,43.2,46.1,32.1,35.5,19.1,23.5,8.4,16.4
2021:Q2,Next40,29.2,30.8,44.6,42.3,11.5,48.7,38.5,14,31.9,43.9,49.5,34.2,25.8
2021:Q2,Bottom50,2.3,5.5,11.2,23.4,0.9,2.3,4.7,1.2,5.2,31.3,22.2,54.9,31.3
2021:Q3,TopPt1,13.5,12.2,3.9,7.4,23.4,1.1,1.3,28.4,11.5,1.1,0.7,0.8,6
2021:Q3,RemainingTop1,17.3,15.9,9.9,5.2,27,4.9,9.6,24.4,15.8,4.6,4,1.8,20.9
2021:Q3,Next9,37.4,35.4,30.4,21.7,37.1,42.1,45.9,32.1,35.4,19.2,23.5,8.7,16.4
2021:Q3,Next40,29.4,31,44.7,42.3,11.6,49.5,38.5,14,32,43.9,49.5,34.1,25.2
2021:Q3,Bottom50,2.4,5.6,11.1,23.4,1,2.3,4.6,1.1,5.3,31.3,22.4,54.5,31.4
2021:Q4,TopPt1,13.7,12.4,4,7.5,23.6,1.2,1.3,28.4,11.6,1.1,0.7,0.9,5.8
2021:Q4,RemainingTop1,17.2,15.8,9.8,5.1,26.7,5,9.8,24.4,15.5,4.6,3.9,1.9,21.8
2021:Q4,Next9,37.2,35.2,30.5,21.7,37.1,41.2,45.5,32,35.2,19.2,23.4,9,16.1
2021:Q4,Next40,29.4,31,44.7,42.3,11.6,50.2,38.8,14,32.4,43.9,49.5,34.3,25
2021:Q4,Bottom50,2.4,5.6,11.1,23.4,1,2.4,4.6,1.1,5.3,31.2,22.5,53.9,31.3
2022:Q1,TopPt1,13.6,12.2,4,7.6,23.5,1.4,1.4,28.4,11.8,1.1,0.7,0.9,5.9
2022:Q1,RemainingTop1,16.9,15.5,9.6,5,26.5,5,10,24.5,15.2,4.6,3.8,2,22.5
2022:Q1,Next9,36.8,34.9,30.6,21.6,37.3,39.8,45.1,32,35.3,19.1,23.2,9.2,15.8
2022:Q1,Next40,30.1,31.6,44.9,42.3,11.8,51.2,38.8,14.1,32.4,43.9,49.4,34.2,24.5
2022:Q1,Bottom50,2.5,5.7,10.9,23.5,1,2.6,4.6,1.1,5.3,31.3,22.8,53.7,31.3
2022:Q2,TopPt1,13.1,11.7,4,7.5,23,1.6,1.5,28.5,11.9,1.1,0.7,0.9,6
2022:Q2,RemainingTop1,16.4,15,9.5,5,26.3,5,10.3,24.5,15.1,4.6,3.7,2.1,23.9
2022:Q2,Next9,36.5,34.5,30.5,21.7,37.5,38.8,44.9,31.9,35.3,19.2,23.2,9.6,14.5
2022:Q2,Next40,31.3,32.8,45.1,42.4,12.2,52,38.7,14.1,32.4,43.9,49.4,34.4,24.2
2022:Q2,Bottom50,2.7,6,10.9,23.4,1,2.6,4.6,1,5.3,31.2,23,53,31.4
2022:Q3,TopPt1,13.2,11.7,4.1,7.5,22.9,1.7,1.6,28.4,12.1,1.1,0.7,1,6.1
2022:Q3,RemainingTop1,16.3,14.9,9.4,4.9,26,5,10.6,24.6,15.1,4.5,3.6,2.2,24.7
2022:Q3,Next9,36.4,34.4,30.6,21.8,37.7,37.8,44.5,31.8,35.4,19.3,23.4,9.9,14.1
2022:Q3,Next40,31.4,32.9,44.9,42.4,12.4,52.8,38.8,14.3,32.2,44,49.4,34.5,23.7
2022:Q3,Bottom50,2.7,6.1,11.1,23.4,1,2.7,4.6,1,5.2,31,22.9,52.4,31.5
2022:Q4,TopPt1,13.4,11.9,4.1,7.6,23,1.8,1.6,28.2,12.3,1.1,0.7,1,6.3
2022:Q4,RemainingTop1,16.5,15,9.4,4.9,26,5,10.5,24.7,15.3,4.5,3.5,2.2,26
2022:Q4,Next9,36.5,34.4,30.6,21.7,37.6,37.5,44.4,31.7,35.6,19.3,23.5,10,12.4
2022:Q4,Next40,31,32.6,44.9,42.4,12.3,53,39,14.4,31.7,44,49.4,34.7,23.9
2022:Q4,Bottom50,2.6,6,11.1,23.4,1,2.7,4.6,1,5.1,31,22.9,52.1,31.4
2023:Q1,TopPt1,13.5,12,4.1,7.6,23.2,1.8,1.5,28.1,12.6,1.2,0.8,1,6.5
2023:Q1,RemainingTop1,16.6,15.2,9.4,4.9,26,5,10.4,24.8,15.5,4.4,3.5,2.2,26
2023:Q1,Next9,36.6,34.5,30.5,21.7,37.6,37.6,44.5,31.6,35.7,19.5,23.7,10,12.2
2023:Q1,Next40,30.8,32.3,44.9,42.4,12.2,52.9,39,14.5,31.3,44.1,49.4,34.7,23.6
2023:Q1,Bottom50,2.6,5.9,11.1,23.5,1,2.7,4.6,1,4.9,30.8,22.6,52,31.8
2023:Q2,TopPt1,13.5,12.1,4,7.6,23.3,1.7,1.5,28.2,12.7,1.2,0.8,1,6.5
2023:Q2,RemainingTop1,16.6,15.2,9.3,4.9,26,5,10.4,24.7,15.5,4.4,3.4,2.2,25.7
2023:Q2,Next9,36.4,34.5,30.4,21.7,37.5,37.8,44.6,31.7,35.8,19.6,23.8,10.2,12.5
2023:Q2,Next40,30.9,32.4,45.7,42.4,12.1,52.8,39,14.4,31.1,44.1,49.4,34.9,23.4
2023:Q2,Bottom50,2.6,5.8,10.6,23.5,1,2.7,4.6,1,4.9,30.7,22.6,51.7,31.9
2023:Q3,TopPt1,13.4,12,4,7.6,23.2,1.8,1.4,28.2,12.8,1.2,0.8,1,6.4
2023:Q3,RemainingTop1,16.5,15.1,9.3,4.9,26,5,10.2,24.7,15.6,4.3,3.4,2.2,25.2
2023:Q3,Next9,36.5,34.5,30.3,21.7,37.5,37.6,45.4,31.7,35.8,19.7,23.9,10.3,13.1
2023:Q3,Next40,31.1,32.6,45.8,42.4,12.2,53,38.5,14.4,31,44.1,49.3,35.1,23.4
2023:Q3,Bottom50,2.5,5.8,10.5,23.5,1,2.7,4.5,1,4.8,30.6,22.6,51.3,31.8
2023:Q4,TopPt1,13.6,12.2,4,7.7,23.5,1.7,1.5,28,13,1.2,0.8,1.1,6.4
2023:Q4,RemainingTop1,16.7,15.3,9.4,4.8,26,5,10.3,24.8,15.6,4.3,3.4,2.2,25.2
2023:Q4,Next9,36.5,34.6,30.4,21.6,37.5,38,44.4,31.6,35.8,19.8,24,10.4,13.1
2023:Q4,Next40,30.7,32.2,45.7,42.4,12,52.6,39.2,14.5,30.8,44.1,49.2,35.3,23.4
2023:Q4,Bottom50,2.5,5.7,10.5,23.5,1,2.7,4.6,1,4.8,30.6,22.6,51.1,31.8
2024:Q1,TopPt1,13.7,12.3,4,7.8,23.7,1.7,1.5,27.9,12.9,1.2,0.8,1.1,6.2
2024:Q1,RemainingTop1,16.8,15.4,9.3,4.8,26,5,10.2,24.9,15.6,4.3,3.4,2.2,24.7
2024:Q1,Next9,36.5,34.6,30.4,21.5,37.4,38.1,44.4,31.5,35.8,19.9,24.1,10.3,14
2024:Q1,Next40,30.5,32,46,42.4,11.9,52.5,39.3,14.6,30.8,44.1,49.3,35.2,23.4
2024:Q1,Bottom50,2.5,5.6,10.3,23.5,1,2.7,4.6,1.1,4.8,30.5,22.5,51.3,31.7
2024:Q2,TopPt1,13.7,12.3,4,7.8,23.7,1.7,1.4,28,13,1.2,0.8,1.1,6.2
2024:Q2,RemainingTop1,16.8,15.4,9.3,4.8,26,5,10.2,24.8,15.7,4.3,3.3,2.2,24.3
2024:Q2,Next9,36.4,34.6,30.2,21.5,37.4,38.2,44.5,31.6,35.8,20,24.1,10.4,14.4
2024:Q2,Next40,30.7,32.1,46.4,42.4,11.9,52.5,39.3,14.5,30.7,44.1,49.2,35.3,23.3
2024:Q2,Bottom50,2.5,5.5,10,23.5,1,2.7,4.6,1.1,4.8,30.4,22.5,51.1,31.8
2024:Q3,TopPt1,13.9,12.6,4,7.8,23.9,1.7,1.4,28,13.2,1.2,0.8,1.1,6.2
2024:Q3,RemainingTop1,16.9,15.6,9.3,4.8,26,5,10.2,24.8,15.7,4.3,3.3,2.2,24.2
2024:Q3,Next9,36.5,34.7,30.3,21.5,37.3,38.3,44.4,31.6,35.9,20,24.2,10.3,14.5
2024:Q3,Next40,30.2,31.7,46.3,42.4,11.8,52.4,39.4,14.5,30.5,44,49.2,35.2,23.3
2024:Q3,Bottom50,2.4,5.5,10.1,23.5,1,2.7,4.6,1.1,4.7,30.5,22.6,51.3,31.8
2024:Q4,TopPt1,14,12.6,4,7.7,23.9,1.6,1.4,28,13.2,1.2,0.8,1.1,6.7
2024:Q4,RemainingTop1,17,15.6,9.3,4.8,26,5,10.2,24.8,15.9,4.1,3.3,2.2,22.6
2024:Q4,Next9,36.4,34.7,30.3,21.5,37.3,38.4,44.3,31.6,35.7,20.2,24.3,10.2,15.7
2024:Q4,Next40,30.1,31.6,46.2,42.4,11.8,52.3,39.4,14.5,30.5,44.1,49.1,35,22.5
2024:Q4,Bottom50,2.5,5.5,10.2,23.6,1,2.7,4.7,1,4.8,30.4,22.5,51.5,32.4
2025:Q1,TopPt1,13.9,12.5,4,8,23.8,1.7,1.5,27.9,13.2,1.2,0.8,1.1,7
2025:Q1,RemainingTop1,16.9,15.5,9.4,4.8,26,5,10.2,24.9,15.8,4,3.3,2.2,22.3
2025:Q1,Next9,36.4,34.7,30.4,21.3,37.4,38.3,44.3,31.5,35.6,20.3,24.3,10.2,16.1
2025:Q1,Next40,30.3,31.8,46.1,42.4,11.8,52.3,39.4,14.6,30.5,44.2,49.2,35,22.5
2025:Q1,Bottom50,2.5,5.5,10,23.6,1,2.7,4.7,1.1,4.8,30.4,22.5,51.6,32.1
2025:Q2,TopPt1,14,12.7,4,8,24,1.7,1.4,27.9,13.2,1.2,0.8,1.1,6.8
2025:Q2,RemainingTop1,17.1,15.7,9.4,4.7,26,5,10.2,24.9,15.9,3.9,3.3,2.2,21.6
2025:Q2,Next9,36.4,34.7,30.4,21.2,37.3,38.3,44.2,31.5,35.7,20.3,24.3,10.2,17.2
2025:Q2,Next40,30,31.5,46.4,42.4,11.7,52.3,39.5,14.6,30.5,44.2,49.1,35,22.7
2025:Q2,Bottom50,2.5,5.4,9.9,23.6,1.1,2.7,4.7,1.1,4.7,30.3,22.4,51.5,31.7
2025:Q3,TopPt1,14.4,13,4,7.9,24.2,1.7,1.4,27.9,13.4,1.2,0.8,1.1,6.5
2025:Q3,RemainingTop1,17.3,15.9,9.4,4.7,26,5,10.1,24.9,15.9,3.9,3.3,2.2,20.6
2025:Q3,Next9,36.4,34.8,30.4,21.3,37.2,38.4,44.2,31.5,35.7,20.4,24.3,10.2,18.5
2025:Q3,Next40,29.4,30.9,46.3,42.4,11.6,52.3,39.6,14.6,30.3,44.1,49.1,35,22.9
2025:Q3,Bottom50,2.5,5.3,10,23.6,1.1,2.7,4.7,1.1,4.7,30.4,22.5,51.6,31.5
