Date,Category,Assets,Nonfinancial assets,Real estate,Consumer durables,Financial assets,Deposits,Money market fund shares,Debt securities,U.S. government and municipal securities,Corporate and foreign bonds,Loans (Assets),Other loans and advances (Assets),Mortgages,Corporate equities and mutual fund shares,Life insurance reserves,Annuities,DC pension entitlements,DB pension entitlements,Miscellaneous other equity,Miscellaneous assets,Liabilities,Loans (Liabilities),Home mortgages,Consumer credit,Depository institutions loans n.e.c.,Other loans and advances (Liabilities),Deferred and unpaid life insurance premiums,Net worth,Household count
1989:Q3,Silent,74.8,64.3,66.6,55.9,81,82.3,85.4,83.3,85.2,73.5,94.4,96.5,91.6,81.7,60.9,83.3,66.4,89.1,74.2,61.1,40.2,40.1,37.6,39.4,51.9,83.6,60.6,80.1,48553376
1989:Q3,BabyBoom,24.7,34.7,32.8,41.7,18.7,17.3,14.5,16.2,14.2,26.2,5.6,3.5,8.4,18.1,38.3,16.7,33.4,10.9,25.4,37.5,58.1,58.2,61.3,56.8,47.9,16.2,38.6,19.5,39289625
1989:Q3,GenX,0.6,1,0.6,2.4,0.3,0.4,0.1,0.5,0.5,0.2,0,0,0,0.2,0.8,0,0.2,0,0.4,1.3,1.7,1.7,1.1,3.8,0.2,0.2,0.8,0.4,5177100
1989:Q3,Millennial,0,0,0,0,0,0,0,0,0,0,0,0,0,0,0,0,0,0,0,0,0,0,0,0,0,0,0,0,0
1989:Q4,Silent,74.4,64.1,66.5,55.5,80.5,81.4,83.5,83.2,85.1,74.1,93.3,94.2,91.9,81.6,60.8,82.4,66.1,88.4,74,60.9,40,39.9,37.5,39,52.4,84.3,60.2,79.8,48581895
1989:Q4,BabyBoom,24.9,34.8,32.8,41.9,19.1,18,16.3,16.3,14.4,25.5,6.7,5.8,8.1,18.3,38.2,17.6,33.6,11.5,25.5,37.6,58.1,58.2,61.3,56.8,47.4,15.5,38.6,19.8,39314788
1989:Q4,GenX,0.6,1.1,0.7,2.6,0.4,0.6,0.2,0.5,0.5,0.3,0,0,0,0.2,1,0.1,0.3,0.1,0.5,1.5,1.9,1.9,1.1,4.2,0.2,0.2,1.2,0.4,5366102
1989:Q4,Millennial,0,0,0,0,0,0,0,0,0,0,0,0,0,0,0,0,0,0,0,0,0,0,0,0,0,0,0,0,0
1990:Q1,Silent,74.4,63.9,66.2,55.5,80.6,81.1,80.8,83.2,85,74.3,89.8,88.4,92.2,83.9,60.8,81.5,67,88,73.9,60.6,39.8,39.7,37.4,38.7,52.8,82.8,60.4,79.8,48563739
1990:Q1,BabyBoom,25,34.9,33,41.7,19.1,18.2,18.8,16.2,14.4,25.3,10.2,11.6,7.8,16.1,38.1,18.4,32.9,11.8,25.6,37.7,58.1,58.2,61.2,56.7,46.8,17,38.4,19.7,39352975
1990:Q1,GenX,0.7,1.2,0.8,2.8,0.4,0.7,0.4,0.6,0.6,0.4,0,0,0,0,1.1,0.1,0.1,0.1,0.5,1.7,2.1,2.1,1.3,4.6,0.3,0.2,1.2,0.5,5588046
1990:Q1,Millennial,0,0,0,0,0,0,0,0,0,0,0,0,0,0,0,0,0,0,0,0,0,0,0,0,0,0,0,0,0
1990:Q2,Silent,74.2,63.9,66.4,55,80.2,80.7,81.3,82.8,84.4,74.9,90.1,88.7,92.4,83.6,60.7,78.3,67.6,87.5,73.6,60.3,39.7,39.6,37.5,38.2,53.2,82.7,60.4,79.7,48501343
1990:Q2,BabyBoom,25.1,34.8,32.8,42,19.3,18.5,18.4,16.5,14.9,24.6,9.9,11.3,7.6,16.4,38,21.4,32.4,12.3,25.8,37.9,58,58.1,61,56.7,46.4,17.1,38.3,19.9,39403449
1990:Q2,GenX,0.7,1.2,0.7,3,0.4,0.8,0.2,0.6,0.6,0.5,0,0,0,0,1.2,0.3,0,0.2,0.5,1.8,2.3,2.3,1.5,5.1,0.4,0.2,1.3,0.5,5841384
1990:Q2,Millennial,0,0,0,0,0,0,0,0,0,0,0,0,0,0,0,0,0,0,0,0,0,0,0,0,0,0,0,0,0
1990:Q3,Silent,74.3,63.5,65.9,55.1,80.8,80.2,79.1,82.4,83.7,75.3,89.7,88.1,92.6,90.9,60.7,79.3,68.9,87.2,73.4,60,39.5,39.4,37.3,37.7,53.5,85.5,60.3,79.9,48397139
1990:Q3,BabyBoom,24.9,35.1,33.3,41.8,18.7,18.9,20.5,17,15.6,24.1,10.3,11.9,7.4,9.1,37.9,20.5,31.1,12.5,26,38,58,58.1,61,56.6,46,14.2,38.2,19.5,39465470
1990:Q3,GenX,0.8,1.4,0.9,3.1,0.5,0.9,0.4,0.7,0.7,0.7,0,0,0,0,1.4,0.2,0,0.3,0.6,1.9,2.5,2.5,1.6,5.7,0.5,0.3,1.5,0.5,6124564
1990:Q3,Millennial,0,0,0,0,0,0,0,0,0,0,0,0,0,0,0,0,0,0,0,0,0,0,0,0,0,0,0,0,0
1990:Q4,Silent,73.8,63.1,65.4,54.9,80,79.3,78,81.8,83,76.5,87.4,84.5,92.8,87.3,60.6,78.5,68.4,86.8,73.2,59.7,39.1,39,37,37.2,54,83.9,59.9,79.4,48253561
1990:Q4,BabyBoom,25.3,35.4,33.6,41.7,19.4,19.6,21.5,17.5,16.3,22.7,12.6,15.5,7.2,12.7,37.9,21.2,31.6,12.8,26.2,38.2,58.2,58.3,61.3,56.5,45.4,15.7,38.3,20,39538300
1990:Q4,GenX,0.9,1.5,1,3.3,0.6,1.1,0.5,0.7,0.7,0.8,0,0,0,0,1.6,0.3,0,0.3,0.7,2.1,2.7,2.7,1.7,6.3,0.6,0.3,1.9,0.6,6436036
1990:Q4,Millennial,0,0,0,0,0,0,0,0,0,0,0,0,0,0,0,0,0,0,0,0,0,0,0,0,0,0,0,0,0
1991:Q1,Silent,73.3,62.9,65.3,54.4,79.2,78.7,74.7,82.3,83.5,77.2,87.2,84.1,93,83,60.5,79,67.1,86.4,73.2,59.3,38.8,38.7,36.7,36.7,54.5,83.6,59.8,78.8,48073044
1991:Q1,BabyBoom,25.7,35.5,33.6,42,20.2,20,24.5,16.9,15.7,21.9,12.8,15.9,7,17,37.8,20.8,32.7,13.1,26.1,38.4,58.4,58.5,61.6,56.4,44.6,16,38.2,20.5,39621201
1991:Q1,GenX,1,1.7,1.1,3.6,0.6,1.3,0.8,0.8,0.8,1,0,0,0,0,1.7,0.2,0.2,0.4,0.7,2.3,2.8,2.8,1.7,6.8,0.8,0.4,2,0.7,6774249
1991:Q1,Millennial,0,0,0,0,0,0,0,0,0,0,0,0,0,0,0,0,0,0,0,0,0,0,0,0,0,0,0,0,0
1991:Q2,Silent,73.2,62.6,65.1,54.1,79.2,78.9,75.2,81.9,82.9,77.8,88.1,85.5,93.1,83.8,60.2,78.6,67.3,86,73.1,58.9,38.5,38.4,36.6,36.2,54.9,83.4,59.7,78.8,47858021
1991:Q2,BabyBoom,25.7,35.6,33.8,42.1,20.1,19.8,24.1,17.2,16.2,21.1,11.9,14.5,6.9,16.2,37.9,21.2,32.6,13.5,26.2,38.6,58.4,58.5,61.5,56.4,44.2,16.1,38.2,20.5,39713433
1991:Q2,GenX,1.1,1.8,1.1,3.9,0.7,1.3,0.7,0.9,0.9,1.1,0,0,0,0,1.9,0.2,0.1,0.5,0.7,2.5,3.1,3.1,1.9,7.5,0.9,0.4,2.1,0.7,7137654
1991:Q2,Millennial,0,0,0,0,0,0,0,0,0,0,0,0,0,0,0,0,0,0,0,0,0,0,0,0,0,0,0,0,0
1991:Q3,Silent,72.8,62.2,64.5,54.1,78.7,78.7,74.8,81.4,82.2,77.8,87,83.9,93.2,82.2,60.1,78.5,66.4,85.5,73,58.5,38.4,38.3,36.7,35.6,55.4,79.3,59.7,78.3,47610924
1991:Q3,BabyBoom,26.1,35.9,34.2,41.9,20.5,19.9,24.6,17.6,16.9,20.8,13,16.1,6.8,17.8,37.8,21.3,33.2,13.9,26.2,38.9,58.2,58.3,61.2,56.3,43.4,20.3,38.1,20.9,39814258
1991:Q3,GenX,1.2,1.9,1.3,4,0.8,1.5,0.6,1,0.9,1.4,0,0,0,0,2.1,0.2,0.4,0.6,0.7,2.6,3.4,3.4,2.1,8.1,1.1,0.4,2.2,0.8,7524699
1991:Q3,Millennial,0,0,0,0,0,0,0,0,0,0,0,0,0,0,0,0,0,0,0,0,0,0,0,0,0,0,0,0,0
1991:Q4,Silent,72,61.7,64.1,53.7,77.6,78.1,74,81.1,81.8,78.1,83.8,79.5,93.2,77.6,59.8,78.2,65.1,85.1,73.2,58,38.1,38,36.6,35,56,75.4,59.6,77.4,47334189
1991:Q4,BabyBoom,26.7,36.2,34.5,42,21.4,20.2,25.4,17.8,17.3,20.2,16.2,20.5,6.8,21.8,37.8,21.6,34,14.2,26.1,39.1,58.1,58.2,61,56.1,42.5,24.2,38.1,21.6,39922939
1991:Q4,GenX,1.3,2.1,1.5,4.3,0.9,1.7,0.6,1.1,1,1.7,0,0,0,0.6,2.3,0.3,0.9,0.7,0.7,2.9,3.7,3.7,2.4,8.9,1.5,0.4,2.3,1,7933834
1991:Q4,Millennial,0,0,0,0,0,0,0,0,0,0,0,0,0,0,0,0,0,0,0,0,0,0,0,0,0,0,0,0,0
1992:Q1,Silent,72,61.4,63.9,53,77.8,79.4,72.2,80.7,81.2,78.8,86.7,83.6,93.2,78.6,59.6,78.5,65.8,84.1,73.2,57.6,38.3,38.2,36.9,34.5,56.7,76.7,59.4,77.4,47030249
1992:Q1,BabyBoom,26.6,36.3,34.6,42.3,21.3,19.1,27,18.1,17.8,19.3,13.3,16.4,6.8,21.1,37.9,21.2,33.5,15.1,26.1,39.3,57.7,57.8,60.4,56,41.5,22.8,38.1,21.7,40038735
1992:Q1,GenX,1.4,2.3,1.6,4.7,0.9,1.5,0.8,1.2,1,1.9,0,0,0,0.4,2.6,0.2,0.6,0.8,0.8,3.1,4.1,4.1,2.7,9.5,1.8,0.5,2.6,1,8363508
1992:Q1,Millennial,0,0,0,0,0,0,0,0,0,0,0,0,0,0,0,0,0,0,0,0,0,0,0,0,0,0,0,0,0
1992:Q2,Silent,71.8,61.2,63.7,52.4,77.7,79.3,72.5,80.8,81.2,79.2,86.2,83,93.2,79,59.4,77.8,65.8,83.5,73.1,57.1,38.2,38.1,37,33.9,57.4,74.5,59.1,77.2,46701537
1992:Q2,BabyBoom,26.8,36.4,34.7,42.5,21.4,19.1,26.9,17.8,17.6,18.5,13.8,17,6.8,20.8,37.8,21.9,33.6,15.9,26.1,39.6,57.4,57.5,60,55.9,40.4,25,38.1,21.9,40160909
1992:Q2,GenX,1.4,2.4,1.6,5,0.9,1.6,0.6,1.4,1.2,2.2,0,0,0,0.2,2.8,0.3,0.6,0.6,0.8,3.4,4.4,4.4,3,10.2,2.2,0.5,2.8,0.9,8812171
1992:Q2,Millennial,0,0,0,0,0,0,0,0,0,0,0,0,0,0,0,0,0,0,0,0,0,0,0,0,0,0,0,0,0
1992:Q3,Silent,71.2,60.5,62.8,52.5,77.2,78.9,72.2,80.3,80.5,79.4,86.6,83.8,93,77.9,59,77.5,65,82.9,72.9,56.5,37.8,37.7,36.7,33.2,58.2,74.2,58.8,76.6,46350486
1992:Q3,BabyBoom,27.3,36.9,35.4,42.3,21.9,19.3,27.3,18.2,18.3,17.9,13.3,16.2,6.8,21.7,38,22.3,34.1,16.7,26.3,39.8,57.4,57.5,60,55.7,39.2,25.2,38.2,22.4,40288723
1992:Q3,GenX,1.5,2.6,1.8,5.2,0.9,1.8,0.5,1.5,1.3,2.7,0,0,0.1,0.4,3.1,0.3,1,0.4,0.8,3.7,4.8,4.8,3.3,11.1,2.6,0.6,3.1,1,9278273
1992:Q3,Millennial,0,0,0,0,0,0,0,0,0,0,0,0,0,0,0,0,0,0,0,0,0,0,0,0,0,0,0,0,0
1992:Q4,Silent,70.2,59.7,61.9,52.2,75.9,77.9,74.3,80.4,80.6,79.2,87.3,85.2,92,74.8,57.9,74.3,62.9,81.3,72.8,55.8,37.1,37,36.1,32.3,56.6,74.9,57.7,75.5,45979805
1992:Q4,BabyBoom,28.1,37.4,36.1,42.3,23,20.1,25.5,18.1,18.1,18.1,12.7,14.7,7.8,24.2,38.6,25.2,35.9,18.2,26.5,40.2,57.6,57.6,60.2,55.8,40.4,24.5,38.8,23.4,40421283
1992:Q4,GenX,1.7,2.8,2.1,5.6,1.1,2,0.2,1.5,1.3,2.7,0.1,0,0.1,1,3.5,0.5,1.3,0.5,0.8,4,5.3,5.3,3.7,11.8,3,0.6,3.5,1.1,9760183
1992:Q4,Millennial,0,0,0,0,0,0,0,0,0,0,0,0,0,0,0,0,0,0,0,0,0,0,0,0,0,0,0,0,0
1993:Q1,Silent,69.7,59.5,62,50.7,75.2,78.3,74.8,80.8,81.1,79.7,85.1,82.7,91,74.2,56.8,72.6,60.1,80.5,72.1,55.1,36.7,36.6,35.6,31.7,55,73.1,56.7,75,45593293
1993:Q1,BabyBoom,28.5,37.5,36,42.9,23.6,19.8,24.9,17.7,17.6,17.9,14.9,17.3,8.9,24.8,39.2,26.9,38,18.9,27,40.6,57.7,57.8,60.3,56,41.5,26.2,39.4,23.8,40557081
1993:Q1,GenX,1.8,3,2,6.3,1.2,1.9,0.3,1.5,1.3,2.4,0,0,0.1,1.1,3.9,0.6,2,0.6,0.8,4.3,5.7,5.7,4.1,12.3,3.5,0.6,3.9,1.2,10255951
1993:Q1,Millennial,0,0,0,0,0,0,0,0,0,0,0,0,0,0,0,0,0,0,0,0,0,0,0,0,0,0,0,0,0
1993:Q2,Silent,69.1,58.8,61.2,50.5,74.7,77.9,76.7,81.3,81.8,79.8,83.4,81.1,89.9,74.1,55.8,70.9,58.5,79.6,71.5,54.4,36,35.9,34.9,30.9,53.3,73.8,55.6,74.4,45195024
1993:Q2,BabyBoom,29,38,36.6,42.8,24.1,20.2,23.3,17.1,16.8,18,16.5,18.9,10,24.9,39.9,28.5,39.3,19.7,27.6,41,57.9,57.9,60.5,56.1,42.7,25.5,40,24.4,40694454
1993:Q2,GenX,1.9,3.2,2.2,6.8,1.2,2,0,1.6,1.4,2.3,0,0,0.1,1,4.4,0.6,2.1,0.7,0.9,4.6,6.2,6.2,4.6,13.1,3.9,0.7,4.3,1.2,10763548
1993:Q2,Millennial,0,0,0,0,0,0,0,0,0,0,0,0,0,0,0,0,0,0,0,0,0,0,0,0,0,0,0,0,0
1993:Q3,Silent,68.4,58.1,60.3,50.3,73.9,77.2,78,81.8,82.4,79.9,84.8,83.4,88.7,73.1,54.7,68.7,56.9,78.8,70.8,53.7,35.1,35,34.1,30,51.7,71.3,54.6,73.7,44789070
1993:Q3,BabyBoom,29.5,38.5,37.3,42.6,24.7,20.7,22,16.6,16.1,18,15.2,16.6,11.2,25.7,40.5,30.5,40.7,20.4,28.3,41.4,58.2,58.3,60.9,56.1,43.9,28,40.6,24.9,40831741
1993:Q3,GenX,2.1,3.4,2.4,7.1,1.4,2.1,0,1.6,1.4,2.1,0.1,0,0.1,1.2,4.9,0.8,2.4,0.8,0.9,5,6.7,6.7,5,13.9,4.4,0.7,4.8,1.4,11280946
1993:Q3,Millennial,0,0,0,0,0,0,0,0,0,0,0,0,0,0,0,0,0,0,0,0,0,0,0,0,0,0,0,0,0
1993:Q4,Silent,67.8,57.5,59.7,49.7,73.3,76.8,78.5,81.8,82.4,80.3,85,84.1,87.5,72.2,53.6,67.9,55.8,78.1,70.1,52.9,34.3,34.3,33.4,29.2,50,69.7,53.5,73.1,44379506
1993:Q4,BabyBoom,30,38.9,37.8,42.6,25.3,21.1,21.5,16.6,16.1,17.8,14.9,15.8,12.4,26.4,41.1,31.4,41.8,21,28.9,41.8,58.4,58.5,61.1,56.1,45.1,29.5,41.2,25.4,40967279
1993:Q4,GenX,2.2,3.7,2.5,7.7,1.5,2.2,0,1.6,1.4,1.9,0.1,0.1,0.1,1.4,5.4,0.8,2.5,0.9,1,5.3,7.3,7.3,5.5,14.7,4.9,0.7,5.3,1.4,11806113
1993:Q4,Millennial,0,0,0,0,0,0,0,0,0,0,0,0,0,0,0,0,0,0,0,0,0,0,0,0,0,0,0,0,0
1994:Q1,Silent,67.6,57.1,59.6,48.7,73.1,76.6,78.6,81.4,81.8,80.3,85.1,84.7,86.3,73.9,52.6,67.3,55,77.3,69.3,52.2,33.7,33.6,32.7,28.5,48.4,70.1,52.4,73,43970405
1994:Q1,BabyBoom,30.2,39,37.9,42.9,25.4,21.2,21.4,17.2,16.9,17.9,14.8,15.2,13.7,25.3,41.6,32,42.7,21.6,29.6,42.1,58.7,58.7,61.5,56.1,46.1,29.1,41.8,25.6,41099405
1994:Q1,GenX,2.3,3.8,2.5,8.4,1.4,2.2,0,1.4,1.3,1.7,0.1,0.1,0.1,0.9,5.8,0.7,2.3,1.1,1.1,5.7,7.6,7.6,5.8,15.4,5.5,0.8,5.8,1.4,12337021
1994:Q1,Millennial,0,0,0,0,0,0,0,0,0,0,0,0,0,0,0,0,0,0,0,0,0,0,0,0,0,0,0,0,0
1994:Q2,Silent,67.2,56.7,59.1,48.2,73,76.7,80.2,80.8,81,80.4,86.1,86.5,84.9,75.2,51.6,67.4,53.7,76.6,68.4,51.5,33.1,33,32.1,27.7,46.8,70.2,51.3,72.8,43565840
1994:Q2,BabyBoom,30.4,39.3,38.3,42.9,25.6,21.2,19.8,17.9,17.8,18.1,13.7,13.3,15,24.4,42,32,43.8,22.2,30.3,42.5,58.7,58.7,61.5,56.1,47,28.9,42.3,25.8,41226457
1994:Q2,GenX,2.3,4,2.6,8.9,1.4,2.1,0,1.2,1.1,1.5,0.1,0.1,0,0.4,6.3,0.6,2.5,1.2,1.2,6,8.3,8.3,6.4,16.2,6.2,0.9,6.3,1.3,12871640
1994:Q2,Millennial,0,0,0,0,0,0,0,0,0,0,0,0,0,0,0,0,0,0,0,0,0,0,0,0,0,0,0,0,0
1994:Q3,Silent,66.6,55.8,58.1,48,72.4,76.1,80.6,80.8,81,80.4,86.8,87.8,83.6,75.1,50.4,66.7,52,75.9,67.7,50.8,32.4,32.3,31.4,27,45.1,71.1,50.3,72.2,43169886
1994:Q3,BabyBoom,30.9,39.9,39,42.7,26.1,21.7,19.4,18,17.9,18.3,13.1,12,16.4,24.6,42.6,32.8,44.9,22.8,31,42.8,58.7,58.7,61.6,56,48,27.9,42.9,26.4,41346772
1994:Q3,GenX,2.5,4.3,2.9,9.3,1.5,2.2,0,1.2,1.1,1.3,0.2,0.2,0,0.3,6.9,0.5,3.1,1.3,1.3,6.4,8.9,8.9,7,17,6.8,1,6.9,1.4,13407942
1994:Q3,Millennial,0,0,0,0,0,0,0,0,0,0,0,0,0,0,0,0,0,0,0,0,0,0,0,0,0,0,0,0,0
1994:Q4,Silent,66.2,55,57.2,47.5,72.2,75.6,80.1,80,79.7,80.6,87.2,88.8,82.1,76.1,49.5,67.3,51.9,75.3,67,50.1,31.7,31.7,30.9,26.2,43.6,68.8,49.2,72,42786615
1994:Q4,BabyBoom,31.2,40.3,39.6,42.7,26.4,22.1,19.8,19.2,19.5,18.3,12.6,11,17.9,23.9,43,32.4,45.6,23.2,31.6,43.1,58.6,58.7,61.5,55.9,48.8,30.2,43.4,26.6,41458689
1994:Q4,GenX,2.6,4.7,3.2,9.8,1.5,2.3,0.1,0.9,0.8,1.2,0.2,0.2,0,0,7.4,0.3,2.6,1.5,1.4,6.8,9.6,9.7,7.6,17.9,7.6,1,7.4,1.4,13943896
1994:Q4,Millennial,0,0,0,0,0,0,0,0,0,0,0,0,0,0,0,0,0,0,0,0,0,0,0,0,0,0,0,0,0
1995:Q1,Silent,65.4,54.3,56.5,47,71.3,74.7,79.5,80.6,80.5,80.6,87.2,89.2,80.6,74.6,48.5,66.2,49.9,74.6,66.4,49.4,31.2,31.1,30.3,25.6,42,70.4,48.1,71.1,42420100
1995:Q1,BabyBoom,31.8,40.6,40.1,42.6,27.1,22.8,20.1,18.6,18.6,18.4,12.6,10.5,19.4,25.2,43.5,33.5,46.7,23.8,32.1,43.4,58.7,58.8,61.7,55.8,49.6,28.5,43.8,27.3,41560544
1995:Q1,GenX,2.8,5,3.5,10.4,1.6,2.5,0.3,0.9,0.9,0.9,0.2,0.3,0,0.2,8,0.3,3.4,1.6,1.5,7.2,10.1,10.1,8,18.6,8.4,1.1,8,1.6,14477472
1995:Q1,Millennial,0,0,0,0,0,0,0,0,0,0,0,0,0,0,0,0,0,0,0,0,0,0,0,0,0,0,0,0,0
1995:Q2,Silent,64.5,53.3,55.2,47.1,70.3,73.5,78.3,80.8,80.9,80.6,87.5,90,79.1,73,47.5,63.7,48.2,74,65.9,48.8,30.5,30.5,29.6,25,40.5,70.7,47.1,70.1,42074416
1995:Q2,BabyBoom,32.5,41.2,40.9,42.3,27.9,23.7,20.9,18.4,18.3,18.8,12.2,9.6,20.9,26.3,43.9,35.7,47.7,24.7,32.6,43.6,58.8,58.9,62,55.7,50.2,28.1,44.2,28.1,41650675
1995:Q2,GenX,3,5.5,4,10.6,1.8,2.8,0.8,0.8,0.8,0.6,0.2,0.3,0,0.7,8.6,0.6,4.2,1.3,1.5,7.6,10.6,10.6,8.4,19.4,9.2,1.2,8.7,1.8,15006643
1995:Q2,Millennial,0,0,0,0,0,0,0,0,0,0,0,0,0,0,0,0,0,0,0,0,0,0,0,0,0,0,0,0,0
1995:Q3,Silent,63.7,52.4,54,46.9,69.5,73.1,78.4,81,81.1,80.8,88,91,77.5,71.2,46.6,62.3,46.2,73.6,65.2,48.1,29.9,29.8,29,24.3,39,68.2,46.1,69.4,41753636
1995:Q3,BabyBoom,32.9,41.6,41.4,42.1,28.6,24,20.7,18.3,18,18.8,11.8,8.7,22.5,27.6,44.2,37,48.6,25.4,33.2,43.9,58.8,58.9,62,55.5,50.8,30.6,44.6,28.6,41727420
1995:Q3,GenX,3.3,6.1,4.6,11,1.9,2.8,0.9,0.7,0.8,0.3,0.3,0.4,0,1.2,9.2,0.7,5.2,1,1.6,8,11.3,11.3,9,20.2,10.1,1.2,9.3,2,15529378
1995:Q3,Millennial,0,0,0,0,0,0,0,0,0,0,0,0,0,0,0,0,0,0,0,0,0,0,0,0,0,0,0,0,0
1995:Q4,Silent,63.1,52.1,53.7,46.5,68.5,72.3,77.4,80.6,80.7,80.4,86.8,89.2,78.1,69.5,45.4,61.7,45.1,73.2,64.2,47.6,29.6,29.6,28.7,24.2,38,70.2,44.9,68.7,41460467
1995:Q4,BabyBoom,33.4,41.7,41.6,42.3,29.3,24.6,21.7,18.6,18.3,19,12.7,10.2,21.9,28.8,45.4,37.5,49.6,25.8,34,44.2,58.7,58.7,62.2,54.7,51.6,28.5,45.6,29.2,41789886
1995:Q4,GenX,3.5,6.2,4.7,11.2,2.1,3,1,0.8,0.9,0.7,0.5,0.6,0,1.7,9.3,0.8,5.3,1,1.9,8.2,11.7,11.7,9.2,21.1,10.4,1.4,9.5,2.1,16044046
1995:Q4,Millennial,0,0,0,0,0,0,0,0,0,0,0,0,0,0,0,0,0,0,0,0,0,0,0,0,0,0,0,0,0
1996:Q1,Silent,62.6,52,53.8,46.1,67.8,71,74.6,80.5,81,79.8,86.7,88.8,78.7,69,44.2,61.2,44.1,72.8,63.3,47.1,29.3,29.2,28.3,24.2,36.4,66.1,43.7,68.1,41192149
1996:Q1,BabyBoom,33.8,41.7,41.5,42.5,29.9,25.5,23.9,18.4,17.9,19.4,12.5,10.2,21.3,29.1,46.5,37.9,50.5,26.2,34.6,44.5,58.7,58.8,62.3,54.1,54.4,32.7,46.5,29.7,41840260
1996:Q1,GenX,3.6,6.3,4.7,11.5,2.3,3.5,1.5,1,1.2,0.8,0.8,1,0,1.8,9.3,0.9,5.4,1.1,2.1,8.4,12,12,9.4,21.7,9.2,1.2,9.7,2.2,16550614
1996:Q1,Millennial,0,0,0,0,0,0,0,0,0,0,0,0,0,0,0,0,0,0,0,0,0,0,0,0,0,0,0,0,0
1996:Q2,Silent,62.3,51.8,53.5,46,67.4,70.7,76.3,79.8,80,79.3,88.6,91,79.3,68.5,43,60.8,43.6,72.4,62.5,46.6,29.1,29,28,24.1,35.6,66.9,42.6,67.8,40944558
1996:Q2,BabyBoom,34.1,41.9,41.7,42.5,30.3,25.8,22.9,19.2,18.9,19.7,10.1,7.5,20.6,29.6,47.6,38.2,51.3,26.5,35.2,44.8,58.4,58.4,62.1,53.5,55,31.7,47.4,30,41881500
1996:Q2,GenX,3.7,6.4,4.8,11.5,2.4,3.5,0.9,1.1,1.1,1,1.2,1.5,0.1,2,9.4,1,5.1,1.1,2.3,8.6,12.5,12.5,9.9,22.4,9.5,1.4,9.9,2.2,17049448
1996:Q2,Millennial,0,0,0,0,0,0,0,0,0,0,0,0,0,0,0,0,0,0,0,0,0,0,0,0,0,0,0,0,0
1996:Q3,Silent,61.9,51.5,53.2,45.8,67,70,75.7,79.1,79.3,78.6,90.3,92.9,79.9,68.9,41.9,60.7,42.9,72.2,61.7,46.1,28.9,28.9,27.8,24,34.6,67.8,41.6,67.5,40713566
1996:Q3,BabyBoom,34.3,42,41.8,42.6,30.6,26.3,23.5,19.8,19.5,20.4,8,5,20,29.3,48.6,38.3,52.2,26.7,35.8,45,58,58.1,61.9,52.8,56.1,30.6,48.3,30.3,41916562
1996:Q3,GenX,3.7,6.5,5,11.7,2.4,3.7,0.8,1.1,1.2,1.1,1.7,2.1,0.1,1.8,9.5,1,4.9,1.1,2.6,8.9,13,13,10.3,23.1,9.3,1.5,10.1,2.2,17540912
1996:Q3,Millennial,0,0,0,0,0,0,0,0,0,0,0,0,0,0,0,0,0,0,0,0,0,0,0,0,0,0,0,0,0
1996:Q4,Silent,61.4,51.3,53.1,45.2,66.2,69.6,74.5,78.4,78.6,77.9,86.6,87.9,80.6,68.1,40.8,65,40,72.2,60.6,45.7,28.7,28.6,27.5,23.9,33.3,67.1,40.6,66.8,40495050
1996:Q4,BabyBoom,34.6,41.9,41.7,42.9,31.1,26.5,24.5,20.4,20.2,20.9,11.5,9.8,19.2,29.9,49.6,34.9,53,26.7,36.5,45.2,57.8,57.9,61.8,52.2,58.4,31.3,49.1,30.7,41948403
1996:Q4,GenX,4,6.8,5.2,12,2.7,3.8,1,1.2,1.2,1.2,1.9,2.3,0.2,2,9.6,0.1,7,1.1,3,9.1,13.5,13.5,10.6,23.9,8.3,1.6,10.3,2.4,18025372
1996:Q4,Millennial,0,0,0,0,0,0,0,0,0,0,0,0,0,0,0,0,0,0,0,0,0,0,0,0,0,0,0,0,0
1997:Q1,Silent,61,51,52.9,44.8,65.8,69.1,72.8,78.3,79.1,76.5,89.4,91.2,81.3,68.3,39.8,64.3,40.1,71.9,59.5,45.2,28.6,28.6,27.4,23.9,32.7,66.8,39.6,66.4,40284882
1997:Q1,BabyBoom,34.9,42,41.7,43,31.5,26.9,25.9,20.3,19.4,22.4,8,5.6,18.5,29.8,50.6,35.5,53.7,27,37.1,45.4,57.6,57.7,61.7,51.7,58.6,31.6,50,31.1,41979981
1997:Q1,GenX,4.1,7,5.4,12.2,2.7,4,1.3,1.4,1.5,1.1,2.6,3.2,0.2,1.9,9.6,0.2,6.2,1.1,3.3,9.3,13.7,13.7,11,24.3,8.7,1.6,10.4,2.5,18503192
1997:Q1,Millennial,0,0,0,0,0,0,0,0,0,0,0,0,0,0,0,0,0,0,0,0,0,0,0,0,0,0,0,0,0
1997:Q2,Silent,60,50.7,52.5,44.8,64.3,68.6,74.2,78,78.9,76.1,88.7,90.1,82.1,65.2,38.8,60.7,37.6,71.5,58.6,44.8,28.4,28.4,27.2,23.9,32,65.6,38.6,65.2,40078938
1997:Q2,BabyBoom,35.5,42.1,41.8,43.1,32.4,27.3,25.1,20.5,19.5,22.6,8.2,6.2,17.6,31.6,51.5,38.4,54.3,27.4,37.7,45.6,57.4,57.5,61.5,51.2,59.3,32.7,51,31.9,42014252
1997:Q2,GenX,4.5,7.2,5.7,12.2,3.3,4.1,0.6,1.5,1.6,1.3,3.1,3.7,0.3,3.2,9.8,0.9,8.1,1.2,3.7,9.6,14.1,14.1,11.3,24.9,8.7,1.7,10.4,3,18974739
1997:Q2,Millennial,0,0,0,0,0,0,0,0,0,0,0,0,0,0,0,0,0,0,0,0,0,0,0,0,0,0,0,0,0
1997:Q3,Silent,59.3,50.3,51.9,44.7,63.3,67.9,73.3,77.8,78.7,75.8,90,91.5,83,63.9,37.8,58.4,35.9,71.1,57.7,44.4,28.2,28.1,26.9,23.8,30.6,63.3,37.7,64.3,39873091
1997:Q3,BabyBoom,35.9,42.3,42,43.1,33,27.7,26,20.5,19.5,22.7,6.1,3.9,16.7,32.4,52.3,40.1,54.8,27.7,38.3,45.8,57.2,57.2,61.2,50.7,62.6,35.1,51.9,32.4,42054173
1997:Q3,GenX,4.9,7.4,6,12.2,3.7,4.4,0.7,1.7,1.8,1.5,3.9,4.6,0.3,3.7,9.9,1.4,9.3,1.2,4,9.8,14.6,14.6,11.9,25.6,6.8,1.6,10.5,3.3,19440377
1997:Q3,Millennial,0,0,0,0,0,0,0,0,0,0,0,0,0,0,0,0,0,0,0,0,0,0,0,0,0,0,0,0,0
1997:Q4,Silent,58.9,50.1,51.8,44,62.9,67.1,72.3,76.9,77.8,74.9,88.6,89.5,83.8,63.8,36.9,59.3,36,71,56.6,44,28.1,28.1,26.8,23.7,30.3,63.7,36.7,63.9,39663217
1997:Q4,BabyBoom,36.1,42.3,41.9,43.4,33.3,28.2,26.9,21.4,20.4,23.5,7.1,5.4,15.8,32.5,53.2,39.5,55.5,27.7,38.9,46.1,56.8,56.8,60.9,50.1,62.1,34.6,52.8,32.7,42102702
1997:Q4,GenX,5,7.6,6.2,12.5,3.8,4.7,0.8,1.7,1.8,1.6,4.4,5.2,0.4,3.7,9.9,1.2,8.5,1.2,4.5,10,15.1,15.2,12.3,26.2,7.6,1.7,10.5,3.3,19900472
1997:Q4,Millennial,0,0,0,0,0,0,0,0,0,0,0,0,0,0,0,0,0,0,0,0,0,0,0,0,0,0,0,0,0
1998:Q1,Silent,57.9,49.7,51.3,43.9,61.5,66.9,69.7,76.9,78,74.9,86.1,86.4,84.7,61.5,36.1,56.5,33.9,70.3,55.9,43.5,28,28,26.7,23.7,29.6,63.1,35.8,62.6,39445189
1998:Q1,BabyBoom,36.7,42.5,42.1,43.6,34.2,28.4,28.8,21.1,20,23.3,9,8,14.8,33.8,54,41.6,55.7,28.4,39.4,46.3,56.5,56.5,60.4,49.8,62.9,35.2,53.8,33.6,42162795
1998:Q1,GenX,5.4,7.9,6.5,12.5,4.3,4.7,1.6,2,2,1.9,4.8,5.6,0.5,4.7,9.9,1.9,10.4,1.2,4.8,10.2,15.5,15.5,12.9,26.5,7.5,1.7,10.4,3.8,20355388
1998:Q1,Millennial,0,0,0,0,0,0,0,0,0,0,0,0,0,0,0,0,0,0,0,0,0,0,0,0,0,0,0,0,0
1998:Q2,Silent,57.4,49.3,50.9,43.6,61,66.7,69.6,76.4,77.1,75.1,85.4,85.4,85.6,61.4,35.2,55,33.8,69.2,55,43,27.7,27.7,26.4,23.5,28.8,62.1,34.8,62.1,39214881
1998:Q2,BabyBoom,37.1,42.6,42.3,43.7,34.6,28.6,29,21.6,20.9,22.9,9,8.2,13.8,33.9,54.9,42.8,56.4,29.3,39.9,46.7,56.3,56.3,60.3,49.3,64.5,36.1,54.5,34,42237409
1998:Q2,GenX,5.5,8.1,6.7,12.7,4.4,4.7,1.4,2,2,2.1,5.6,6.4,0.6,4.8,9.9,2.2,9.7,1.4,5.1,10.3,16,16,13.3,27.2,6.8,1.8,10.6,3.9,20805492
1998:Q2,Millennial,0,0,0,0,0,0,0,0,0,0,0,0,0,0,0,0,0,0,0,0,0,0,0,0,0,0,0,0,0
1998:Q3,Silent,57.4,48.3,49.6,44,61.5,66.3,66.9,75.2,75.7,74.3,81.1,80.3,86.5,64,34.3,56.7,36.1,68.4,54.3,42.6,27.5,27.5,26.1,23.4,28.2,63.4,33.8,62.3,38968169
1998:Q3,BabyBoom,37.3,43.2,43.1,43.6,34.7,28.9,30.9,22.8,22.5,23.5,13.1,13.2,12.7,32.5,55.9,41.5,57.9,29.9,40.4,46.9,56,56,60.2,48.9,65.2,34.7,56.2,34.3,42329502
1998:Q3,GenX,5.3,8.5,7.4,12.4,3.8,4.8,2.2,1.9,1.8,2.2,5.7,6.5,0.7,3.5,9.8,1.8,6.1,1.6,5.4,10.5,16.5,16.5,13.8,27.7,6.7,2,10,3.4,21251148
1998:Q3,Millennial,0,0,0,0,0,0,0,0,0,0,0,0,0,0,0,0,0,0,0,0,0,0,0,0,0,0,0,0,0
1998:Q4,Silent,55.9,48,49.5,42.9,59.3,65.1,65.4,74,74.1,73.9,81.8,81.2,85.5,60.3,34.1,51.9,32.8,66.6,54.3,41.9,26.9,26.9,25.4,22.7,29.6,64.4,33.3,60.4,38702219
1998:Q4,BabyBoom,38.1,43.1,42.8,44.1,36,29.5,32,23.9,23.9,24,12.4,12.2,14,34.5,55.1,45.6,56.9,31.8,40.4,47.3,56.1,56.1,60.3,49.2,62.4,33.5,57.4,35.3,42440906
1998:Q4,GenX,6,8.9,7.7,13,4.8,5.4,2.7,2,2,2.1,5.8,6.6,0.6,5.2,10.8,2.5,10.3,1.6,5.3,10.8,17,17,14.3,28.2,8,2.1,9.4,4.3,21692690
1998:Q4,Millennial,0,0,0,0,0,0,0,0,0,0,0,0,0,0,0,0,0,0,0,0,0,0,0,0,0,0,0,0,0
1999:Q1,Silent,55.2,47.4,48.7,42.4,58.6,65.3,64.1,73.8,73.3,74.8,82.2,81.9,84.5,59.8,33.8,49.8,32.3,65,54.5,41.3,26.3,26.3,24.8,22,30.7,65,33.2,59.8,38419374
1999:Q1,BabyBoom,38.6,43.3,43,44.3,36.5,29.4,32.9,23.9,24.4,23,12,11.5,15.1,34.9,54.6,47.7,56.7,33.3,40.5,47.6,56.3,56.3,60.5,49.6,60.8,32.8,55.3,35.8,42568958
1999:Q1,GenX,6.3,9.3,8.3,13.3,4.9,5.3,3.1,2.3,2.3,2.2,5.7,6.6,0.4,5.4,11.6,2.5,11,1.7,5.1,11.1,17.4,17.4,14.8,28.4,8.5,2.2,11.5,4.5,22130327
1999:Q1,Millennial,0,0,0,0,0,0,0,0,0,0,0,0,0,0,0,0,0,0,0,0,0,0,0,0,0,0,0,0,0
1999:Q2,Silent,54.3,46.9,48.3,41.6,57.5,65.7,65.4,73.2,72.3,74.8,82.2,82,83.5,58.2,33.6,46.7,31.3,63.5,54.2,40.6,25.7,25.6,24.1,21.3,31.9,62.5,32.9,58.8,38123269
1999:Q2,BabyBoom,39.2,43.5,43.2,44.6,37.3,29.2,32.2,24.4,25.1,23,12.2,11.5,16.2,35.8,54,50.5,56.5,34.9,40.6,48,56.6,56.6,60.6,49.9,58.7,35.4,54.8,36.4,42709873
1999:Q2,GenX,6.6,9.6,8.5,13.8,5.3,5.1,2.4,2.4,2.5,2.2,5.6,6.5,0.3,6.1,12.4,2.8,12.2,1.7,5.1,11.4,17.7,17.8,15.3,28.8,9.4,2,12.3,4.8,22564237
1999:Q2,Millennial,0,0,0,0,0,0,0,0,0,0,0,0,0,0,0,0,0,0,0,0,0,0,0,0,0,0,0,0,0
1999:Q3,Silent,53.7,46.2,47.5,41.2,57.2,65.4,64.9,72.4,71.2,74.9,79.5,79,82.6,58.5,33.2,46.6,32,62.1,53.7,40,25.1,25,23.5,20.6,32.8,63.1,32.6,58.4,37817540
1999:Q3,BabyBoom,39.6,43.8,43.6,44.8,37.7,29.4,32.7,25,26.1,22.9,15.4,15.1,17.3,35.7,53.7,51.1,56.8,36.2,40.9,48.1,56.6,56.6,60.6,50.2,57.6,34.7,54.4,36.8,42859863
1999:Q3,GenX,6.6,10,9,14,5.1,5.3,2.4,2.6,2.7,2.2,5.1,5.9,0.1,5.8,13.1,2.2,11.2,1.7,5.4,11.9,18.4,18.4,16,29.2,9.6,2.2,13.1,4.7,22994598
1999:Q3,Millennial,0,0,0,0,0,0,0,0,0,0,0,0,0,0,0,0,0,0,0,0,0,0,0,0,0,0,0,0,0
1999:Q4,Silent,52.2,45.6,47,40.4,55.1,64.5,62.6,70.2,69.4,73.1,74.6,73.5,81.6,55.9,33,40.7,30.2,60.3,53.6,40.5,24.5,24.5,23,19.9,33.8,58.6,32.3,56.6,37505821
1999:Q4,BabyBoom,40.5,43.9,43.6,45.1,39,29.9,34.1,27.3,28,24.9,21.2,21.6,18.4,37,52.8,55.8,56.3,38,41.1,46.6,56.5,56.6,60.2,50.6,56,39.6,53.2,37.9,43015141
1999:Q4,GenX,7.3,10.5,9.4,14.5,5.9,5.7,3.3,2.5,2.7,1.9,4.2,4.9,0,7.1,14.2,3.4,13.5,1.7,5.3,12.9,18.9,19,16.8,29.5,10.2,1.8,14.5,5.5,23421587
1999:Q4,Millennial,0,0,0,0,0,0,0,0,0,0,0,0,0,0,0,0,0,0,0,0,0,0,0,0,0,0,0,0,0
2000:Q1,Silent,51.4,45.1,46.5,39.9,54.1,63.9,61.4,69.6,68.8,72.9,73.8,72.8,80.4,54.9,32.7,38,29.6,58.9,53.7,39.9,24.1,24.1,22.6,19.3,34.8,55.5,31.9,55.6,37191747
2000:Q1,BabyBoom,41,44.2,43.9,45.3,39.6,30.1,34.9,27.6,28.2,25.2,22.1,22.5,19.5,37.6,52.4,58.2,56.2,39.4,41.2,46.8,56.5,56.5,59.7,51.1,54,42.9,53.6,38.6,43171921
2000:Q1,GenX,7.6,10.7,9.6,14.9,6.2,5.9,3.7,2.8,3,1.8,4.1,4.7,0.1,7.5,14.9,3.8,14.3,1.7,5.1,13.3,19.4,19.4,17.7,29.6,11.2,1.6,14.6,5.7,23845383
2000:Q1,Millennial,0,0,0,0,0,0,0,0,0,0,0,0,0,0,0,0,0,0,0,0,0,0,0,0,0,0,0,0,0
2000:Q2,Silent,50.9,44.4,45.7,39.2,53.9,63.9,62.6,69.2,68,73.7,75.3,74.7,79.2,55.1,32.3,37,29.9,57.6,53.2,39.4,23.6,23.5,22.1,18.6,35.7,58.4,31.5,55.2,36878955
2000:Q2,BabyBoom,41.4,44.5,44.3,45.5,40,30.2,34.4,27.9,28.8,24.4,20.4,20.3,20.7,37.6,52,59.5,56.4,40.7,41.5,46.9,56.3,56.3,59.5,51.4,52.7,39.7,53,39.1,43326417
2000:Q2,GenX,7.7,11.1,10,15.3,6.1,5.9,3,2.9,3.2,1.9,4.3,4.9,0.2,7.4,15.6,3.5,13.7,1.7,5.4,13.7,20.2,20.2,18.5,30,11.6,1.9,15.5,5.7,24266162
2000:Q2,Millennial,0,0,0,0,0,0,0,0,0,0,0,0,0,0,0,0,0,0,0,0,0,0,0,0,0,0,0,0,0
2000:Q3,Silent,50.2,43.6,44.8,39,53.2,63.9,61.8,68.7,67.1,74.1,73.8,73.1,78,54.8,32,35,29.7,56.3,52.6,38.9,23,23,21.5,18,36.5,58.5,31.2,54.6,36571079
2000:Q3,BabyBoom,41.9,45,44.8,45.6,40.5,30.2,34.9,28.2,29.5,23.9,22.2,22.3,21.8,37.8,51.6,61.4,56.5,42,41.8,47,56.1,56.1,59.2,51.7,51.7,39.6,52.7,39.7,43474840
2000:Q3,GenX,7.9,11.4,10.4,15.4,6.2,5.9,3.2,3,3.4,2,4,4.6,0.3,7.4,16.4,3.7,13.8,1.8,5.6,14.1,20.9,20.9,19.2,30.4,11.8,2,16.1,5.8,24684104
2000:Q3,Millennial,0,0,0,0,0,0,0,0,0,0,0,0,0,0,0,0,0,0,0,0,0,0,0,0,0,0,0,0,0
2000:Q4,Silent,49.9,43.2,44.4,38.1,53.2,62.9,60.3,67.6,65.5,74.6,69.3,68.2,76.8,55.9,31.7,34.9,30.6,55.2,52.4,38.3,22.5,22.5,21,17.3,37.5,65.2,30.9,54.4,36271754
2000:Q4,BabyBoom,42.3,45.1,45,45.9,40.9,30.7,35.9,29.4,31.3,23.3,27.4,28.1,22.8,37.4,51.3,62,57,43,42,47.3,55.9,55.9,59.3,51.9,49.4,32.1,51.5,40.1,43613406
2000:Q4,GenX,7.8,11.7,10.6,16,5.9,6.4,3.8,3,3.2,2.1,3.3,3.7,0.4,6.7,17.1,3.1,12.5,1.8,5.7,14.4,21.6,21.6,19.7,30.8,13.1,2.7,17.6,5.5,25099384
2000:Q4,Millennial,0,0,0,0,0,0,0,0,0,0,0,0,0,0,0,0,0,0,0,0,0,0,0,0,0,0,0,0,0
2001:Q1,Silent,49.6,42.7,43.9,37.5,53.2,61,58.2,68.7,65.6,75.1,70.6,69.7,76.1,56.9,31.4,34.6,32.3,54,52.3,37.8,22.1,22.1,20.5,16.8,38.2,70.8,30.5,54.2,35984617
2001:Q1,BabyBoom,42.7,45.5,45.4,46.1,41.2,31.7,37,28,30.7,22.6,26.1,26.4,23.7,37,50.8,62.8,57.9,44.3,42.1,47.5,55.8,55.9,59.3,52.2,49,25.9,51.8,40.5,43738326
2001:Q1,GenX,7.7,11.8,10.7,16.4,5.6,7.3,4.7,3.3,3.7,2.3,3.4,3.8,0.3,6.1,17.8,2.6,9.8,1.8,5.6,14.8,22,22.1,20.2,31,12.7,3.3,17.7,5.3,25512182
2001:Q1,Millennial,0,0,0,0,0,0,0,0,0,0,0,0,0,0,0,0,0,0,0,0,0,0,0,0,0,0,0,0,0
2001:Q2,Silent,48.8,42.1,43.3,37.1,52.3,60.7,58.6,68.7,65.2,75.2,70.2,69.4,75.3,55.6,31.1,32.7,31.5,52.9,52,37.5,21.5,21.5,19.8,16.2,39.1,70.8,30.1,53.4,35713301
2001:Q2,BabyBoom,43.1,45.8,45.7,46.3,41.7,31.8,36.9,27.9,30.9,22.4,26.6,26.9,24.5,37.7,50.3,64.6,57.7,45.2,42.3,47.3,56,56.1,59.5,52.4,48,25.9,51.6,41,43845815
2001:Q2,GenX,8,12.1,11,16.6,5.9,7.5,4.4,3.4,4,2.3,3.2,3.7,0.2,6.7,18.6,2.8,10.8,1.9,5.7,15.2,22.5,22.5,20.7,31.3,12.9,3.4,18.3,5.6,25922675
2001:Q2,Millennial,0,0,0,0,0,0,0,0,0,0,0,0,0,0,0,0,0,0,0,0,0,0,0,0,0,0,0,0,0
2001:Q3,Silent,48.5,41.3,42.4,36.7,52.5,60.2,57.9,67,63.3,75.2,64.3,62.9,74.6,57.4,30.6,32.1,33.6,52.1,51.8,37.2,21,21,19.4,15.6,40,62.7,29.8,53.4,35461444
2001:Q3,BabyBoom,43.5,46.2,46.2,46.3,42.1,32,37.4,29.7,33,22.4,33.4,34.5,25.3,37,49.7,65.5,58.8,45.9,42.4,47,55.8,55.8,58.6,52.6,45.5,34.6,50.1,41.4,43932085
2001:Q3,GenX,7.9,12.4,11.4,16.8,5.4,7.7,4.7,3.3,3.7,2.4,2.3,2.6,0.1,5.6,19.2,2.3,7.7,2,5.7,15.6,23,23,21.8,31.4,14.5,2.6,19.6,5.2,26331041
2001:Q3,Millennial,0.1,0.1,0.1,0.2,0,0,0,0,0,0,0,0,0,0,0.5,0,0,0,0,0.2,0.2,0.2,0.2,0.4,0,0,0.5,0,771266
2001:Q4,Silent,47.9,41,42.1,36.4,51.6,59.6,56.1,67.5,64.4,73.6,67.1,66.1,73.9,55.4,31.8,31.3,31.9,51.7,51,37.1,20.4,20.3,18.6,15.7,41.5,69.4,30.8,52.7,35231549
2001:Q4,BabyBoom,43.8,46.2,46.2,46.3,42.5,32.4,38.4,29.1,31.7,24,30.1,30.7,26,38.2,49.1,66.2,59,46.2,43.1,46.9,56.2,56.3,59.9,51.6,45.9,27.1,49.9,41.7,43994523
2001:Q4,GenX,8.2,12.6,11.6,17,5.8,8,5.5,3.4,3.9,2.4,2.8,3.2,0.1,6.4,18.6,2.4,9.1,2.1,5.9,15.8,23.2,23.2,21.4,32.2,12.6,3.5,18.7,5.6,26737207
2001:Q4,Millennial,0.1,0.1,0.1,0.3,0,0,0,0,0,0,0,0,0,0,0.6,0,0,0,0,0.2,0.2,0.2,0.1,0.5,0,0,0.6,0,988997
2002:Q1,Silent,47.4,40.6,41.6,36,51.1,58.9,55.9,67.3,65.1,71.9,68.3,67.5,73.3,54.9,32.8,31.8,30.5,51.6,50,37,20,20,18.2,15.9,42.8,67.9,31.8,52.1,35021609
2002:Q1,BabyBoom,44.1,46.3,46.3,46.3,42.9,32.7,38.6,29.2,30.9,25.6,28.6,28.9,26.7,38.7,48.5,66.2,59.3,46.3,43.7,46.8,55.8,55.8,59.2,51.1,45.3,28.5,49.3,42.1,44035211
2002:Q1,GenX,8.5,12.9,11.9,17.3,6,8.4,5.5,3.5,4,2.4,3.1,3.5,0.1,6.4,18.1,1.9,10.1,2.1,6.2,15.9,24,24,22.4,32.4,11.9,3.6,18.2,5.8,27140105
2002:Q1,Millennial,0.1,0.2,0.1,0.4,0,0.1,0,0.1,0,0.1,0,0,0,0,0.6,0,0,0,0,0.3,0.3,0.3,0.2,0.6,0,0,0.7,0.1,1219053
2002:Q2,Silent,47.3,40.1,41.1,35.7,51.4,59,56,67.6,65.4,71.2,71.2,71,72.6,55.7,33.9,32.6,31.5,51.5,49,37,19.5,19.5,17.8,16,44,69.6,32.8,52.3,34828483
2002:Q2,BabyBoom,44.2,46.3,46.4,46.3,43,32.7,38.7,28.9,30.6,26.2,25.1,24.8,27.3,38.9,48,66.1,61.1,46.3,44.3,46.5,55.2,55.3,58.6,50.4,45.4,26.4,49.1,42.2,44057400
2002:Q2,GenX,8.4,13.3,12.4,17.6,5.6,8.3,5.3,3.4,3.9,2.6,3.6,4.2,0.1,5.4,17.5,1.3,7.4,2.1,6.6,16.1,24.9,24.9,23.4,32.9,10.6,4.1,17.3,5.5,27538417
2002:Q2,Millennial,0.1,0.2,0.2,0.5,0,0.1,0,0,0.1,0,0,0,0,0,0.7,0,0,0,0,0.3,0.3,0.3,0.2,0.7,0,0,0.8,0.1,1461077
2002:Q3,Silent,47.1,39.5,40.3,35.8,51.7,58.2,55.8,67.9,66,70.4,72.2,72.2,72,58.2,35,33.3,32.9,51.5,48,37,19.1,19,17.2,16.1,45,70.1,33.8,52.4,34649032
2002:Q3,BabyBoom,44.4,46.5,46.6,46.1,43.2,33,38.9,28.6,29.8,26.9,23.9,23.3,27.9,38.7,47.5,66,63.2,46.3,44.9,46.3,55.1,55.1,58.6,49.7,44.8,25.4,48.3,42.4,44064346
2002:Q3,GenX,8.3,13.8,12.9,17.6,5,8.7,5.3,3.4,4,2.7,3.9,4.5,0.1,3.1,16.8,0.7,3.9,2.2,7.1,16.3,25.4,25.5,23.9,33.4,10.3,4.4,17.1,5.1,27930823
2002:Q3,Millennial,0.1,0.2,0.2,0.5,0.1,0.1,0,0.1,0.1,0,0,0,0,0,0.7,0,0,0,0,0.4,0.4,0.4,0.2,0.8,0,0,0.8,0.1,1714712
2002:Q4,Silent,46.6,39,39.7,35.8,51.2,58,54.3,68.4,66.7,70,74,74.4,71.5,56.9,36.1,31.6,31.6,51.3,47.3,37.1,18.6,18.6,16.8,16.2,45.9,68.4,34.8,52,34480118
2002:Q4,BabyBoom,44.7,46.6,46.8,46,43.5,33.1,39.6,28.1,29.1,27.2,21.7,20.6,28.4,39.6,47,67.1,63.4,46.5,45.5,45.9,54.9,55,58.4,49,44.6,27.1,48,42.7,44059302
2002:Q4,GenX,8.6,14.1,13.3,17.6,5.2,8.8,6,3.4,4.1,2.8,4.3,5,0.1,3.5,16.2,1.3,5.1,2.2,7.1,16.5,26,26.1,24.6,33.9,9.5,4.5,16.3,5.2,28316006
2002:Q4,Millennial,0.1,0.3,0.2,0.6,0.1,0.1,0.1,0.1,0.1,0,0,0,0,0,0.8,0,0,0,0,0.4,0.4,0.4,0.3,1,0,0,0.8,0.1,1979602
2003:Q1,Silent,46.2,38.7,39.4,35.4,50.9,56.9,54.4,68,67.2,68.7,73.3,73.8,70.8,57.3,37.1,31,31.1,51.3,46.3,37.1,18.2,18.2,16.3,16.3,46.6,64.1,35.5,51.7,34318602
2003:Q1,BabyBoom,45,46.7,46.8,46,43.9,33.6,39.7,28.5,28.5,28.5,22.3,21.2,29,40.1,46.5,67.7,64.1,46.4,46.1,45.7,55,55,58.3,48.4,43.9,31.7,47,43,44045522
2003:Q1,GenX,8.7,14.3,13.5,17.8,5.2,9.4,5.9,3.5,4.2,2.8,4.3,5,0.1,2.5,15.6,1.3,4.8,2.2,7.6,16.7,26.4,26.4,25.1,34.2,9.5,4.2,16.8,5.2,28692645
2003:Q1,Millennial,0.2,0.3,0.2,0.7,0.1,0.2,0.1,0.1,0.2,0,0,0,0,0,0.8,0,0,0,0,0.5,0.5,0.5,0.3,1.1,0,0,0.7,0.1,2255391
2003:Q2,Silent,45.4,38.3,38.9,35.2,49.6,56.5,54.2,67.7,67.8,67.6,65.8,65.2,70.3,54.4,37.9,29.4,28.8,51.3,45.3,37.1,17.7,17.7,15.9,16.3,47.3,51.5,36.3,50.8,34161343
2003:Q2,BabyBoom,45.3,46.7,46.9,46,44.4,33.7,39.8,28.7,27.7,29.6,31,31.2,29.5,41.3,46.1,68.7,63.2,46.4,46.5,45.5,55,55,57.9,47.8,43.1,45.6,46.6,43.4,44026259
2003:Q2,GenX,9.2,14.6,13.9,18,5.9,9.6,5.9,3.5,4.3,2.8,3.2,3.6,0.1,4.3,15.2,1.9,7.9,2.3,8.1,16.9,26.8,26.8,25.9,34.6,9.6,2.8,16.4,5.7,29059424
2003:Q2,Millennial,0.2,0.4,0.3,0.8,0.1,0.2,0.1,0.1,0.2,0,0,0,0,0,0.7,0,0,0,0.1,0.5,0.5,0.5,0.3,1.3,0,0.1,0.7,0.1,2541722
2003:Q3,Silent,44.8,37.7,38.2,35.3,49.1,56.6,54.3,66.9,67.7,65.8,66.2,65.8,69.5,53.2,38.8,28.5,28.1,51.3,44.3,37.1,17.3,17.3,15.6,16.4,47.9,52.4,37.3,50.3,34005204
2003:Q3,BabyBoom,45.5,46.9,47.1,45.8,44.7,33.6,39.9,29.4,27.9,31.4,30.4,30.4,30.2,42,45.8,69.4,63.6,46.4,47,45.2,54.3,54.3,57.1,47.2,43.1,44.4,46.4,43.8,44004768
2003:Q3,GenX,9.4,15,14.4,18,6.1,9.6,5.7,3.5,4.1,2.7,3.4,3.9,0.3,4.7,14.8,2.1,8.4,2.3,8.6,17.1,27.7,27.7,26.9,35,9,3.2,15.6,5.8,29415023
2003:Q3,Millennial,0.2,0.4,0.3,0.9,0.1,0.2,0.1,0.2,0.3,0.1,0,0,0,0,0.6,0,0,0,0.1,0.6,0.6,0.6,0.5,1.4,0,0,0.7,0.1,2838239
2003:Q4,Silent,44.2,37.3,37.7,35.3,48.3,56.3,54.2,66.7,67.7,65.4,67.2,66.9,68.9,51.4,39.6,26.8,26.4,51.2,43.4,37.1,17.1,17.1,15.2,16.4,48,55.2,38.4,49.5,33847045
2003:Q4,BabyBoom,45.7,47,47.2,45.7,45,33.7,40,29.7,28,31.8,29.2,29,30.7,42.8,45.5,70.4,62.9,46.4,47.5,44.9,54,54,57.1,46.5,40.1,40.9,46.3,44.1,43984301
2003:Q4,GenX,9.8,15.3,14.8,18,6.6,9.7,5.7,3.5,4,2.8,3.7,4.2,0.4,5.8,14.4,2.8,10.7,2.3,9,17.3,28.2,28.2,27.3,35.4,11.9,3.9,14.7,6.3,29758124
2003:Q4,Millennial,0.2,0.4,0.3,1,0.1,0.2,0.1,0.1,0.3,0,0,0,0,0,0.6,0,0.1,0,0.1,0.7,0.7,0.7,0.4,1.6,0.1,0,0.7,0.1,3144585
2004:Q1,Silent,43.9,36.9,37.2,35.1,48,55.6,54.1,64.8,64.8,64.7,66.2,65.9,68.5,50.4,40.6,25.7,25.8,50.8,42.5,37.1,16.8,16.7,14.9,16.5,48.4,52.2,39.5,49,33683727
2004:Q1,BabyBoom,45.9,47.1,47.5,45.6,45.2,34,40.1,32.6,32.7,32.4,30.2,30.1,31.1,43.4,45.1,71.1,63.2,46.9,47.8,44.8,53.9,53.9,56.8,46.1,39.9,44,46.2,44.4,43968114
2004:Q1,GenX,10,15.5,15,18.2,6.7,10.1,5.6,2.6,2.5,2.9,3.6,4.1,0.3,6.2,13.7,3.2,10.9,2.4,9.5,17.4,28.6,28.6,27.9,35.7,11.6,3.7,13.7,6.4,30087409
2004:Q1,Millennial,0.2,0.5,0.4,1.1,0.1,0.3,0.2,0,0,0,0,0,0,0,0.5,0,0.1,0,0.2,0.7,0.7,0.7,0.5,1.7,0.1,0,0.6,0.2,3460405
2004:Q2,Silent,43.2,36.3,36.5,35.3,47.4,55.2,54.1,65.1,65.8,63.4,64.5,64,68.2,50,41.5,25.2,25.3,50.2,41.6,37,16.4,16.4,14.6,16.6,48.8,48.7,40.1,48.4,33512112
2004:Q2,BabyBoom,46.3,47.3,47.7,45.4,45.7,34.1,40.3,32,31.3,33.6,32,32.1,31.6,44,44.9,71.6,63.6,47.5,48,44.7,53.5,53.5,56.1,45.6,39.6,47.8,45.7,44.9,43959460
2004:Q2,GenX,10.2,15.9,15.5,18.1,6.8,10.3,5.5,2.8,2.8,2.9,3.4,3.8,0.2,6,13.2,3.3,10.9,2.3,10.1,17.5,29.2,29.2,28.7,36,11.5,3.5,13.8,6.5,30401557
2004:Q2,Millennial,0.3,0.5,0.4,1.2,0.1,0.3,0.2,0.1,0.1,0.1,0,0,0,0,0.4,0,0.1,0,0.3,0.7,0.9,0.9,0.6,1.8,0.2,0,0.5,0.2,3785341
2004:Q3,Silent,42.8,35.9,36.1,34.9,47,55.2,54,64.9,65.7,62.9,65.6,65.3,67.8,49.5,42.5,24.3,25,49.6,40.7,37,16,16,14.2,16.6,49.4,47,40.9,48,33329059
2004:Q3,BabyBoom,46.6,47.3,47.7,45.4,46.1,34.2,40.4,32.4,31.6,34.1,30.7,30.5,32.1,44.8,44.6,72.1,64.3,48.2,48.1,44.5,53.3,53.3,55.9,45,40.5,49.4,45.5,45.3,43961592
2004:Q3,GenX,10.3,16.2,15.8,18.3,6.8,10.4,5.4,2.7,2.6,2.9,3.7,4.2,0.2,5.7,12.6,3.5,10.6,2.1,10.7,17.7,29.7,29.8,29.2,36.4,10,3.5,13.3,6.6,30699252
2004:Q3,Millennial,0.3,0.6,0.4,1.3,0.2,0.3,0.2,0.1,0.1,0.1,0,0,0,0,0.3,0,0.1,0,0.4,0.8,0.9,0.9,0.7,2,0.1,0,0.3,0.2,4119038
2004:Q4,Silent,42,35.4,35.6,34.6,45.9,54,54,62.7,63.5,59.9,61.3,60.5,67,48.8,41.6,22.7,24,48.2,40.5,37,15.9,15.8,14.1,16.3,47.9,45,40.1,47,33132086
2004:Q4,BabyBoom,46.9,47.3,47.7,45.2,46.7,35,40.5,34.6,34.1,36.4,35.2,35.5,32.9,44.8,44.8,72.8,63.7,49.4,48.2,44.1,52.8,52.8,55.1,44.8,41.6,51.7,45.4,45.8,43976707
2004:Q4,GenX,10.7,16.7,16.3,18.8,7.2,10.6,5.3,2.5,2.3,3,3.4,3.8,0,6.3,13.2,4.5,12.2,2.5,10.8,18,30.3,30.3,30.1,36.5,10.4,3.1,14.1,7,30979513
2004:Q4,Millennial,0.4,0.6,0.5,1.4,0.2,0.4,0.2,0.2,0,0.7,0.1,0.2,0.1,0.1,0.3,0,0.2,0,0.5,0.9,1.1,1.1,0.8,2.3,0.1,0.2,0.4,0.2,4461092
2005:Q1,Silent,41.5,34.9,35.1,34,45.4,52.8,54.6,61.9,62.8,58.9,61.7,61.1,66.2,48.9,41.2,22.2,24.1,47,40.2,36.9,15.6,15.6,13.9,16.1,46.5,46.5,39.5,46.4,32921334
2005:Q1,BabyBoom,47.1,47.1,47.5,45,47.1,35.9,40.4,35,34.4,37.3,34.2,34.3,33.7,44.9,45,73,64.5,50.2,48.3,43.9,53,53,55.4,44.8,43.4,49.9,45.5,46,44002773
2005:Q1,GenX,11,17.2,16.8,19.4,7.2,10.9,4.7,2.9,2.8,3.1,4,4.6,0,6.1,13.5,4.8,11.3,2.8,11,18.2,30.4,30.4,30.1,36.5,10.1,3.4,14.6,7.3,31242718
2005:Q1,Millennial,0.4,0.7,0.6,1.6,0.2,0.4,0.3,0.2,0,0.7,0.1,0.1,0.2,0,0.4,0,0.1,0,0.6,1,0.9,0.9,0.5,2.6,0,0.1,0.4,0.3,4810912
2005:Q2,Silent,40.9,34.6,34.8,33.1,44.8,52,55.1,60.6,61.4,58,61,60.4,65.2,48.8,40.6,21.1,23.7,45.8,39.9,36.8,15.5,15.5,13.8,15.9,44.7,47.8,38.6,45.8,32697601
2005:Q2,BabyBoom,47.3,46.9,47.2,44.9,47.5,36.6,40.4,36.3,35.7,38,34.5,34.5,34.6,45.1,45.1,73.4,64.7,51.1,48.2,43.7,52.5,52.5,54.8,44.6,44.1,48.5,45.4,46.3,44036701
2005:Q2,GenX,11.3,17.7,17.3,20.1,7.4,10.9,4.3,3,2.9,3.3,4.4,5.1,0,6.1,13.8,5.4,11.5,3.1,11.2,18.5,31,31,30.9,36.5,11.1,3.6,15.6,7.5,31489582
2005:Q2,Millennial,0.5,0.8,0.7,1.8,0.2,0.5,0.3,0.2,0,0.7,0.1,0.1,0.2,0,0.4,0,0.1,0,0.7,1,1,1,0.6,3,0.2,0.1,0.4,0.4,5167861
2005:Q3,Silent,40.2,34.1,34.3,32.7,44,51,54.9,59.5,60.7,54.7,60.7,60.2,64.1,48.3,40,20.4,23.1,44.7,39.6,36.8,15.4,15.3,13.6,15.6,42.9,48.6,38.5,45,32461684
2005:Q3,BabyBoom,47.5,46.8,47.1,44.8,47.9,37.4,40.6,36.8,35.9,40.4,34.2,34,35.6,45.2,45.3,73.7,64.6,51.9,48.2,43.3,51.9,51.9,54.1,44.5,45.2,47.5,46,46.6,44075402
2005:Q3,GenX,11.8,18.3,17.8,20.5,7.8,11.1,4.2,3.4,3.4,3.4,5,5.8,0,6.5,14.3,5.9,12,3.4,11.4,18.7,31.5,31.6,31.6,36.6,11.7,3.8,15,8,31720820
2005:Q3,Millennial,0.5,0.9,0.7,1.9,0.3,0.5,0.3,0.3,0,1.5,0,0,0.3,0.1,0.4,0,0.2,0,0.8,1.2,1.2,1.2,0.7,3.3,0.2,0.1,0.5,0.4,5531302
2005:Q4,Silent,39.6,33.6,33.8,32.4,43.4,50.1,53.9,58.5,59.5,54.9,60.2,59.7,62.9,48.2,39.4,19.6,22.7,43.5,39.3,36.7,15.2,15.2,13.5,15.4,40.8,51.7,38.2,44.4,32214379
2005:Q4,BabyBoom,47.7,46.8,47.1,44.7,48.3,38.2,41.1,37.6,36.8,40.4,34.2,33.8,36.8,45.4,45.5,74,64.7,52.8,48.3,43,51.3,51.3,53.5,44.4,46.1,43.9,46.4,47,44115785
2005:Q4,GenX,12.1,18.7,18.3,20.9,8,11.2,4.7,3.6,3.6,3.6,5.6,6.4,0,6.4,14.7,6.4,12.4,3.7,11.6,19,32.1,32.2,32.3,36.6,12.7,4.4,14.8,8.2,31937150
2005:Q4,Millennial,0.6,1,0.8,2,0.3,0.5,0.3,0.3,0,1.1,0.1,0,0.4,0.1,0.5,0,0.2,0,0.9,1.3,1.3,1.3,0.8,3.6,0.4,0,0.6,0.4,5900598
2006:Q1,Silent,39.1,33.2,33.5,31.5,42.6,48.5,54,57.1,58.1,53.5,58.5,58,61.3,46.9,39.7,18.7,22.3,42.4,39,36.6,15.1,15.1,13.3,15.1,38.6,51,37.5,43.7,31956485
2006:Q1,BabyBoom,47.9,46.5,46.9,44.6,48.7,39.1,41.2,38.9,38.1,41.5,35.6,35.2,38.4,45.2,45.4,74.4,64.9,53.7,48.4,42.9,50.7,50.7,52.6,44.3,46.6,44.7,46.6,47.3,44154762
2006:Q1,GenX,12.5,19.2,18.7,21.6,8.4,11.7,4.5,3.8,3.7,3.8,5.8,6.7,0,7.7,14.1,6.9,12.6,4,11.6,19.2,32.7,32.7,33.1,36.6,14.2,4.3,15.2,8.5,32139285
2006:Q1,Millennial,0.6,1.1,0.8,2.3,0.4,0.7,0.3,0.3,0,1.2,0.1,0,0.4,0.2,0.7,0,0.2,0,0.9,1.4,1.5,1.5,1,4,0.6,0,0.7,0.4,6275110
2006:Q2,Silent,38.6,32.8,33.1,31.1,42.1,47.7,53.5,56.6,57.5,53.9,56.1,55.7,59.2,47.3,39.2,18.2,22.4,41.2,38.7,36.4,14.9,14.9,13.2,14.9,36.3,51.1,36.9,43.3,31688799
2006:Q2,BabyBoom,48.1,46.4,46.8,44.5,49.2,39.8,41.6,38.9,38.1,41.4,37.8,37.5,40.2,45.6,45.6,74.5,65.7,54.5,48.5,42.8,50.3,50.3,52,44.2,47.2,44.6,46.7,47.7,44189244
2006:Q2,GenX,12.6,19.7,19.3,22,8.4,11.8,4.7,4.2,4.3,4,6,6.8,0.3,7.1,14.4,7.2,11.8,4.3,11.8,19.4,33.2,33.2,33.7,36.6,15.6,4.4,15.7,8.5,32327944
2006:Q2,Millennial,0.6,1.1,0.9,2.4,0.4,0.7,0.3,0.3,0.1,0.7,0.1,0.1,0.3,0.1,0.8,0,0.1,0,1,1.4,1.6,1.6,1,4.3,0.9,0,0.7,0.4,6654201
2006:Q3,Silent,38,32.3,32.6,30.8,41.4,46.8,52.5,55.3,56.4,51.6,55.6,55.4,56.5,46.9,38.4,17.4,22,40.1,38.4,36.3,14.8,14.7,13,14.5,33.9,51.3,36.3,42.7,31412118
2006:Q3,BabyBoom,48.4,46.4,46.8,44.3,49.6,40.6,42,39.9,39,43.1,37.6,37,42,45.7,45.8,74.9,65.8,55.3,48.6,42.7,49.9,49.9,51.7,43.7,48.1,44.3,46.9,48.1,44216140
2006:Q3,GenX,12.9,20.1,19.7,22.4,8.6,11.9,5.2,4.4,4.5,4.1,6.8,7.5,1.3,7.2,15,7.7,12,4.5,11.9,19.5,33.6,33.6,34.2,36.9,16.9,4.4,16,8.8,32503840
2006:Q3,Millennial,0.7,1.1,0.9,2.5,0.4,0.8,0.3,0.4,0.1,1.2,0,0,0.2,0.1,0.8,0,0.1,0,1.1,1.5,1.8,1.8,1.1,4.9,1.1,0,0.8,0.5,7037235
2006:Q4,Silent,37.4,32,32.3,30.2,40.6,45.9,51.3,54.5,55.9,50.1,54.6,54.7,54.1,46.1,37.5,16.6,21.4,38.9,38.1,36.1,14.6,14.6,12.9,14.2,31.3,49.4,35.7,42,31127240
2006:Q4,BabyBoom,48.6,46.3,46.7,44.2,49.9,41.3,42.6,40.1,38.8,44.2,37.8,37.1,43.7,45.7,46,75.2,65.6,56.2,48.7,42.5,49.6,49.6,51.3,43.5,47.8,46.3,47.1,48.4,44232363
2006:Q4,GenX,13.3,20.5,20.1,22.9,9,12,5.9,4.8,5,4.2,7.5,8.2,2,8,15.6,8.2,12.8,4.8,12,19.7,33.9,33.9,34.6,37,19.3,4.1,16.4,9.1,32667690
2006:Q4,Millennial,0.7,1.2,0.9,2.6,0.4,0.8,0.2,0.6,0.3,1.4,0,0,0.2,0.2,0.8,0,0.2,0,1.2,1.6,1.9,1.9,1.1,5.4,1.6,0.2,0.8,0.5,7423572
2007:Q1,Silent,37,31.8,32.2,29.4,40,44.5,50.6,53.4,54.7,49.7,52.7,52.8,51.8,45.6,36.9,16.1,21.2,37.8,37.9,36,14.5,14.4,12.8,13.9,28.6,50.5,34.9,41.5,30834961
2007:Q1,BabyBoom,48.8,46.1,46.5,44.1,50.3,42.1,42.9,41,39.8,44.7,39.5,38.8,45.4,45.8,46.2,75.4,65.9,57,48.9,42.4,48.9,48.9,50.5,43.2,50.2,45,47,48.7,44234822
2007:Q1,GenX,13.5,20.9,20.4,23.6,9.3,12.4,6.2,5,5.2,4.4,7.8,8.4,2.7,8.3,16.1,8.5,12.7,5.1,12,19.9,34.4,34.5,35.3,37.1,19.5,4.4,17.2,9.2,32820210
2007:Q1,Millennial,0.8,1.2,0.9,2.9,0.5,1,0.2,0.5,0.3,1.3,0,0,0.1,0.2,0.8,0,0.2,0,1.2,1.7,2.2,2.2,1.4,5.8,1.7,0.1,0.8,0.5,7812577
2007:Q2,Silent,36.5,31.5,32,28.8,39.2,43.9,49.9,52.2,53.7,47,49.3,49.2,49.3,45.3,36.1,15.1,20.6,36.6,37.6,35.8,14.3,14.3,12.7,13.6,25.6,47.6,34.4,41,30536079
2007:Q2,BabyBoom,49,45.9,46.3,44,50.7,42.8,43.3,41.8,40.4,46.5,43.2,42.8,47.1,46,46.4,75.7,65.7,57.6,49.1,42.2,48.6,48.6,49.9,43,51.8,48.1,47.2,49.1,44220428
2007:Q2,GenX,13.7,21.3,20.7,24.1,9.6,12.3,6.6,5.3,5.5,4.5,7.3,7.7,3.5,8.5,16.6,9.2,13.5,5.7,12.1,20.1,34.7,34.8,35.8,37.1,20.5,3.9,17.5,9.5,32962115
2007:Q2,Millennial,0.8,1.3,1,3.1,0.5,1,0.2,0.7,0.3,2,0.2,0.2,0,0.3,0.8,0,0.2,0.1,1.3,1.8,2.4,2.4,1.5,6.3,2,0.4,0.9,0.5,8203612
2007:Q3,Silent,36.2,31.2,31.8,28.3,38.8,43.1,47.7,51.7,52.1,50.6,47.4,47.4,47.1,45.2,35.5,14.5,20.4,35.5,37.3,35.7,14.2,14.1,12.5,13.2,22.6,52.2,33.7,40.6,30231391
2007:Q3,BabyBoom,49.2,45.9,46.3,43.9,51,43.5,44.1,42.9,42.3,44.5,44.8,44.4,48.8,46.2,46.6,75.9,65.9,58.1,49.2,42.1,48.1,48.1,49.7,42.5,52,43,47.2,49.5,44186093
2007:Q3,GenX,13.8,21.6,21,24.5,9.7,12.3,8.1,5.2,5.4,4.8,7.5,7.8,4.1,8.4,17,9.6,13.5,6.3,12.1,20.3,35.2,35.3,36.2,37.3,22.9,4.8,18.2,9.5,33094122
2007:Q3,Millennial,0.8,1.3,0.9,3.3,0.5,1,0.2,0.1,0.2,0.1,0.3,0.3,0,0.2,0.9,0.1,0.2,0.1,1.3,1.9,2.5,2.5,1.5,6.9,2.6,0.1,0.9,0.4,8596039
2007:Q4,Silent,35.7,31,31.6,27.7,38.2,42.3,45.9,51.4,51.7,50.5,42.2,41.8,47.4,44.9,34.8,14.5,19.9,35.1,36.8,35.7,13.9,13.9,12.4,12.8,23.4,48.6,33,40.3,29921749
2007:Q4,BabyBoom,49.7,46.1,46.5,44,51.6,43.8,44.8,43,42.5,44.3,51.5,51.8,47.8,46.9,47.2,75.8,66.5,58.3,49.7,42,48,48,49.5,42.3,52.4,46.1,47.7,50,44130018
2007:Q4,GenX,13.8,21.5,20.9,24.7,9.7,12.7,9,5.4,5.6,5.2,5.5,5.6,4.8,8,17,9.6,13.4,6.4,12.1,20.3,35.4,35.4,36.4,37.7,21.7,5.2,18.3,9.3,33216960
2007:Q4,Millennial,0.9,1.5,1.1,3.6,0.5,1.2,0.2,0.2,0.3,0,0.8,0.9,0,0.2,1,0.1,0.2,0.2,1.3,2.1,2.7,2.7,1.7,7.3,2.5,0.2,1,0.5,8989454
2008:Q1,Silent,35.3,30.7,31.3,27.4,37.8,41.5,44.3,51,51.3,50.4,38.6,37.9,47.7,44.9,34.1,15.4,19.8,34.6,36.4,35.6,13.6,13.6,12.3,12.3,24.2,42.7,31.9,40.1,29608217
2008:Q1,BabyBoom,50.2,46.3,46.7,44.2,52.2,44,45.5,43.2,42.7,44.1,56,56.6,46.8,47.8,47.8,75.4,68,58.5,50.5,41.9,48,48,49.2,41.9,52.6,51.8,47.6,50.6,44055579
2008:Q1,GenX,13.6,21.5,20.9,24.6,9.4,13.1,10,5.6,5.7,5.5,4.2,4.2,5.4,7.2,16.9,9.1,12.1,6.6,11.9,20.2,35.5,35.5,36.5,38,20.8,4.9,19.6,8.8,33331411
2008:Q1,Millennial,0.9,1.5,1.1,3.8,0.5,1.3,0.2,0.2,0.3,0,1.2,1.2,0.1,0.1,1.1,0.1,0.1,0.2,1.2,2.2,3,3,1.9,7.7,2.5,0.6,1,0.4,9384393
2008:Q2,Silent,34.9,30.3,30.9,27.3,37.4,41.8,44.3,50.2,50.4,49.6,37.9,36.9,49.9,44.3,33.4,15.7,19.2,34.2,36,35.6,13.4,13.4,12.2,12,24.8,44,31.1,39.7,29291913
2008:Q2,BabyBoom,50.6,46.6,47,44.3,52.7,44.2,45.8,44,43.8,44.5,56.7,57.6,45.1,48.6,48.5,75.2,68.2,58.8,51,41.9,46.9,46.9,48,41.9,55,49.2,47.9,51.4,43967441
2008:Q2,GenX,13.6,21.6,21,24.5,9.3,12.6,9.7,5.6,5.5,5.9,4.2,4.2,4.5,7,17,9,12.5,6.8,11.9,20.2,36.1,36.1,37,38.3,18.1,6.6,20.1,8.6,33438273
2008:Q2,Millennial,0.9,1.6,1.1,3.9,0.6,1.3,0.3,0.2,0.3,0,1.2,1.2,0.5,0.1,1.2,0.1,0.2,0.3,1.2,2.4,3.6,3.6,2.7,7.9,2.1,0.2,1,0.3,9781621
2008:Q3,Silent,34.7,30,30.7,26.8,37.2,41.2,43.9,49.7,49.6,50,37.1,35.8,52.1,44.8,32.7,16.4,19.3,33.8,35.6,35.5,13.1,13.1,12.1,11.5,25.4,36,30.5,39.7,28973956
2008:Q3,BabyBoom,51.1,46.8,47.2,44.5,53.4,44.5,46.2,44.5,44.8,43.8,57.5,58.8,43.4,50.1,49.1,74.9,70.2,59,51.6,41.8,47.7,47.7,48.6,41.4,52.6,57.8,48.4,51.9,43870273
2008:Q3,GenX,13.3,21.5,20.9,24.5,8.8,12.9,9.6,5.6,5.4,6.2,4.1,4.2,3.5,5.1,16.9,8.6,10.5,6.9,11.7,20.1,35.7,35.7,36.8,38.7,19.4,5.3,20,8.1,33538343
2008:Q3,Millennial,1,1.7,1.2,4.2,0.6,1.4,0.3,0.2,0.2,0,1.2,1.3,1,0,1.4,0.1,0,0.3,1.1,2.5,3.5,3.5,2.5,8.4,2.6,1,1.1,0.4,10181908
2008:Q4,Silent,34.6,29.7,30.5,26.3,37.3,40.2,42.5,48.8,48.4,49.8,40.6,39.1,53.2,46.8,32,18.5,19.9,33.4,35.1,35.4,13,13,12.1,11.1,26,47.3,29.5,39.8,28655466
2008:Q4,BabyBoom,51.6,47,47.5,44.7,54.2,44.6,46.7,45.8,46.5,43.6,52,53.2,42.3,53.2,49.7,74.2,73.7,59.1,52.4,41.8,47.2,47.2,48.9,41.2,53.4,41.3,48.1,52.7,43768739
2008:Q4,GenX,12.7,21.4,20.7,24.6,7.9,13.5,10.6,5.4,5,6.6,7.1,7.5,3.3,0,16.7,7.3,6.3,7.1,11.5,20.1,36.2,36.3,36.6,38.9,18.2,11.4,21.4,7.1,33632418
2008:Q4,Millennial,1.1,1.9,1.3,4.4,0.6,1.7,0.3,0,0,0,0.2,0.1,1.2,0,1.6,0,0,0.4,0.9,2.7,3.6,3.6,2.5,8.7,2.5,0,1,0.4,10586021
2009:Q1,Silent,34.2,29.4,30.2,25.8,36.9,40.3,42.2,48.8,47.8,51.1,40.9,39.1,54.5,45.8,31.3,18.7,19.6,33.1,34.7,35.4,12.7,12.7,11.9,10.7,26.5,46.4,29,39.5,28337559
2009:Q1,BabyBoom,51.9,47.2,47.7,45,54.5,44.9,47,45.7,47.1,42.1,50.9,52.2,41.1,54.2,50.3,74,75,59.1,53.3,41.8,47.5,47.5,49.3,40.9,55.8,40.2,48.8,53,43667507
2009:Q1,GenX,12.7,21.3,20.6,24.6,7.9,13.2,10.5,5.5,5,6.8,8,8.7,2.9,0,16.7,7.3,5.4,7.2,11.3,20,36.2,36.3,36.5,39.2,15.7,13.4,21.1,7,33721294
2009:Q1,Millennial,1.1,2,1.4,4.6,0.6,1.7,0.3,0,0,0,0.2,0,1.6,0,1.7,0,0,0.5,0.7,2.8,3.5,3.5,2.3,9.1,2,0,1.1,0.5,10994727
2009:Q2,Silent,33.6,29,29.7,25.6,36.1,40.2,42.4,49.3,48.7,50.6,39.4,37.1,55.7,43,30.5,17,18,32.7,34.3,35.3,12.5,12.5,11.9,10.4,26.9,41.4,28.6,38.6,28021355
2009:Q2,BabyBoom,52.2,47.5,48,45.2,54.7,45.1,47.3,44.1,45,42.2,52.9,54.7,39.9,53.5,50.8,74.4,72.6,59.3,54.5,41.7,47.3,47.3,48.9,40.9,55.6,44.9,50.1,53.4,43571244
2009:Q2,GenX,13.1,21.4,20.7,24.4,8.6,13,10,6.2,5.8,7.1,7.5,8.2,2.4,3.5,16.9,8.5,9.4,7.4,10.9,19.9,36.3,36.4,36.6,39.4,15.4,13.7,19.9,7.5,33805768
2009:Q2,Millennial,1.1,2.1,1.5,4.8,0.6,1.7,0.3,0.4,0.6,0,0.2,0,1.9,0,1.8,0.1,0,0.6,0.4,3,3.8,3.8,2.7,9.2,2.1,0,1.4,0.5,11408795
2009:Q3,Silent,32.9,28.5,29.2,25.4,35.2,40.1,42.7,48.1,47.7,49.4,37.9,35.2,56.8,40.5,29.8,15.4,16.5,32.3,33.8,35.3,12.3,12.3,11.8,10,27.3,36.7,28,37.7,27707973
2009:Q3,BabyBoom,52.4,47.8,48.3,45.5,54.7,45.3,47.6,45.5,46.4,43.1,54.9,57.2,38.9,52.3,51.4,74.8,70.3,59.5,55,41.7,47.6,47.6,49.2,40.5,55.2,49.6,50.7,53.5,43484616
2009:Q3,GenX,13.6,21.5,20.9,24.2,9.5,12.8,9.3,6.1,5.5,7.6,6.9,7.6,2.1,7.1,17,9.7,12.9,7.5,10.8,19.9,36.2,36.3,36.5,39.7,15.3,13.7,19.6,8.3,33886638
2009:Q3,Millennial,1.1,2.2,1.6,4.9,0.6,1.7,0.3,0.3,0.4,0,0.3,0,2.3,0,1.8,0.2,0.3,0.6,0.3,3.1,3.9,3.9,2.6,9.7,2.2,0,1.6,0.5,11828992
2009:Q4,Silent,32.3,28.1,28.9,24.8,34.4,39.3,42.8,47.5,47.5,47.5,36.8,33.7,57.7,39.3,29.1,14.4,15.6,32,33.4,35.1,12.1,12,11.7,9.6,27.6,31.9,27.7,37,27398530
2009:Q4,BabyBoom,52.6,48,48.5,45.6,55,45.5,48,45.7,46.2,44.4,56.1,58.8,37.9,52.5,51.9,74.9,69.6,59.6,55.7,41.7,47.4,47.4,48.8,40.3,55.3,54.8,52.8,53.8,43412289
2009:Q4,GenX,13.8,21.4,20.7,24.3,10,13.3,8.9,6.3,5.7,8.1,6.7,7.4,1.7,8,17.1,10.4,14.4,7.7,10.7,19.8,36.3,36.3,36.5,40,14.8,13.3,17.3,8.6,33964699
2009:Q4,Millennial,1.3,2.4,1.8,5.2,0.7,1.9,0.3,0.4,0.6,0,0.3,0,2.6,0.2,1.9,0.2,0.4,0.7,0.2,3.3,4.2,4.2,3,10.1,2.2,0,2.1,0.6,12256086
2010:Q1,Silent,31.8,27.7,28.5,24.5,33.8,39.3,43.5,47.2,46.8,48.3,35.8,32.4,58.4,38.1,28.4,13.7,14.8,31.4,33,35.1,11.9,11.9,11.6,9.3,27.6,27.9,26.7,36.3,27094146
2010:Q1,BabyBoom,52.9,48.3,48.9,45.9,55.2,45.7,48.4,46,47,43.4,57.4,60.4,37,52.4,52.5,75,68.8,60.1,55.8,41.7,47.3,47.3,48.5,40.1,51,58.8,51.6,54.2,43358931
2010:Q1,GenX,13.9,21.3,20.6,24.2,10.3,13,7.8,6.4,5.7,8.3,6.4,7.2,1.6,9.1,17.1,11,15.8,7.8,10.9,19.7,36.2,36.2,36.6,40.3,18.2,13.1,19.9,8.9,34040749
2010:Q1,Millennial,1.4,2.6,2,5.4,0.8,2,0.3,0.4,0.6,0,0.4,0,3,0.4,2,0.3,0.6,0.8,0.3,3.5,4.6,4.6,3.4,10.4,3.3,0.1,1.8,0.7,12690845
2010:Q2,Silent,31.4,27.3,28.1,24,33.4,39.2,43.7,46.1,45.9,47,34.7,31,58.8,37.6,27.8,13.8,14.6,30.8,32.6,35.1,11.7,11.7,11.5,8.9,27.8,24.6,26,35.8,26795938
2010:Q2,BabyBoom,53.5,48.6,49.1,46.2,55.9,46,48.9,47.4,48.3,44.2,58.7,62.1,36.3,53.7,53.1,74.9,70.2,60.8,55.5,41.8,46.8,46.8,47.7,40.1,51.2,61.7,51.5,55,43329208
2010:Q2,GenX,13.7,21.3,20.6,24.1,10,12.8,7.1,6.2,5.4,8.7,6.2,6.9,1.6,8.4,16.9,11,14.7,7.7,11.3,19.6,36.3,36.4,36.7,40.4,17.7,13.3,20.7,8.5,34115585
2010:Q2,Millennial,1.5,2.8,2.2,5.6,0.8,2,0.3,0.3,0.4,0,0.4,0,3.2,0.2,2.3,0.3,0.5,0.7,0.7,3.6,5.1,5.1,4,10.5,3.3,0.4,1.8,0.6,13134036
2010:Q3,Silent,30.8,27.1,27.8,23.7,32.5,38.8,43.3,45.1,45.3,44.1,33.6,29.7,59.2,36.4,27.1,12.5,13.6,30.2,32.2,35,11.5,11.4,11.4,8.5,28.1,21.7,25.6,35,26505026
2010:Q3,BabyBoom,53.7,48.8,49.3,46.5,56,46.2,49.3,48.3,48.9,46.1,60,63.7,35.7,53,53.5,75.1,68.6,61.7,55.5,41.8,46.7,46.7,47.6,39.7,53.1,64.1,54,55.2,43327787
2010:Q3,GenX,13.9,21.1,20.5,24,10.6,12.8,7.1,6.2,5.4,9.4,5.8,6.5,1.6,10.1,17,12,17,7.5,11.5,19.4,36.4,36.4,36.7,40.8,15.9,13.7,18,9,34190003
2010:Q3,Millennial,1.6,3,2.4,5.8,0.9,2.1,0.4,0.4,0.4,0.4,0.6,0.1,3.5,0.6,2.3,0.4,0.8,0.6,0.9,3.8,5.4,5.5,4.3,11,2.9,0.5,2.4,0.7,13586428
2010:Q4,Silent,30.4,26.7,27.6,23.3,32,38.8,41.7,46.6,46,48,34.6,31.2,57.7,35.9,27.4,11,13,29.2,31.3,34.6,11.2,11.2,11.2,8.4,26.4,21.7,25.8,34.5,26222241
2010:Q4,BabyBoom,53.6,48.6,49.2,46.3,55.8,46,49.9,46.2,47.3,43.3,58.5,61.7,36.5,52.3,52.3,75.8,67.3,62.6,55.2,41.8,46.5,46.5,47.5,39.3,54.1,64.6,51.5,55,43357775
2010:Q4,GenX,14.4,21.4,20.7,24.3,11.3,13,8.1,6.7,6,8.7,6.3,6.9,2.6,11.1,17.9,12.7,18.7,7.7,12.6,19.6,36.5,36.5,36.9,40.6,16.3,13,20.6,9.7,34264512
2010:Q4,Millennial,1.7,3.2,2.5,6.1,1,2.1,0.4,0.5,0.7,0,0.6,0.2,3.3,0.7,2.4,0.5,1,0.5,0.9,3.9,5.8,5.8,4.5,11.7,3.2,0.7,2.2,0.8,14048591
2011:Q1,Silent,30,26.5,27.4,23,31.5,38.2,41.2,46.4,46,47.3,35.9,32.8,56.7,35.5,27.7,10.5,12.5,28.4,30.4,34.2,10.9,10.9,10.9,8.1,24.7,21.4,26.1,33.9,25947269
2011:Q1,BabyBoom,53.4,48.4,49,46,55.6,45.7,50.5,46.3,47.1,44,56.5,59.4,37.1,51.8,51.1,76.3,66.4,63.1,55,41.8,45.9,45.9,46.6,38.8,56,65.8,50.3,55,43416038
2011:Q1,GenX,14.9,21.8,21.1,24.6,11.9,13.7,7.9,6.8,6.1,8.7,7,7.6,3.1,11.9,18.7,12.8,19.9,7.9,13.7,19.9,36.7,36.8,37.4,40.6,16,11.7,21.4,10.3,34338466
2011:Q1,Millennial,1.7,3.3,2.6,6.3,1,2.3,0.4,0.5,0.7,0,0.6,0.2,3.1,0.8,2.5,0.5,1.1,0.6,0.8,4.1,6.4,6.4,5.1,12.5,3.3,1.1,2.3,0.7,14520307
2011:Q2,Silent,29.6,26.3,27.2,22.5,31.1,37.7,40.6,46.9,46.1,48.7,36.4,33.7,55.7,35.2,28,9.9,12.2,27.6,29.5,33.9,10.7,10.7,10.6,8,23,21.8,26.3,33.5,25679509
2011:Q2,BabyBoom,53.3,48.1,48.6,45.7,55.6,45.4,51.2,45.7,46.7,42.9,55.7,58.3,37.7,51.8,50,76.7,66.4,63.6,54.8,41.8,45.6,45.6,46.3,38.6,58.5,65.4,49.1,54.9,43497883
2011:Q2,GenX,15.2,22.2,21.5,25,12.3,14.3,7.8,6.9,6.4,8.3,7.1,7.6,3.7,12.1,19.5,12.9,20.2,8.1,14.8,20.1,36.9,37,37.7,40.3,15.2,11.8,22.2,10.8,34410932
2011:Q2,Millennial,1.8,3.5,2.7,6.7,1.1,2.5,0.5,0.5,0.8,0,0.7,0.4,3,0.8,2.5,0.5,1.2,0.6,0.8,4.2,6.7,6.7,5.4,13.1,3.3,1,2.4,0.8,15001162
2011:Q3,Silent,29.4,25.9,26.8,22.6,30.9,37.2,39.9,46.7,45.6,49.5,37.5,35,54.9,35.5,28.3,10.1,12.4,27,28.7,33.4,10.4,10.4,10.3,7.8,21.2,22.5,26.8,33.4,25418359
2011:Q3,BabyBoom,53.6,47.9,48.5,45.6,56.1,45.2,51.8,46.3,47.8,42.4,54.1,56.4,38.2,53.4,48.9,77,68.5,64,54.6,41.8,45.1,45.1,45.8,38,59.1,64.4,48.7,55.4,43598619
2011:Q3,GenX,15.2,22.6,22,25.1,12,14.9,7.8,6.7,6.2,8.1,7.7,8.3,4,10.7,20.2,12.4,18.2,8.3,15.9,20.3,37.2,37.2,38,40.2,16,12.3,21.7,10.6,34480976
2011:Q3,Millennial,1.8,3.5,2.7,6.8,1,2.7,0.5,0.3,0.4,0,0.7,0.4,2.9,0.4,2.6,0.5,0.9,0.7,0.8,4.4,7.3,7.3,5.8,13.9,3.7,0.9,2.8,0.6,15490741
2011:Q4,Silent,29,25.7,26.6,22.2,30.4,36.6,39.1,46.8,45.7,49.6,39.3,37,54,35.1,28.5,9.2,11.9,26.2,27.8,33,10.2,10.2,10.1,7.7,19.5,23.5,27.1,32.9,25163219
2011:Q4,BabyBoom,53.4,47.7,48.3,45.4,55.8,44.9,52.4,46.1,47.5,42.5,51.5,53.4,38.7,52.8,47.9,77.5,67.4,64.6,54.3,41.8,44.8,44.8,45.7,37.7,59.4,62.7,47.8,55.2,43713551
2011:Q4,GenX,15.7,22.9,22.2,25.3,12.7,15.5,8,6.8,6.4,8,8.9,9.6,4.5,11.5,21.1,12.8,19.7,8.5,17,20.6,37.4,37.4,38.2,40,16.9,13.3,22.1,11.2,34547663
2011:Q4,Millennial,1.9,3.7,2.8,7.1,1.1,2.9,0.5,0.3,0.5,0,0.4,0,2.8,0.6,2.6,0.6,1.1,0.7,0.9,4.7,7.6,7.6,6,14.7,4.2,0.5,3,0.7,15988629
2012:Q1,Silent,28.6,25.5,26.6,21.7,29.8,36.3,38.7,47.3,46,50.1,39.9,38,52.8,34.4,28.7,7.8,11.2,25.4,27,32.7,10,9.9,9.8,7.5,17.7,23.2,27.1,32.3,24913488
2012:Q1,BabyBoom,53.2,47.4,48,45.1,55.5,44.7,53,45.1,46.5,42.1,50.4,52,39.4,51.9,46.8,78,65.7,65.2,54.1,41.8,44.1,44.1,44.8,37.2,61.3,63.6,46.2,55,43837988
2012:Q1,GenX,16.3,23.1,22.4,25.7,13.5,16,7.7,7.1,6.8,7.8,9.4,10,5.3,12.8,21.7,13.6,21.7,8.7,18.1,20.7,37.6,37.6,38.6,39.8,16.6,12.4,23.9,12,34610060
2012:Q1,Millennial,2,3.9,3,7.5,1.2,3,0.6,0.5,0.7,0,0.3,0,2.5,0.8,2.7,0.6,1.3,0.7,0.8,4.8,8.3,8.3,6.7,15.5,4.4,0.8,2.8,0.7,16494412
2012:Q2,Silent,28.2,25.1,26,21.5,29.5,36.2,38.2,46.7,45.5,49.6,40.3,38.7,51.6,34.3,29.1,7.8,11,24.7,26.2,32.3,9.7,9.7,9.5,7.3,16,23.7,27,31.9,24668564
2012:Q2,BabyBoom,53.2,47.3,47.8,45,55.7,44.5,53.7,46.2,47.5,42.7,49.6,51,40.1,52.2,45.6,78.3,66.1,65.6,53.7,41.9,43.8,43.8,44.5,36.9,62.7,63,44.9,55.1,43967237
2012:Q2,GenX,16.5,23.6,23.1,25.8,13.6,16.2,7.6,6.9,6.6,7.7,9.7,10.2,6.1,12.8,22.2,13.2,21.5,8.9,19.2,20.8,37.8,37.8,38.9,39.5,16.7,12.6,25.5,12.3,34667233
2012:Q2,Millennial,2,4,3.1,7.6,1.2,3.1,0.6,0.2,0.3,0,0.4,0.1,2.2,0.7,3.1,0.6,1.3,0.8,0.9,5,8.7,8.8,7.1,16.2,4.6,0.7,2.6,0.7,17007674
2012:Q3,Silent,27.8,24.8,25.6,21.3,29.1,36.1,37.4,47.2,45.7,50.5,40.9,39.6,50.5,33.9,29.3,7,10.6,24,25.5,32,9.5,9.5,9.3,7.2,14.3,23.9,27.2,31.4,24427847
2012:Q3,BabyBoom,53.1,47.1,47.7,44.9,55.5,44.2,54.1,45.4,47,42,48.6,49.6,40.7,51.8,44.6,78.8,65.3,66.1,53.3,41.9,43.9,43.9,44.8,36.4,64,62.9,44,54.9,44096603
2012:Q3,GenX,17,24,23.5,26,14.2,16.5,7.9,7.1,6.9,7.5,10.2,10.7,6.8,13.5,22.9,13.5,22.7,9,20.2,21,37.8,37.8,39,39.3,16.8,12.5,26.2,13,34718248
2012:Q3,Millennial,2.1,4.1,3.2,7.8,1.3,3.2,0.6,0.3,0.4,0,0.3,0.1,2,0.9,3.2,0.7,1.5,0.8,1,5.1,8.9,8.9,6.9,17.2,4.9,0.7,2.7,0.8,17528001
2012:Q4,Silent,27.4,24.5,25.3,21.1,28.5,35.4,36.5,46.7,45.6,49.4,41.1,40.1,49.5,33.6,29.5,6.5,10.3,23.4,24.7,31.6,9.2,9.2,9,7,12.6,25.2,28.2,30.8,24190735
2012:Q4,BabyBoom,53,47,47.5,44.7,55.5,44,54.4,45.9,47,43.1,48,48.9,41.3,51.8,43.6,79.1,65.1,66.5,53,41.9,42.6,42.6,43.4,36,65.2,61,43.6,55,44221396
2012:Q4,GenX,17.4,24.3,23.8,26.2,14.6,17.2,8.4,7.1,7,7.5,10.5,10.9,7.5,13.7,23.6,13.6,23.1,9.2,21.2,21.2,38.2,38.2,39.5,39,17,13.5,24.4,13.4,34762171
2012:Q4,Millennial,2.2,4.3,3.4,8,1.4,3.5,0.7,0.3,0.4,0,0.3,0.2,1.7,0.9,3.3,0.7,1.5,0.9,1.1,5.3,10,10,8.1,17.9,5.3,0.3,3.7,0.7,18054978
2013:Q1,Silent,26.8,24.1,25,20.7,27.9,35.1,36.1,46.6,45.9,48.6,42.2,41.3,48.8,33.1,29.7,5.6,9.8,22.5,23.9,31.2,9.1,9,8.8,6.9,10.9,24.9,28.2,30.1,23956627
2013:Q1,BabyBoom,52.9,46.8,47.4,44.5,55.3,43.7,55.1,45.7,46.3,43.9,46.4,47.1,41.8,51,42.6,79.5,63.9,67.4,52.7,41.9,44.1,44.1,45.4,35.5,66.3,61.8,42.5,54.5,44336922
2013:Q1,GenX,17.9,24.5,24,26.4,15.3,17.6,8.1,7.3,7.3,7.4,11.2,11.7,7.8,14.7,24.3,14,24.5,9.3,22.3,21.3,37.8,37.8,39.2,38.7,17.2,12.8,25.6,14.2,34798068
2013:Q1,Millennial,2.3,4.6,3.6,8.4,1.5,3.6,0.7,0.4,0.5,0,0.2,0,1.6,1.2,3.4,0.8,1.8,0.8,1.1,5.5,9.1,9.1,6.5,18.9,5.6,0.5,3.7,1.1,18588190
2013:Q2,Silent,26.3,23.7,24.4,20.5,27.3,34.9,35.6,46.3,46.3,46.1,41.9,41.1,48.1,32.8,30,5.2,9.5,21.7,23.4,30.9,8.9,8.8,8.6,6.8,9.3,24.9,28,29.4,23724923
2013:Q2,BabyBoom,52.9,46.7,47.2,44.4,55.4,43.4,55.6,45,45,45.1,46.7,47.2,42.2,51,41.5,79.9,63.6,68.1,52.2,41.9,43.8,43.8,45.2,35.2,67,62.1,41.5,54.6,44438487
2013:Q2,GenX,18.3,25,24.6,26.6,15.7,18,8,7.7,7.8,7.3,11.1,11.4,8.2,15,24.9,14.1,25,9.4,23.1,21.5,37.9,37.9,39.4,38.3,17.6,12.5,27.1,14.8,34825005
2013:Q2,Millennial,2.5,4.7,3.8,8.6,1.6,3.7,0.7,1,0.9,1.5,0.4,0.3,1.5,1.2,3.6,0.8,1.8,0.8,1.3,5.7,9.5,9.5,6.8,19.7,6.1,0.6,3.4,1.2,19127223
2013:Q3,Silent,25.8,23.2,23.9,20.5,26.7,34.5,35,46.2,46.4,45.2,42.6,42,47.5,32.4,30.1,4.4,9.1,20.8,22.9,30.5,8.6,8.6,8.3,6.6,7.5,25.4,28.5,28.8,23495021
2013:Q3,BabyBoom,52.8,46.6,47.1,44.3,55.3,43.1,56,44.7,44.6,45.2,45.5,45.8,42.6,50.7,40.6,80.2,62.6,68.8,51.7,41.9,43.3,43.4,44.9,34.6,68.9,61.5,40.6,54.5,44521400
2013:Q3,GenX,18.8,25.4,25,26.6,16.2,18.4,8.2,7.9,8,7.2,11.6,12,8.5,15.5,25.6,14.5,26.2,9.5,23.8,21.6,38,38.1,39.7,38.1,17.3,12.7,27,15.4,34842049
2013:Q3,Millennial,2.6,4.8,3.9,8.6,1.7,3.9,0.8,1.3,1,2.5,0.3,0.2,1.3,1.3,3.7,0.9,2.1,0.8,1.6,6,10,10,7.1,20.7,6.3,0.5,3.9,1.3,19671662
2013:Q4,Silent,25.3,23.1,23.7,20.2,26.2,33.8,34.8,45,45.1,44.4,41,40.1,48.4,32,29.4,3.8,8.9,20.4,22.9,30.3,8.6,8.6,8.3,6.6,7.6,23.4,27.6,28.2,23266183
2013:Q4,BabyBoom,53.1,46.5,47,44.4,55.7,43.9,56,45.2,45.1,45.7,47.1,47.8,41.6,51,41.7,79.8,61.7,69.1,52.3,41.9,43.4,43.4,44.6,34,66.8,65.2,41.6,54.8,44582032
2013:Q4,GenX,18.8,25.3,25,26.5,16.3,18.2,8.3,8,8.2,7.1,11.3,11.6,8.8,15.6,25.1,15.4,27,9.7,23.2,21.6,37.7,37.7,39.8,38.2,18.4,9.4,26.9,15.5,34848641
2013:Q4,Millennial,2.7,5.1,4.2,8.9,1.8,4,0.8,1.8,1.5,2.7,0.5,0.5,1.2,1.4,3.8,1,2.4,0.8,1.6,6.2,10.3,10.3,7.3,21.3,7.2,1.9,3.9,1.4,20221269
2014:Q1,Silent,25,22.9,23.6,19.7,25.8,32.8,34.6,43.6,43.7,43.6,39.2,38.1,49.2,31.6,28.7,3.5,8.7,20.2,22.7,30.2,8.6,8.6,8.3,6.4,7.4,24.1,26.8,27.8,23037125
2014:Q1,BabyBoom,53.3,46.4,46.9,44.4,56,44.7,56.1,46.3,46.2,46.3,49,50,40.6,51.3,42.7,79.3,61.7,69,53.1,41.8,42.7,42.7,44,33.2,66.1,64.6,42.6,55.1,44621014
2014:Q1,GenX,18.8,25.3,25,26.5,16.3,18.2,8.4,8,8.2,7.1,10.9,11.1,9.1,15.6,24.7,16,27,10,22.7,21.5,37.8,37.8,39.9,38.4,18.6,9.1,26.7,15.6,34845727
2014:Q1,Millennial,2.9,5.4,4.5,9.3,1.9,4.3,0.9,2.1,1.9,3,0.9,0.9,1.2,1.5,3.9,1.1,2.5,0.8,1.6,6.4,10.9,10.9,7.9,22,7.9,2.2,3.9,1.5,20776517
2014:Q2,Silent,24.7,22.6,23.3,19.5,25.5,32.2,34.5,42.8,42.4,44,38.2,36.9,49.9,31.2,28,3.2,8.6,19.9,22.7,30,8.6,8.6,8.2,6.4,7.3,25.2,26,27.4,22806426
2014:Q2,BabyBoom,53.4,46.3,46.7,44.5,56.1,45.4,56.2,47,47.1,46.8,49.8,50.9,39.6,51.6,43.7,78.9,61.4,68.9,53.5,41.8,41.9,41.9,43.1,32.7,64.7,63.5,43.5,55.3,44640042
2014:Q2,GenX,18.8,25.4,25.2,26.4,16.3,17.9,8.3,8,8.3,7.1,11,11.2,9.4,15.6,24.3,16.6,27.3,10.2,22,21.5,37.9,37.9,40,38.5,19.2,9,26.8,15.7,34834632
2014:Q2,Millennial,3,5.6,4.7,9.7,2,4.4,1,2.2,2.3,2.2,1,1,1.1,1.6,4,1.2,2.8,0.9,1.7,6.7,11.6,11.6,8.6,22.5,8.8,2.3,3.8,1.6,21338055
2014:Q3,Silent,24.4,22.5,23.2,19.1,25.2,31.5,34.2,41.6,41.1,43.3,36.6,35.1,50.6,31,27.3,3.2,8.5,19.7,22.7,29.9,8.6,8.5,8.1,6.2,7.1,29.4,25.5,27.1,22572663
2014:Q3,BabyBoom,53.6,46.2,46.6,44.4,56.5,46.1,56.2,47.9,48.1,47.3,51.5,52.8,38.7,52.2,44.6,78.4,61.7,68.8,53.9,41.8,40.8,40.8,42.4,31.9,63.9,58,44.5,55.8,44640811
2014:Q3,GenX,18.7,25.4,25.2,26.3,16.2,17.7,8.5,8,8.3,7,10.7,10.8,9.7,15.3,23.8,17,27,10.5,21.4,21.4,38.3,38.4,40.2,38.6,19.4,11.3,25.8,15.5,34816676
2014:Q3,Millennial,3.2,6,5.1,10.1,2.1,4.6,1.1,2.5,2.6,2.4,1.3,1.3,1,1.6,4.2,1.4,2.8,0.9,1.9,6.9,12.3,12.4,9.3,23.3,9.6,1.3,4.2,1.7,21906533
2014:Q4,Silent,24.2,22.3,23.1,18.7,24.9,30.8,33.9,40.4,39.9,42,35.8,34.1,51.3,30.6,26.7,2.9,8.4,19.5,22.7,29.7,8.5,8.5,8.1,6.2,7,31.4,25,26.7,22334416
2014:Q4,BabyBoom,53.8,46,46.4,44.4,56.7,46.8,56.2,48.6,48.9,47.9,51.8,53.3,37.8,52.5,45.6,78,61.6,68.7,54.3,41.8,40,40,41.8,31.3,62.2,55.7,45.5,56,44625016
2014:Q4,GenX,18.7,25.3,25,26.3,16.2,17.6,8.7,8,8.3,6.9,11.1,11.3,10,15.3,23.4,17.6,27.1,10.8,20.9,21.4,38.5,38.5,40.3,38.7,20.1,11.9,24.8,15.5,34793182
2014:Q4,Millennial,3.4,6.4,5.4,10.6,2.2,4.8,1.2,3,2.9,3.2,1.3,1.3,0.9,1.6,4.3,1.5,3,1,2.1,7.1,13,13,9.9,23.8,10.7,1.1,4.6,1.8,22482602
2015:Q1,Silent,23.8,22.1,23,18.3,24.5,29.8,33.8,38.9,38.6,39.9,34.5,32.7,51.9,30.3,26,2.7,8.2,19.3,22.7,29.5,8.5,8.5,8,6.1,6.9,32.6,24.3,26.3,22090263
2015:Q1,BabyBoom,53.9,45.9,46.2,44.3,56.9,47.3,56.2,49.8,50.1,48.5,52.9,54.5,37,52.8,46.5,77.5,61.4,68.6,54.8,41.8,39.5,39.5,41.3,30.6,60.1,54.4,46.3,56.2,44594354
2015:Q1,GenX,18.7,25.3,25.1,26.3,16.2,17.7,8.7,7.9,8.1,6.8,11.2,11.3,10.3,15.2,23.1,18.2,27.2,11.1,20.4,21.3,38.6,38.6,40.4,38.8,21,11.9,24.8,15.5,34765472
2015:Q1,Millennial,3.6,6.7,5.7,11.1,2.4,5.2,1.3,3.4,3.1,4.9,1.4,1.5,0.8,1.6,4.4,1.6,3.2,1.1,2.2,7.4,13.4,13.5,10.3,24.5,12,1.2,4.6,2,23066909
2015:Q2,Silent,23.5,21.9,22.8,18,24.2,29.3,33.6,37.5,37.6,37.3,33.5,31.6,52.5,30.1,25.4,2.5,8.2,19.1,22.6,29.4,8.5,8.5,8,6,6.9,33.5,23.7,25.9,21838783
2015:Q2,BabyBoom,54,45.7,46,44.2,57.2,47.9,56.3,50.6,50.9,49.1,53.5,55.3,36.2,53.3,47.4,77.1,61.6,68.5,55.1,41.7,39,39,40.9,30.2,57.6,53.5,47,56.4,44550520
2015:Q2,GenX,18.7,25.4,25.3,26.2,16.1,17.5,8.7,7.9,8.2,6.6,11.6,11.7,10.7,15,22.6,18.7,27,11.3,19.9,21.3,38.6,38.6,40.5,38.8,22.1,11.7,24.7,15.6,34734870
2015:Q2,Millennial,3.7,7,6,11.6,2.5,5.3,1.4,4,3.4,7,1.4,1.5,0.6,1.6,4.6,1.7,3.3,1.1,2.4,7.6,13.9,13.9,10.6,25,13.4,1.3,4.6,2.1,23660105
2015:Q3,Silent,23.3,21.6,22.5,17.9,23.9,28.7,33.2,36.1,36.1,36.4,32.4,30.3,53,29.9,24.8,2.7,8.2,18.9,22.5,29.2,8.5,8.4,7.9,5.9,6.8,35.6,23.2,25.7,21578553
2015:Q3,BabyBoom,54.3,45.6,45.9,44.2,57.8,48.5,56.2,52.3,52.8,49.6,54.2,56.1,35.5,54.4,48.2,76.5,62.7,68.3,55.5,41.7,38.3,38.3,40.4,29.5,55.2,51,48,56.9,44495209
2015:Q3,GenX,18.6,25.5,25.4,26,15.8,17.3,9.1,7.6,7.8,6.5,11.9,12,11.1,14.3,22.1,19,25.9,11.6,19.5,21.3,38.8,38.8,40.6,38.8,23,12.3,23.9,15.3,34702698
2015:Q3,Millennial,3.8,7.2,6.2,11.8,2.5,5.5,1.5,3.9,3.3,7.5,1.5,1.6,0.5,1.4,4.9,1.9,3.2,1.2,2.5,7.9,14.5,14.5,11.1,25.8,15,1.1,4.9,2.1,24262841
2015:Q4,Silent,22.9,21.4,22.2,17.7,23.5,27.9,32.9,34.8,35,31,31.2,29,53.4,29.6,24.2,2.3,8,18.7,22.4,28.9,8.4,8.4,7.8,5.8,6.9,37.6,22.6,25.2,21308154
2015:Q4,BabyBoom,54.4,45.6,45.8,44.2,58,49,56.1,53.4,53.6,50,55.1,57,34.8,54.6,49,76.1,62.3,68.2,56,41.6,37.5,37.5,39.6,29.1,51.2,48.7,48.9,57.1,44430117
2015:Q4,GenX,18.7,25.5,25.5,25.9,15.9,17.3,9.4,7.7,7.8,6.2,12.3,12.3,11.4,14.4,21.8,19.6,26.2,11.9,19.2,21.2,38.9,38.9,40.7,38.8,25,12.9,23.3,15.4,34670277
2015:Q4,Millennial,4,7.5,6.5,12.1,2.6,5.8,1.6,4.2,3.5,12.7,1.5,1.6,0.3,1.5,5,2,3.4,1.3,2.4,8.2,15.1,15.1,11.9,26.2,17,0.9,5.2,2.2,24875764
2016:Q1,Silent,22.6,21.2,22,17.3,23.1,27.1,32.7,33.7,34,29.7,29.3,27,54,29.3,23.6,2.1,7.9,18.4,22.2,28.7,8.4,8.4,7.8,5.7,6.7,39.1,22,24.8,21026163
2016:Q1,BabyBoom,54.6,45.4,45.6,44.1,58.3,49.4,56.2,54.4,54.7,50.4,56.9,59,34.1,54.9,49.8,75.6,62.2,68.1,56.6,41.6,37,37,39.3,28.4,48.2,46.9,49.4,57.3,44356940
2016:Q1,GenX,18.7,25.6,25.5,25.9,15.9,17.4,9.4,7.6,7.7,6.1,11.8,11.8,11.7,14.3,21.4,20.1,26.3,12.1,18.9,21.2,39,39,40.8,38.9,26.1,13.1,23.4,15.5,34638931
2016:Q1,Millennial,4.2,7.8,6.8,12.7,2.7,6.1,1.7,4.3,3.7,13.7,2,2.1,0.2,1.5,5.2,2.2,3.6,1.4,2.3,8.5,15.6,15.6,12.2,27,18.9,0.8,5.2,2.4,25499526
2016:Q2,Silent,22.3,21,21.8,16.9,22.8,26.7,32.6,32.7,32.9,27.7,27.8,25.4,54.5,28.9,22.9,1.8,7.7,18.2,22,28.4,8.4,8.3,7.7,5.6,6.5,39.6,21.4,24.5,20731158
2016:Q2,BabyBoom,54.6,45.1,45.4,43.9,58.4,50,56.3,55.5,55.7,50.8,58.1,60.4,33.4,55.2,50.7,75.2,62,67.8,56.9,41.5,36.6,36.6,39,28,45.7,46.5,50.1,57.4,44277373
2016:Q2,GenX,18.7,25.6,25.6,25.9,16,17.1,9.3,7.5,7.6,5.9,11.8,11.8,11.9,14.4,21.1,20.7,26.4,12.6,18.6,21.2,39,39.1,40.8,38.8,26.9,12.9,23.3,15.6,34609981
2016:Q2,Millennial,4.4,8.3,7.2,13.4,2.8,6.2,1.8,4.3,3.8,15.6,2.2,2.4,0.2,1.5,5.2,2.3,3.8,1.4,2.5,8.8,16,16,12.5,27.5,20.9,1.1,5.2,2.5,26134775
2016:Q3,Silent,21.9,20.6,21.4,16.9,22.4,26,32.4,32,32.1,25,26.5,23.9,54.9,28.6,22.3,1.5,7.6,17.9,21.9,28.1,8.3,8.2,7.6,5.5,6.3,39.9,20.9,24,20421720
2016:Q3,BabyBoom,54.7,45.1,45.4,44,58.5,50.4,56.4,55.9,55.9,51.1,59,61.3,32.8,55.4,51.5,74.8,61.6,67.6,57.2,41.5,36,36,38.5,27.4,42.7,46.2,51.2,57.6,44193112
2016:Q3,GenX,18.9,25.8,25.9,25.7,16.1,17.2,9.2,7.7,7.7,5.7,12.3,12.3,12.2,14.4,20.8,21.3,26.8,13.1,18.3,21.2,39.1,39.1,40.9,38.8,27.8,12.6,22.1,15.8,34584751
2016:Q3,Millennial,4.5,8.4,7.3,13.5,2.9,6.5,2,4.4,4.3,18.2,2.3,2.5,0.1,1.6,5.4,2.5,4,1.5,2.6,9.1,16.6,16.7,13,28.3,23.1,1.3,5.8,2.6,26782161
2016:Q4,Silent,21.4,20.2,20.9,16.6,21.8,25.5,31.7,31.8,31.8,NA,26.2,23.6,53.9,27.7,21.6,1.7,7.5,17.4,21,27.4,8,8,7.4,5.5,6,39.4,20.2,23.4,20097016
2016:Q4,BabyBoom,54.4,45,45.3,43.7,58.3,50.1,56.7,55.7,55.7,NA,58.2,60.5,33.1,55.5,51,73.8,60.9,67.4,56.6,41.6,35.5,35.5,37.9,27.2,45.5,45.2,51.2,57.4,44105623
2016:Q4,GenX,19.6,26.1,26.2,26,16.9,17.8,9.5,8.2,8.2,NA,13.6,13.6,12.9,15.1,21.6,22,27.4,13.6,19.6,21.5,39.1,39.2,41.1,38.4,26.2,14.5,22,16.5,34564317
2016:Q4,Millennial,4.7,8.7,7.7,13.6,3,6.7,2.1,4.4,4.4,NA,2.1,2.2,0.1,1.6,5.7,2.6,4.2,1.6,2.7,9.5,17.3,17.3,13.6,28.9,22.2,0.9,6.6,2.7,27441847
2017:Q1,Silent,20.8,19.6,20.3,16.3,21.2,24.8,31.1,31.3,31.3,NA,25.5,23.1,52.7,26.9,20.9,1.5,7.4,16.9,20.2,26.8,7.8,7.8,7.2,5.4,5.7,36.3,19.5,22.7,19758579
2017:Q1,BabyBoom,54.1,44.8,45.1,43.4,57.9,49.8,57,55.8,55.8,NA,58.2,60.4,33.4,55.3,50.5,73,59.5,67.3,56,41.8,35.1,35,37.2,26.9,48.6,47.5,50.3,57,44015454
2017:Q1,GenX,20.3,26.5,26.6,26.4,17.8,18.4,9.7,8.5,8.5,NA,14.1,14.1,13.6,16.1,22.6,22.8,28.6,14.1,21,21.7,39.1,39.1,41.2,38,24.5,14.9,23.6,17.4,34548774
2017:Q1,Millennial,4.8,9.1,8.1,13.9,3.1,6.9,2.2,4.4,4.4,NA,2.2,2.4,0.2,1.7,5.9,2.7,4.5,1.7,2.8,9.7,18,18,14.5,29.7,21.3,1.2,6.6,2.8,28112041
2017:Q2,Silent,20.2,19.1,19.7,16,20.7,24.6,30.4,30.7,30.7,NA,25.2,22.7,51.6,26.1,20.2,1.4,7.3,16.4,19.5,26.1,7.6,7.5,7,5.4,5.6,33.5,18.7,22.1,19408532
2017:Q2,BabyBoom,53.8,44.6,44.9,43.1,57.6,49.7,57.3,56.2,56.2,NA,57.6,59.8,33.7,55.2,50.1,72.1,58.5,67.2,55,41.9,34.6,34.6,36.5,26.7,49.6,49.5,49.8,56.7,43922924
2017:Q2,GenX,20.9,27,27.1,26.8,18.5,18.8,10,8.8,8.8,NA,15.1,15.2,14.4,17,23.5,23.6,29.6,14.6,22.2,21.9,39,39.1,41.3,37.6,24,15.4,24.6,18.2,34537970
2017:Q2,Millennial,5,9.3,8.3,14.1,3.3,7,2.3,4.3,4.3,NA,2.1,2.2,0.3,1.8,6.3,2.8,4.7,1.8,3.3,10,18.7,18.8,15.3,30.3,20.7,1.5,6.8,2.9,28790468
2017:Q3,Silent,19.6,18.5,19.1,15.7,20.1,24.1,29.5,30.3,30.3,NA,24.7,22.3,50.2,25.3,19.5,1.4,7.1,15.9,18.7,25.4,7.3,7.3,6.8,5.3,5.3,31.5,18,21.5,19048997
2017:Q3,BabyBoom,53.6,44.5,44.8,42.9,57.3,49.6,57.4,56.1,56.1,NA,57.2,59.3,34.1,55.2,49.6,71.4,57.4,67.1,54.3,42.1,34.2,34.1,35.8,26.3,52.3,50.6,49.4,56.5,43828353
2017:Q3,GenX,21.6,27.4,27.4,27.2,19.3,19.2,10.7,9.3,9.3,NA,16.2,16.3,15.4,17.8,24.4,24.4,30.5,15.1,23.5,22.1,39,39.1,41.4,37.2,22.5,16.3,25.4,19,34531755
2017:Q3,Millennial,5.2,9.6,8.7,14.3,3.4,7.1,2.4,4.4,4.4,NA,1.9,2.1,0.3,1.8,6.5,2.9,5,1.9,3.5,10.4,19.5,19.5,16,31.1,19.8,1.6,7.2,3,29474847
2017:Q4,Silent,19.1,18,18.4,15.5,19.5,23.6,28.7,29.7,29.7,NA,24.5,22.2,48.7,24.5,18.9,1.3,7,15.4,17.9,24.7,7.1,7.1,6.6,5.3,5.2,28.3,17.3,20.9,18682098
2017:Q4,BabyBoom,53.3,44.4,44.7,42.6,56.9,49.4,57.5,56.3,56.3,NA,56,58,34.4,54.9,49.2,70.6,56.2,67,53.6,42.2,33.9,33.8,35.2,26.1,54.2,53.4,48.9,56.2,43732060
2017:Q4,GenX,22.3,27.8,27.9,27.5,20.1,19.8,11.4,9.6,9.6,NA,18.1,18.2,16.4,18.6,25.2,25.1,31.5,15.6,24.7,22.4,38.9,38.9,41.5,36.8,21.6,16.2,26.1,19.8,34529977
2017:Q4,Millennial,5.3,9.8,9,14.4,3.5,7.3,2.5,4.3,4.3,NA,1.5,1.6,0.4,2,6.7,3,5.2,2,3.8,10.7,20.2,20.2,16.7,31.8,19.1,2.1,7.7,3.1,30162903
2018:Q1,Silent,18.5,17.4,17.8,15.1,18.9,22.9,28,29.1,29.1,NA,24,21.8,47.1,23.7,18.2,1.4,6.9,14.9,17.1,24.1,6.8,6.8,6.3,5.2,5,26.1,16.7,20.2,18309957
2018:Q1,BabyBoom,53.1,44.2,44.5,42.3,56.7,49,57.8,56.8,56.8,NA,55.5,57.5,34.8,55.1,48.7,69.6,55.7,66.8,52.9,42.3,33.3,33.3,34.4,25.7,55.6,54.9,48.1,56,43634363
2018:Q1,GenX,22.9,28.2,28.3,27.9,20.8,20.4,11.7,9.9,9.9,NA,19.2,19.3,17.6,19.3,26.1,25.8,32,16.2,26,22.6,38.8,38.9,41.5,36.5,20.9,16.6,27.9,20.6,34532485
2018:Q1,Millennial,5.5,10.2,9.4,14.7,3.6,7.6,2.6,4.2,4.2,NA,1.3,1.4,0.4,1.9,7,3.1,5.4,2.1,4,11,21,21,17.7,32.5,18.5,2.4,7.3,3.3,30852356
2018:Q2,Silent,17.9,16.9,17.2,14.8,18.4,22.6,27.1,28.5,28.5,NA,23.4,21.4,45.4,22.9,17.5,1.4,6.8,14.4,16.4,23.4,6.6,6.6,6.1,5.2,5.1,24.7,16.1,19.6,17934698
2018:Q2,BabyBoom,52.9,44,44.4,42,56.5,49,58,57.4,57.4,NA,55.2,57.1,35.2,55.2,48.3,68.8,54.9,66.7,52.1,42.4,32.8,32.7,33.6,25.5,55.4,55.1,47.7,55.8,43535581
2018:Q2,GenX,23.5,28.7,28.8,28.3,21.5,20.8,12.2,10.2,10.2,NA,20.1,20.2,18.9,20,26.9,26.6,32.7,16.7,27.2,22.8,38.8,38.9,41.6,36.2,21.2,17.9,28.6,21.3,34539128
2018:Q2,Millennial,5.7,10.5,9.6,14.9,3.7,7.6,2.7,3.9,3.9,NA,1.2,1.3,0.5,1.9,7.2,3.3,5.6,2.2,4.2,11.3,21.8,21.8,18.7,33.1,18.3,2.3,7.7,3.3,31540930
2018:Q3,Silent,17.4,16.3,16.7,14.5,17.9,22.3,26.4,27.7,27.7,NA,22.8,20.9,43.6,22.2,16.9,1.4,6.7,13.9,15.7,22.8,6.4,6.4,5.9,5.1,4.8,23,15.5,19,17558442
2018:Q3,BabyBoom,52.7,43.8,44.3,41.7,56.2,49,58.2,58.3,58.3,NA,55.1,56.9,35.5,55,47.9,67.9,53.9,66.6,51.4,42.5,32.2,32.2,32.9,25.2,57.6,55.9,47.1,55.6,43436034
2018:Q3,GenX,24.1,29,29.1,28.6,22.1,21.1,12.6,10.4,10.4,NA,20.9,20.9,20.4,20.7,27.8,27.3,33.6,17.1,28.5,23,38.8,38.8,41.6,35.8,20.1,18.8,29.6,22,34549755
2018:Q3,Millennial,5.8,10.8,9.9,15.1,3.8,7.6,2.8,3.5,3.5,NA,1.2,1.3,0.5,2,7.5,3.4,5.8,2.3,4.4,11.7,22.6,22.6,19.5,33.9,17.5,2.3,7.8,3.3,32226345
2018:Q4,Silent,16.8,15.8,16.1,14.3,17.2,21.7,25.5,27,27,NA,22.4,20.6,41.5,21,16.2,1.9,6.8,13.5,14.8,22.1,6.1,6.1,5.7,5,4.9,22.1,14.7,18.4,17183314
2018:Q4,BabyBoom,52.7,43.8,44.2,41.5,56.5,48.7,58.2,59.3,59.3,NA,54.4,56.1,35.9,56.2,47.2,66.4,54.5,66.4,50.8,42.6,31.7,31.6,32.3,25,56.6,55.2,46.8,55.9,43336040
2018:Q4,GenX,24.7,29.4,29.4,29,22.7,21.7,13.6,10.7,10.7,NA,22.4,22.4,22,21.5,28.5,28.2,33.1,17.7,29.8,23.2,38.8,38.9,41.7,35.5,20.9,20.9,29.8,22.5,34564215
2018:Q4,Millennial,5.9,11,10.3,15.2,3.7,7.8,2.8,3,3,NA,0.9,0.9,0.6,1.3,8.1,3.5,5.6,2.5,4.5,12,23.4,23.4,20.3,34.5,17.6,1.8,8.7,3.2,32906326
2019:Q1,Silent,16.4,15.3,15.6,13.8,16.8,21.1,24.7,26.3,26.3,NA,21.8,20.1,39.4,20.7,15.6,1.6,6.6,13,14.2,21.5,5.9,5.9,5.5,4.9,4.5,20.6,14.2,17.9,16811435
2019:Q1,BabyBoom,52.3,43.4,43.9,41,55.9,48.5,58.2,60.2,60.2,NA,54.1,55.8,36.2,55.3,46.9,66.1,52.8,66.4,50,42.7,31.2,31.1,31.6,24.7,60.9,55.4,46.2,55.3,43235920
2019:Q1,GenX,25.2,29.6,29.6,29.4,23.4,22.2,14.3,10.9,10.9,NA,23.2,23.2,23.7,22.2,29.4,28.8,34.6,18.1,31,23.4,38.8,38.8,41.7,35.2,18.5,22.2,31,23.2,34582357
2019:Q1,Millennial,6.1,11.7,10.8,15.9,3.9,8.1,2.8,2.6,2.6,NA,0.9,0.9,0.7,1.9,8.1,3.6,6.1,2.5,4.8,12.3,24.1,24.1,21.1,35.2,16.1,1.7,8.6,3.6,33578593
2019:Q2,Silent,15.9,14.8,15.1,13.4,16.3,20.8,24,25.6,25.6,NA,21.1,19.6,37.1,20,15,1.4,6.4,12.5,13.6,20.9,5.7,5.7,5.3,4.9,4.4,18.8,13.5,17.3,16444929
2019:Q2,BabyBoom,52.1,43.2,43.7,40.6,55.7,48.5,58.4,61.3,61.3,NA,54.2,55.8,36.5,55.2,46.4,65.4,51.8,66.2,49.2,42.8,31,31,31.3,24.6,61.8,56.6,45.8,55.1,43135990
2019:Q2,GenX,25.7,30,30,29.8,24,22.6,14.6,11.1,11.1,NA,23.7,23.5,25.6,22.9,30.2,29.4,35.4,18.6,31.9,23.7,38.8,38.8,41.8,34.8,18.2,22.7,31.4,23.9,34604029
2019:Q2,Millennial,6.3,12,11.2,16.2,4,8.1,3,2.1,2.1,NA,1,1,0.9,2,8.4,3.7,6.3,2.7,5.2,12.6,24.5,24.5,21.6,35.7,15.6,1.9,9.3,3.7,34240869
2019:Q3,Silent,15.3,14.3,14.5,13.3,15.7,20.5,23.2,25.1,25.1,NA,20.3,19.1,34.6,19.2,14.5,1.4,6.3,11.9,13,20.3,5.5,5.5,5.2,4.8,4.2,17.2,13,16.7,16085918
2019:Q3,BabyBoom,52,43.2,43.7,40.6,55.5,48.4,58.3,61.6,61.6,NA,54.5,56.1,36.7,55.3,46,64.7,51.2,66,48.5,42.9,30.6,30.6,30.9,24.2,64.6,57.3,45.3,55,43036572
2019:Q3,GenX,26.4,30.5,30.5,30.1,24.7,23,15.6,11.5,11.5,NA,23.9,23.6,27.7,23.6,30.9,30,36,19.2,33,23.9,38.7,38.7,41.8,34.5,16.8,23.5,32.4,24.6,34629081
2019:Q3,Millennial,6.4,12,11.2,16,4.1,8.1,2.9,1.9,1.9,NA,1.2,1.2,1.1,1.8,8.6,3.9,6.5,2.9,5.5,12.9,25.1,25.2,22.2,36.5,14.4,1.9,9.4,3.7,34890876
2019:Q4,Silent,15.1,14,14.2,13.2,15.6,19.8,22.9,24.5,24.5,NA,19.6,18.4,32.5,19.5,14.2,1.3,5.8,11.4,13.1,19.9,5.3,5.3,5,4.5,4.5,15.6,12.8,16.5,15736407
2019:Q4,BabyBoom,51.7,43.2,43.6,40.6,55.1,48.1,58.3,61.1,61.1,NA,56.1,57.7,37.2,54.9,46,63,50.4,65.4,48.8,42.9,30.3,30.3,30.4,24.1,61.7,59.4,45.3,54.7,42938029
2019:Q4,GenX,26.4,30.4,30.5,30,24.8,23.4,15.9,11.8,11.8,NA,23,22.7,27.1,23,30.8,31.4,36.7,20,32.5,23.9,38.6,38.6,41.6,34.6,18.8,22.7,32.2,24.7,34657410
2019:Q4,Millennial,6.8,12.4,11.7,16.2,4.6,8.7,3,2.5,2.5,NA,1.3,1.2,3.2,2.5,8.9,4.3,7.1,3.2,5.7,13.3,25.8,25.8,22.9,36.9,15.1,2.2,9.8,4.1,35526434
2020:Q1,Silent,14.6,13.7,13.8,13.1,15,19.2,22.4,24,24,22.4,18.3,17.4,30.6,18.8,14,1.9,5.7,10.9,13.2,19.6,5.1,5,4.9,4.2,4.9,13.9,12.8,16.1,15397929
2020:Q1,BabyBoom,51.7,43.1,43.5,40.6,55.4,47.7,57.9,60.7,60.7,62,59.5,61.2,37.7,56.7,46,59.7,51.7,64.5,49,43,30,29.9,29.9,23.7,56.3,61.8,45.2,54.9,42840910
2020:Q1,GenX,26.5,30.4,30.5,29.9,24.8,23.8,16.7,12.2,12.2,14.1,19.4,18.9,26.6,22.9,30.7,33.4,35.7,21,31.7,23.9,38.5,38.5,41.4,34.7,22.2,21.5,32.8,24.7,34689111
2020:Q1,Millennial,7.2,12.8,12.1,16.4,4.7,9.3,2.9,3.1,3.1,1.4,2.8,2.6,5.2,1.7,9.3,5,6.9,3.5,6.1,13.6,26.5,26.5,23.9,37.3,16.7,2.7,9.2,4.3,36145753
2020:Q2,Silent,14.6,13.4,13.5,13,15,18.3,22.1,23.9,23.8,25.1,17.7,16.8,28.9,19.4,13.8,1.4,5.1,10.5,13.3,19.2,4.9,4.8,4.7,4,5,12.7,12.5,15.9,15071897
2020:Q2,BabyBoom,51.2,43,43.4,40.7,54.6,47.2,57.9,59.1,59,60.5,60.7,62.5,38,55.3,46.2,59,50.2,63.8,49.2,43,29.6,29.5,29.3,23.6,55.5,62.9,45.3,54.2,42745809
2020:Q2,GenX,26.5,30.4,30.5,29.8,25,24.3,17.1,12.8,12.8,14.4,18.7,18.1,26.2,22.3,30.7,34.2,36.9,21.8,31.1,23.9,38.4,38.5,41.2,34.8,22.9,21.7,32.4,24.9,34724327
2020:Q2,Millennial,7.7,13.2,12.6,16.6,5.4,10.2,2.9,4.2,4.4,0,2.9,2.6,6.9,3,9.3,5.4,7.8,3.8,6.4,13.9,27.1,27.2,24.8,37.6,16.7,2.7,9.8,5,36747141
2020:Q3,Silent,14.4,13.1,13.2,12.8,14.9,17.9,21.8,23.3,23.3,NA,17.2,16.4,27.4,19.5,13.7,1.1,4.8,10,13.5,18.9,4.6,4.6,4.5,3.8,5,11,12.2,15.7,14759726
2020:Q3,BabyBoom,50.9,42.9,43.3,40.5,54.2,47,58.1,58.9,58.9,NA,61.5,63.4,38.3,54.9,46.4,57.9,49.5,63.1,49.4,42.9,29.2,29.2,28.6,23.4,55,66.2,45.3,53.9,42653321
2020:Q3,GenX,26.6,30.4,30.5,29.6,25.1,24.5,17,13,13,NA,18.6,18,25.7,21.9,30.7,35.2,37.5,22.7,30.2,23.9,38.2,38.2,41,34.8,23.5,18.9,32.1,25,34763203
2020:Q3,Millennial,8.1,13.6,12.9,17.1,5.9,10.6,3.1,4.8,4.8,NA,2.7,2.3,8.6,3.7,9.2,5.8,8.3,4.2,6.9,14.3,27.9,28,25.8,38,16.5,3.9,10.3,5.4,37328905
2020:Q4,Silent,14.3,12.9,12.9,12.7,14.9,17.2,21.6,22.7,22.7,NA,16.5,15.8,26,19.7,13.5,1,4.4,9.6,13.6,18.5,4.4,4.4,4.4,3.6,5.1,9.5,11.9,15.6,14462828
2020:Q4,BabyBoom,50.6,42.8,43.2,40.3,53.7,46.6,58.3,58.9,58.9,NA,63,64.9,38.6,54.2,46.7,56.8,48.5,62.6,49.5,42.9,28.7,28.6,27.4,23.2,52.9,69.3,45.4,53.5,42564040
2020:Q4,GenX,26.6,30.4,30.6,29.5,25.1,24.9,16.9,13.2,13.2,NA,17.3,16.7,25.3,21.7,30.7,36.1,38.2,23.5,29.4,23.9,37.8,37.8,40.7,35,24.9,16.1,31.6,25.1,34805881
2020:Q4,Millennial,8.5,13.9,13.3,17.6,6.4,11.3,3.2,5.2,5.2,NA,3.2,2.6,10.2,4.5,9,6.2,8.9,4.4,7.4,14.6,29.1,29.1,27.5,38.3,17,5.1,11.1,5.8,37889353
2021:Q1,Silent,14.2,12.6,12.6,12.4,14.8,16.6,21.3,22.6,22.6,NA,16,15.3,24.8,19.7,13.3,1,4.1,9.2,13.8,18.2,4.2,4.2,4.2,3.3,5.2,8.3,11.9,15.4,14182619
2021:Q1,BabyBoom,50.2,42.6,43.1,40.1,53.2,46.2,58.3,57.1,57.1,NA,64.1,66,38.7,53.9,46.7,54.8,48.1,61.8,49.7,42.9,28.1,28.1,26.4,22.9,51.7,71.3,45.3,53,42478561
2021:Q1,GenX,26.6,30.3,30.5,29.3,25.2,25.3,17.1,13.8,13.8,NA,16.5,15.9,24.7,21.5,30.6,37.5,38.5,24.3,28.7,23.9,37.6,37.6,40.5,35.1,25.9,14.4,32.2,25.3,34852506
2021:Q1,Millennial,9,14.5,13.8,18.2,6.9,12,3.3,6.5,6.5,NA,3.4,2.7,11.8,5,9.3,6.7,9.3,4.7,7.9,14.9,30.1,30.1,28.9,38.7,17.2,6,10.6,6.3,38426793
2021:Q2,Silent,14,12.3,12.3,12.2,14.7,16.3,21,22.3,22.2,25.2,15.5,14.9,23.8,19.6,13.2,0.9,3.9,8.8,14,17.9,4,4,4.1,3.1,5.3,7.4,11.7,15.2,13920512
2021:Q2,BabyBoom,49.9,42.4,42.9,39.6,52.9,46,58.4,56.7,56.7,58.1,65.2,67.2,38.8,53.6,46.9,53.6,47.5,61.2,49.7,43,27.6,27.6,25.7,22.8,50.5,72.6,45.4,52.7,42397477
2021:Q2,GenX,26.7,30.2,30.4,29.1,25.2,25.4,17.2,14.1,14,15.8,15.6,14.9,24.2,21.4,30.6,38.4,38.9,25.1,27.7,24,37.4,37.4,40.3,35.1,26.8,13.6,31.7,25.3,34903221
2021:Q2,Millennial,9.4,15,14.3,19.1,7.2,12.2,3.4,6.9,7.1,0.9,3.7,3,13.3,5.4,9.3,7.1,9.7,5,8.6,15.2,30.9,31,29.9,39,17.4,6.4,11.2,6.8,38939532
2021:Q3,Silent,13.8,12.1,12.1,12,14.5,16,20.8,22,21.7,26.3,15,14.4,22.8,19.5,13,0.9,3.7,8.4,14.2,17.6,3.9,3.9,4,2.9,5.4,6.6,11.5,15.1,13677922
2021:Q3,BabyBoom,49.7,42.2,42.8,39.3,52.7,45.8,58.5,56.8,56.7,57.6,66.3,68.4,38.8,53.6,46.9,52,47.4,60.4,49.7,42.9,27.6,27.5,25.6,22.6,48.4,73.8,45.4,52.4,42321383
2021:Q3,GenX,26.6,30.1,30.4,29,25.2,25.6,17.2,14.3,14.2,16.1,14.5,13.8,23.8,21.2,30.5,39.5,39,25.9,26.8,24,37.4,37.4,40.2,35.1,28.3,12.8,31.6,25.3,34958169
2021:Q3,Millennial,9.9,15.5,14.8,19.7,7.6,12.5,3.5,7,7.4,0,4.1,3.4,14.6,5.7,9.5,7.5,10,5.3,9.3,15.5,31.2,31.3,30.2,39.3,18,6.7,11.6,7.2,39425878
2021:Q4,Silent,13.7,11.9,11.9,11.9,14.4,15.6,20.6,21.4,21.4,NA,14.6,14.1,21.9,19.4,12.9,1,3.5,8.1,14.3,17.4,3.7,3.7,3.9,2.8,5.6,5.8,11.3,14.9,13456262
2021:Q4,BabyBoom,49.4,42.1,42.6,39.1,52.4,45.6,58.5,56.3,56.3,NA,67.2,69.3,38.9,53.5,47,50.3,46.9,59.7,49.8,42.9,27.4,27.4,25.5,22.5,44.6,74.8,45.4,52.1,42250874
2021:Q4,GenX,26.7,30.2,30.4,28.8,25.3,25.9,17.4,14.4,14.4,NA,13.8,13.1,23.3,21.1,30.5,40.7,39.3,26.7,26.1,24,37.3,37.3,40.1,35.2,30.5,12.4,31.5,25.4,35017494
2021:Q4,Millennial,10.2,15.8,15.1,20.2,8,13,3.5,7.9,7.9,NA,4.4,3.5,15.9,6,9.7,8,10.3,5.5,9.8,15.7,31.5,31.6,30.6,39.5,19.4,6.9,11.8,7.6,39884139
2022:Q1,Silent,13.4,11.6,11.6,11.7,14.2,15.3,20.4,21,21,NA,14.1,13.6,21,19.3,12.7,1.3,3.3,7.8,14.4,17.1,3.6,3.6,3.8,2.7,5.7,5.1,11.3,14.6,13256946
2022:Q1,BabyBoom,49,41.9,42.4,38.8,52.1,45.3,58.6,56.5,56.5,NA,68.5,70.5,39,53.7,46.8,47.2,47.1,58.1,49.9,42.9,27.8,27.7,26,22.4,42.8,75.7,45.3,51.6,42186543
2022:Q1,GenX,26.7,29.9,30.1,28.7,25.3,26,17.4,14.5,14.5,NA,12.3,11.6,23.2,20.8,30.3,42.8,39.1,27.9,25.5,24,37.4,37.4,40.1,35.2,31.7,12.1,32,25.4,35081340
2022:Q1,Millennial,10.9,16.6,15.9,20.8,8.3,13.3,3.6,8,8,NA,5.1,4.3,16.8,6.2,10.1,8.8,10.5,6.2,10.2,16,31.2,31.2,30,39.6,19.9,7.1,11.4,8.4,40312623
2022:Q2,Silent,13.2,11.4,11.4,11.7,14,15.2,20.2,20.5,20.5,NA,13.8,13.4,20.1,19.3,12.5,1.6,3.1,7.6,14.5,16.9,3.5,3.5,3.7,2.5,5.8,4.3,11.2,14.4,13081388
2022:Q2,BabyBoom,48.6,41.8,42.3,38.7,52,45.2,58.6,57.1,57.1,NA,69.1,71.1,39.1,54.3,46.5,43.5,47.8,56.6,49.9,42.8,27.3,27.3,25.7,22.4,40.6,76.2,45.3,51.4,42128986
2022:Q2,GenX,26.8,29.9,30.1,28.6,25.3,26.1,17.6,14.5,14.5,NA,12.2,11.5,23.1,20.2,30.1,45.2,38.6,29,24.8,24,37.4,37.5,40,35.3,33,12.7,31.5,25.5,35149850
2022:Q2,Millennial,11.4,16.8,16.2,20.9,8.7,13.5,3.7,7.9,7.9,NA,4.9,4.1,17.7,6.2,10.8,9.7,10.6,6.8,10.7,16.2,31.7,31.8,30.6,39.8,20.6,6.8,12,8.8,40709637
2022:Q3,Silent,13.2,11.7,11.7,11.6,14,15.1,20,19.9,19.9,NA,13.6,13.2,19.3,19.3,12.4,1.9,2.9,7.4,14.5,16.7,3.4,3.4,3.6,2.4,5.8,3.6,11.1,14.5,12931003
2022:Q3,BabyBoom,48.4,41.5,42,38.6,51.8,45.1,58.5,58.2,58.2,NA,69.5,71.6,39.1,54.5,46.4,40.1,47.9,55.3,50.1,42.8,26.6,26.5,24.7,22.2,39.1,77,45.3,51.4,42078796
2022:Q3,GenX,26.8,29.9,30.1,28.6,25.3,26.2,17.7,14.4,14.4,NA,12.3,11.5,23,19.8,30,47.5,38.4,30,24.4,24,37.3,37.4,39.7,35.4,34,12.5,31.4,25.4,35223169
2022:Q3,Millennial,11.6,16.9,16.1,21.2,8.9,13.5,3.7,7.5,7.5,NA,4.6,3.7,18.5,6.4,11.2,10.5,10.8,7.3,10.9,16.5,32.7,32.7,31.9,40,21.1,6.8,12.3,8.7,41073488
2022:Q4,Silent,12.9,11.2,11.1,11.3,13.7,14.9,19.6,19.1,19.1,NA,13.3,12.9,18.8,18.9,12.1,1.8,2.8,7.2,14.1,16.4,3.2,3.2,3.5,2.3,5.7,3.3,10.6,14.2,12616217
2022:Q4,BabyBoom,48.7,41.7,42.3,38.6,52,45.4,58.8,60.4,60.4,NA,69.6,71.7,39.3,54.6,46.7,40.4,47.6,54.8,50.4,42.9,25.9,25.9,24.2,22,38,76.6,45.5,51.8,42129056
2022:Q4,GenX,26.8,29.9,30.2,28.5,25.3,26.2,17.9,14,14,NA,12.7,12,23.2,20,30.1,47.2,38.5,30.3,24.6,24,37.2,37.3,39.4,35.2,34.4,14.1,30.3,25.3,35153503
2022:Q4,Millennial,11.6,17.2,16.4,21.6,9,13.6,3.7,6.5,6.5,NA,4.4,3.4,18.7,6.6,11.1,10.6,11,7.7,10.9,16.8,33.6,33.6,32.8,40.5,21.9,6,13.7,8.7,41714584
2023:Q1,Silent,12.8,11,10.9,11.1,13.6,14.8,19.3,18.6,18.6,NA,13.1,12.8,18.5,18.6,12,1.6,2.8,7.1,13.9,16.1,3.1,3.1,3.4,2.2,5.6,3.2,10.5,14.1,12401102
2023:Q1,BabyBoom,48.7,41.6,42.1,38.4,52.1,45.4,58.7,61.8,61.8,NA,69.5,71.7,39.2,54.4,46.8,41.7,47.1,54.8,50.4,42.7,25,25,23.1,21.7,39.2,76.4,45.3,51.9,41954714
2023:Q1,GenX,26.8,30,30.3,28.5,25.3,26.2,18.4,13.8,13.8,NA,13,12.3,23.3,20.2,30.3,46.3,38.9,30.3,24.8,24.1,37,37,39.1,35.1,33.7,14.4,30.7,25.4,35219354
2023:Q1,Millennial,11.7,17.5,16.7,22,9,13.7,3.7,5.8,5.8,NA,4.3,3.2,19.1,6.8,10.9,10.5,11.3,7.8,10.9,17.1,34.8,34.9,34.5,41,21.5,6,13.5,8.6,42471486
2023:Q2,Silent,12.6,10.7,10.6,10.9,13.5,14.7,19,18.4,18.4,NA,13,12.6,18.2,18.4,11.9,1.3,2.8,7,13.7,15.9,3.1,3.1,3.3,2.2,5.4,3.2,10.3,13.8,12184250
2023:Q2,BabyBoom,48.5,41.3,41.8,38.1,52,45.3,58.6,61.8,61.8,NA,69.5,71.7,39,54.1,46.8,42.6,46.6,54.9,50.2,42.5,24.6,24.5,22.5,21.5,39.4,76.3,45.1,51.7,41672498
2023:Q2,GenX,26.8,29.7,29.9,28.5,25.4,26.2,18.7,13.9,13.9,NA,13.1,12.4,23.4,20.5,30.4,45.7,39.2,30.3,24.8,24.2,36.8,36.8,38.9,34.9,33.5,14.2,30.8,25.5,35198477
2023:Q2,Millennial,12.1,18.4,17.7,22.5,9.1,13.8,3.7,5.9,5.9,NA,4.4,3.3,19.4,7,10.9,10.4,11.5,7.8,11.3,17.5,35.6,35.6,35.3,41.4,21.6,6.3,13.7,9.1,43120311
2023:Q3,Silent,12.4,10.5,10.5,10.8,13.3,14.6,18.8,18.2,18.2,NA,13,12.6,18,18.2,11.7,0.8,2.7,6.9,13.6,15.7,3,3,3.2,2.2,5.4,3.3,10.3,13.6,11982032
2023:Q3,BabyBoom,48.3,41,41.6,37.9,51.9,45.1,58.5,61.9,61.9,NA,69.2,71.4,38.8,54.2,46.6,45.4,46.5,54.3,50,42.3,24.2,24.2,21.9,21.4,39.2,76.3,44.9,51.5,41280798
2023:Q3,GenX,26.9,29.7,29.9,28.5,25.5,26.3,19,14,14,NA,13.9,13.1,23.4,20.5,30.5,43.9,39.1,30.6,24.9,24.2,36.6,36.6,38.7,34.8,33.5,13.7,31.2,25.6,35139721
2023:Q3,Millennial,12.4,18.8,18.1,22.8,9.3,14,3.7,5.9,5.9,NA,4,2.8,19.7,7.1,11.2,9.9,11.7,8.2,11.5,17.8,36.2,36.2,36.1,41.7,21.9,6.8,13.6,9.3,43710904
2023:Q4,Silent,12.3,10.3,10.3,10.5,13.2,14.3,18.5,17.7,17.7,NA,12.7,12.3,17.6,17.9,11.5,1.2,2.7,6.8,13.3,15.4,2.9,2.9,3.2,2.1,5.3,3.2,10.1,13.5,11727087
2023:Q4,BabyBoom,48.5,41,41.6,37.7,52,45.2,58.6,62.9,62.9,NA,69.4,71.6,38.9,54,46.7,42.6,45.9,55.3,50.2,42.3,23.9,23.8,21.5,21.2,39,76.3,44.9,51.7,41206710
2023:Q4,GenX,26.8,29.7,29.9,28.5,25.5,26.3,19.2,13.8,13.8,NA,13.6,12.9,23.5,20.8,30.6,45.5,39.5,30.1,25.1,24.3,36.4,36.5,38.5,34.6,33.5,13.8,31.5,25.6,35084699
2023:Q4,Millennial,12.4,19,18.3,23.3,9.3,14.2,3.7,5.5,5.5,NA,4.2,3.1,20,7.4,11.1,10.6,11.9,7.8,11.4,18.1,36.7,36.8,36.8,42,22.2,6.8,13.5,9.2,44162017
2024:Q1,Silent,12,10,9.9,10.2,12.9,13.9,18.1,17.4,17.4,NA,12.4,12.1,17.2,17.5,11.3,1.1,2.6,6.6,13,15,2.8,2.8,3,2,5.1,3.2,10,13.1,11455945
2024:Q1,BabyBoom,48.5,40.9,41.4,37.6,52,45.2,58.8,62.8,62.8,NA,69.6,71.8,39,53.9,47,43.4,45.5,55.5,50.4,42.3,23.5,23.5,21,21,38.6,76.4,44.9,51.6,41238411
2024:Q1,GenX,26.8,29.3,29.5,28.5,25.6,26.4,19.3,14,14,NA,13.7,13,23.6,21,30.8,44.9,39.7,30.1,25.3,24.3,36.2,36.2,38.2,34.5,33.6,13,32.1,25.7,35138171
2024:Q1,Millennial,12.7,19.8,19.2,23.7,9.4,14.5,3.8,5.8,5.8,NA,4.2,3.1,20.2,7.6,10.9,10.6,12.2,7.8,11.4,18.4,37.4,37.5,37.8,42.5,22.7,7.4,13,9.6,44783776
2024:Q2,Silent,11.7,9.6,9.6,10,12.7,13.7,17.8,17,17,NA,12.2,11.9,16.8,17.1,11.1,1,2.6,6.5,12.7,14.7,2.8,2.7,2.9,2,5,3.2,9.8,12.8,11175875
2024:Q2,BabyBoom,48.4,40.7,41.3,37.5,52.1,45.3,58.9,63.3,63.3,NA,69.7,71.9,39,53.9,47.1,43.8,45.2,55.5,50.3,42.2,23.3,23.3,20.6,20.9,38.8,76.5,44.9,51.5,41103092
2024:Q2,GenX,26.8,29,29.1,28.5,25.7,26.4,19.5,14,14,NA,13.9,13.2,23.7,21.2,30.9,44.6,39.8,30.1,25.3,24.4,35.9,36,38,34.3,33.4,12.7,32.1,25.6,35122769
2024:Q2,Millennial,13.1,20.6,20,24.1,9.5,14.6,3.8,5.7,5.7,NA,4.2,3,20.5,7.8,10.9,10.6,12.4,7.9,11.7,18.7,38,38,38.4,42.8,22.8,7.7,13.2,10,45491218
2024:Q3,Silent,11.6,9.5,9.4,9.8,12.6,13.5,17.5,16.7,16.7,NA,11.9,11.6,16.5,16.9,10.9,0.9,2.5,6.4,12.5,14.4,2.7,2.7,2.9,1.9,4.9,3.1,9.5,12.7,10950494
2024:Q3,BabyBoom,48.4,40.5,41.1,37.2,52,45.1,58.9,63.9,63.9,NA,70,72,38.8,53.7,47.1,44.3,44.7,55.5,50.2,42,23,23,20.4,20.5,38.7,76.3,44.7,51.5,40825163
2024:Q3,GenX,26.8,29.1,29.2,28.5,25.8,26.5,19.8,13.9,13.9,NA,13.3,12.6,23.9,21.4,31.1,44.2,40.1,30.1,25.4,24.5,35.8,35.8,37.9,34.1,33.3,12.6,31.5,25.7,35099613
2024:Q3,Millennial,13.2,20.9,20.3,24.5,9.7,14.9,3.8,5.5,5.5,NA,4.8,3.7,20.8,8,10.8,10.7,12.7,8,11.9,19.1,38.5,38.6,38.9,43.5,23.1,7.9,14.3,10.1,46213825
2024:Q4,Silent,11.5,9.3,9.3,9.6,12.4,13.2,17.3,16.6,16.6,NA,12,11.7,16.2,16.7,10.8,0.9,2.5,6.3,12.3,14.2,2.6,2.6,2.8,1.8,4.5,3.2,9.3,12.5,10753502
2024:Q4,BabyBoom,48.3,40.4,40.9,37,51.9,44.9,58.8,63.6,63.6,NA,69,71.5,38.7,53.6,47.1,43.3,44.5,55.6,50.1,41.9,22.6,22.6,19.7,20.3,47.3,76.4,44.6,51.4,40585450
2024:Q4,GenX,26.9,29.3,29.4,28.4,25.9,26.6,20.1,14.1,14.1,NA,16,15.3,24,21.5,31.2,44.7,40.1,30.1,25.5,24.5,35.5,35.5,37.6,34,29.4,12,31.6,25.9,35092853
2024:Q4,Millennial,13.3,21.1,20.4,24.9,9.8,15.2,3.8,5.7,5.7,NA,3,1.5,21.1,8.2,10.9,11,12.9,8,12.2,19.4,39.3,39.4,39.9,43.9,18.8,8.5,14.5,10.2,46846267
2025:Q1,Silent,11.2,9.2,9.1,9.3,12.1,12.9,17,16.3,16.3,NA,11.8,11.5,15.8,16.4,10.6,1,2.4,6.1,12.1,13.9,2.5,2.5,2.7,1.8,4.2,3.1,9.3,12.3,10561211
2025:Q1,BabyBoom,48.1,40.1,40.7,36.6,51.8,44.7,58.8,63.7,63.7,NA,69.3,71.6,38.7,53.7,46.9,42.6,44.5,55.3,50,41.7,22.3,22.2,19.4,20,53.3,76.2,44.4,51.3,40574575
2025:Q1,GenX,27.1,29.3,29.5,28.5,26,26.8,20.3,14.2,14.2,NA,15.7,15,24.3,21.6,31.3,45.2,40.1,30.3,25.7,24.7,35.4,35.4,37.5,33.9,26.7,12.1,32.8,26.1,35360735
2025:Q1,Millennial,13.6,21.4,20.7,25.6,10,15.6,3.9,5.9,5.9,NA,3.3,1.9,21.3,8.3,11.3,11.3,13,8.2,12.3,19.7,39.8,39.9,40.4,44.4,15.8,8.6,13.4,10.4,47721609
2025:Q2,Silent,11.1,8.9,8.9,9.1,12,12.7,16.7,16,16,NA,11.6,11.3,15.4,16.1,10.4,0.8,2.4,6,11.8,13.6,2.5,2.4,2.6,1.7,4.1,3.1,9.1,12.1,10396569
2025:Q2,BabyBoom,48,39.9,40.5,36.3,51.7,44.7,58.9,63.9,63.9,NA,69.3,71.7,38.6,53.5,47,43.4,43.9,55.2,50,41.6,22.1,22,19.1,19.8,54.6,76.2,44.3,51.1,40578552
2025:Q2,GenX,27.1,29.1,29.3,28.5,26.1,26.8,20.4,14.2,14.2,NA,16,15.3,24.4,21.9,31.5,44.6,40.4,30.4,25.8,24.7,35.1,35.2,37.3,33.7,26.1,11.6,32.6,26.1,35511838
2025:Q2,Millennial,13.8,22.1,21.4,26.1,10.2,15.8,4,5.9,5.9,NA,3.1,1.7,21.5,8.5,11,11.2,13.3,8.4,12.4,20,40.3,40.4,41,44.7,15.3,9.1,14,10.7,48589309
